CIE;DESCRIPCION
A00;COLERA
A000;COLERA DEBIDO A VIBRIO CHOLERAE 01, BIOTIPO CHOLERAE
A001;COLERA DEBIDO A VIBRIO CHOLERAE 01, BIOTIPO EL TOR
A009;COLERA, NO ESPECIFICADO
A01;FIEBRES TIFOIDEA Y PARATIFOIDEA
A010;FIEBRE TIFOIDEA
A011;FIEBRE PARATIFOIDEA A
A012;FIEBRE PARATIFOIDEA B
A013;FIEBRE PARATIFOIDEA C
A014;FIEBRE PARATIFOIDEA, NO ESPECIFICADA
A02;OTRAS INFECCIONES DEBIDAS A SALMONELLA
A020;ENTERITIS DEBIDA A SALMONELLA
A021;SEPSIS DEBIDA A SALMONELLA
A022;INFECCIONES LOCALIZADAS DEBIDAS A SALMONELLA
A028;OTRAS INFECCIONES ESPECIFICADAS COMO DEBIDAS A SALMONELLA
A029;INFECCION DEBIDA A SALMONELLA, NO ESPECIFICADA
A03;SHIGELOSIS
A030;SHIGELOSIS DEBIDA A SHIGELLA DYSENTERIAE
A031;SHIGELOSIS DEBIDA A SHIGELLA FLEXNERI
A032;SHIGELOSIS DEBIDA A SHIGELLA BOYDII
A033;SHIGELOSIS DEBIDA A SHIGELLA SONNEI
A038;OTRAS SHIGELOSIS
A039;SHIGELOSIS DE TIPO NO ESPECIFICADO
A04;OTRAS INFECCIONES INTESTINALES BACTERIANAS
A040;INFECCION DEBIDA A ESCHERICHIA COLI ENTEROPATOGENA
A041;INFECCION DEBIDA A ESCHERICHIA COLI ENTEROTOXIGENA
A042;INFECCION DEBIDA A ESCHERICHIA COLI ENTEROINVASIVA
A043;INFECCION DEBIDA A ESCHERICHIA COLI ENTEROHEMORRAGICA
A044;OTRAS INFECCIONES INTESTINALES DEBIDAS A ESCHERICHIA COLI
A045;ENTERITIS DEBIDA A CAMPYLOBACTER
A046;ENTERITIS DEBIDA A YERSINIA ENTEROCOLITICA
A047;ENTEROCOLITIS DEBIDA A CLOSTRIDIUM DIFFICILE
A048;OTRAS INFECCIONES INTESTINALES BACTERIANAS ESPECIFICADAS
A049;INFECCION INTESTINAL BACTERIANA, NO ESPECIFICADA
A05;OTRAS INTOXICACIONES ALIMENTARIAS BACTERIANAS, NO CLASIFICADAS EN OTRA PARTE
A050;INTOXICACION ALIMENTARIA ESTAFILOCOCICA
A051;BOTULISMO
A052;INTOXICACION ALIMENTARIA DEBIDA A CLOSTRIDIUM PERFRINGENS [CLOSTRIDIUM WELCHII]
A053;INTOXICACION ALIMENTARIA DEBIDA A VIBRIO PARAHAEMOLYTICUS
A054;INTOXICACION ALIMENTARIA DEBIDA A BACILLUS CEREUS
A058;OTRAS INTOXICACIONES ALIMENTARIAS DEBIDAS A BACTERIAS ESPECIFICADAS
A059;INTOXICACION ALIMENTARIA BACTERIANA, NO ESPECIFICADA
A06;AMEBIASIS
A060;DISENTERIA AMEBIANA AGUDA
A061;AMEBIASIS INTESTINAL CRONICA
A062;COLITIS AMEBIANA NO DISENTERICA
A063;AMEBOMA INTESTINAL
A064;ABSCESO AMEBIANO DEL HIGADO
A065;ABSCESO AMEBIANO DEL PULMON
A066;ABSCESO AMEBIANO DEL CEREBRO
A067;AMEBIASIS CUTANEA
A068;INFECCION AMEBIANA DE OTRAS LOCALIZACIONES
A069;AMEBIASIS, NO ESPECIFICADA
A07;OTRAS ENFERMEDADES INTESTINALES DEBIDAS A PROTOZOARIOS
A070;BALANTIDIASIS
A071;GIARDIASIS [LAMBLIASIS]
A072;CRIPTOSPORIDIOSIS
A073;ISOSPORIASIS
A078;OTRAS ENFERMEDADES INTESTINALES ESPECIFICADAS DEBIDAS A PROTOZOARIOS
A079;ENFERMEDAD INTESTINAL DEBIDA A PROTOZOARIOS, NO ESPECIFICADA
A08;INFECCIONES INTESTINALES DEBIDAS A VIRUS Y OTROS ORGANISMOS ESPECIFICADOS
A080;ENTERITIS DEBIDA A ROTAVIRUS
A081;GASTROENTEROPATIA AGUDA DEBIDA AL AGENTE DE NORWALK
A082;ENTERITIS DEBIDA A ADENOVIRUS
A083;OTRAS ENTERITIS VIRALES
A084;INFECCION INTESTINAL VIRAL, SIN OTRA ESPECIFICACION
A085;OTRAS INFECCIONES INTESTINALES ESPECIFICADAS
A09;OTRAS GASTROENTERITIS Y COLITIS DE ORIGEN INFECCIOSO Y NO ESPECIFICADO
A090;OTRAS GASTROENTERITIS Y COLITIS DE ORIGEN INFECCIOSO
A099;GASTROENTERITIS Y COLITIS DE ORIGEN NO ESPECIFICADO
A09X;DIARREA Y GASTROENTERITIS DE PRESUNTO ORIGEN INFECCIOSO
A15;TUBERCULOSIS RESPIRATORIA, CONFIRMADA BACTERIOLOGICA E HISTOLOGICAMENTE
A150;TUBERCULOSIS DEL PULMON, CONFIRMADA POR HALLAZGO MICROSCOPICO DEL BACILO TUBERCULOSO EN ESPUTO, CON O SIN CULTIVO
A151;TUBERCULOSIS DEL PULMON, CONFIRMADA UNICAMENTE POR CULTIVO
A152;TUBERCULOSIS DEL PULMON, CONFIRMADA HISTOLOGICAMENTE
A153;TUBERCULOSIS DEL PULMON, CONFIRMADA POR MEDIOS NO ESPECIFICADOS
A154;TUBERCULOSIS DE GANGLIOS LINFATICOS INTRATORACICOS, CONFIRMADA BACTERIOLOGICA E HISTOLOGICAMENTE
A155;TUBERCULOSIS DE LARINGE, TRAQUEA Y BRONQUIOS, CONFIRMADA BACTERIOLOGICA E HISTOLOGICAMENTE
A156;PLEURESIA TUBERCULOSA, CONFIRMADA BACTERIOLOGICA E HISTOLOGICAMENTE
A157;TUBERCULOSIS RESPIRATORIA PRIMARIA, CONFIRMADA BACTERIOLOGICA E HISTOLOGICAMENTE
A158;OTRAS TUBERCULOSIS RESPIRATORIAS, CONFIRMADAS BACTERIOLOGICA E HISTOLOGICAMENTE
A159;TUBERCULOSIS RESPIRATORIA NO ESPECIFICADA, CONFIRMADA BACTERIOLOGICA E HISTOLOGICAMENTE
A16;TUBERCULOSIS RESPIRATORIA, NO CONFIRMADA BACTERIOLOGICA O HISTOLOGICAMENTE
A160;TUBERCULOSIS DEL PULMON, CON EXAMEN BACTERIOLOGICO E HISTOLOGICO NEGATIVOS
A161;TUBERCULOSIS DE PULMON, SIN EXAMEN BACTERIOLOGICO E HISTOLOGICO
A162;TUBERCULOSIS DE PULMON, SIN MENCION DE CONFIRMACION BACTERIOLOGICA O HISTOLOGICA
A163;TUBERCULOSIS DE GANGLIOS LINFATICOS INTRATORACICOS, SIN MENCION DE CONFIRMACION BACTERIOLOGICA O HISTOLOGICA
A164;TUBERCULOSIS DE LARINGE, TRAQUEA Y BRONQUIOS, SIN MENCION DE CONFIRMACION BACTERIOLOGICA O HISTOLOGICA
A165;PLEURESIA TUBERCULOSA, SIN MENCION DE CONFIRMACION BACTERIOLOGICA O HISTOLOGICA
A167;TUBERCULOSIS RESPIRATORIA PRIMARIA, SIN MENCION DE CONFIRMACION BACTERIOLOGICA O HISTOLOGICA
A168;OTRAS TUBERCULOSIS RESPIRATORIAS, SIN MENCION DE CONFIRMACION
A169;TUBERCULOSIS RESPIRATORIA NO ESPECIFICADA, SIN MENCION DE CONFIRMACION BACTERIOLOGICA O HISTOLOGICA
A17;TUBERCULOSIS DEL SISTEMA NERVIOSO
A170;MENINGITIS TUBERCULOSA
A171;TUBERCULOMA MENINGEO
A178;OTRAS TUBERCULOSIS DEL SISTEMA NERVIOSO
A179;TUBERCULOSIS DEL SISTEMA NERVIOSO, NO ESPECIFICADA
A18;TUBERCULOSIS DE OTROS ORGANOS
A180;TUBERCULOSIS DE HUESOS Y ARTICULACIONES
A181;TUBERCULOSIS DEL APARATO GENITOURINARIO
A182;LINFADENOPATIA PERIFERICA TUBERCULOSA
A183;TUBERCULOSIS DE LOS INTESTINOS, EL PERITONEO Y LOS GANGLIOS MESENTERICOS
A184;TUBERCULOSIS DE LA PIEL Y EL TEJIDO SUBCUTANEO
A185;TUBERCULOSIS DEL OJO
A186;TUBERCULOSIS DEL OIDO
A187;TUBERCULOSIS DE GLANDULAS SUPRARRENALES
A188;TUBERCULOSIS DE OTROS ORGANOS ESPECIFICADOS
A19;TUBERCULOSIS MILIAR
A190;TUBERCULOSIS MILIAR AGUDA DE UN SOLO SITIO ESPECIFICADO
A191;TUBERCULOSIS MILIAR AGUDA DE SITIOS MULTIPLES
A192;TUBERCULOSIS MILIAR AGUDA, NO ESPECIFICADA
A198;OTRAS TUBERCULOSIS MILIARES
A199;TUBERCULOSIS MILIAR, SIN OTRA ESPECIFICACION
A20;PESTE
A200;PESTE BUBONICA
A201;PESTE CELULOCUTANEA
A202;PESTE NEUMONICA
A203;MENINGITIS POR PESTE
A207;PESTE SEPTICEMICA
A208;OTRAS FORMAS DE PESTE
A209;PESTE, NO ESPECIFICADA
A21;TULAREMIA
A210;TULAREMIA ULCEROGLANDULAR
A211;TULAREMIA OCULOGLANDULAR
A212;TULAREMIA PULMONAR
A213;TULAREMIA GASTROINTESTINAL
A217;TULAREMIA GENERALIZADA
A218;OTRAS FORMAS DE TULAREMIA
A219;TULAREMIA, NO ESPECIFICADA
A22;CARBUNCO [ANTRAX]
A220;CARBUNCO CUTANEO
A221;CARBUNCO PULMONAR
A222;CARBUNCO GASTROINTESTINAL
A227;CARBUNCO SEPTICO
A228;OTRAS FORMAS DE CARBUNCO
A229;CARBUNCO, NO ESPECIFICADO
A23;BRUCELOSIS
A230;BRUCELOSIS DEBIDA A BRUCELLA MELITENSIS
A231;BRUCELOSIS DEBIDA A BRUCELLA ABORTUS
A232;BRUCELOSIS DEBIDA A BRUCELLA SUIS
A233;BRUCELOSIS DEBIDA A BRUCELLA CANIS
A238;OTRAS BRUCELOSIS
A239;BRUCELOSIS, NO ESPECIFICADA
A24;MUERMO Y MELIOIDOSIS
A240;MUERMO
A241;MELIOIDOSIS AGUDA Y FULMINANTE
A242;MELIOIDOSIS SUBAGUDA Y CRONICA
A243;OTRAS MELIOIDOSIS
A244;MELIOIDOSIS, NO ESPECIFICADA
A25;FIEBRE POR MORDEDURA DE RATA
A250;ESPIRILOSIS
A251;ESTREPTOBACILOSIS
A259;FIEBRE POR MORDEDURA DE RATA, NO ESPECIFICADA
A26;ERISIPELOIDE
A260;ERISIPELOIDE CUTANEO
A267;SEPSIS POR ERYSIPELOTHRIX
A268;OTRAS FORMAS DE ERISIPELOIDE
A269;ERISIPELOIDE, NO ESPECIFICADA
A27;LEPTOSPIROSIS
A270;LEPTOSPIROSIS ICTEROHEMORRAGICA
A278;OTRAS FORMAS DE LEPTOSPIROSIS
A279;LEPTOSPIROSIS, NO ESPECIFICADA
A28;OTRAS ENFERMEDADES ZOONOTICAS BACTERIANAS, NO CLASIFICADAS EN OTRA PARTE
A280;PASTEURELOSIS
A281;ENFERMEDAD POR RASGUÑO DE GATO
A282;YERSINIOSIS EXTRAINTESTINAL
A288;OTRAS ENFERMEDADES ZOONOTICAS BACTERIANAS ESPECIFICADAS, NO CLASIFICADAS EN OTRA PARTE
A289;ENFERMEDAD ZOONOTICA BACTERIANA, SIN OTRA ESPECIFICACION
A30;LEPRA [ENFERMEDAD DE HANSEN]
A300;LEPRA INDETERMINADA
A301;LEPRA TUBERCULOIDE
A302;LEPRA TUBERCULOIDE LIMITROFE
A303;LEPRA LIMITROFE
A304;LEPRA LEPROMATOSA LIMITROFE
A305;LEPRA LEPROMATOSA
A308;OTRAS FORMAS DE LEPRA
A309;LEPRA, NO ESPECIFICADA
A31;INFECCIONES DEBIDAS A OTRAS MICOBACTERIAS
A310;INFECCIONES POR MICOBACTERIAS PULMONARES
A311;INFECCION CUTANEA POR MICOBACTERIAS
A318;OTRAS INFECCIONES POR MICOBACTERIAS
A319;INFECCION POR MICOBACTERIA, NO ESPECIFICADA
A32;LISTERIOSIS
A320;LISTERIOSIS CUTANEA
A321;MENINGITIS Y MENINGOENCEFALITIS LISTERIANA
A327;SEPSIS LISTERIANA
A328;OTRAS FORMAS DE LISTERIOSIS
A329;LISTERIOSIS, NO ESPECIFICADA
A33X;TETANOS NEONATAL
A34X;TETANOS OBSTETRICO
A35X;OTROS TETANOS
A36;DIFTERIA
A360;DIFTERIA FARINGEA
A361;DIFTERIA NASOFARINGEA
A362;DIFTERIA LARINGEA
A363;DIFTERIA CUTANEA
A368;OTRAS DIFTERIAS
A369;DIFTERIA, NO ESPECIFICADA
A37;TOS FERINA [TOS CONVULSIVA]
A370;TOS FERINA DEBIDA A BORDETELLA PERTUSSIS
A371;TOS FERINA DEBIDA A BORDETELLA PARAPERTUSSIS
A378;TOS FERINA DEBIDA A OTRAS ESPECIES DE BORDETELLA
A379;TOS FERINA, NO ESPECIFICADA
A38X;ESCARLATINA
A39;ENFERMEDAD MENINGOCOCICA
A390;MENINGITIS MENINGOCOCICA
A391;SINDROME DE WATERHOUSE-FRIDERICHSEN
A392;MENINGOCOCEMIA AGUDA
A393;MENINGOCOCEMIA CRONICA
A394;MENINGOCOCEMIA, NO ESPECIFICADA
A395;ENFERMEDAD CARDIACA DEBIDA A MENINGOCOCO
A398;OTRAS FORMAS DE ENFERMEDAD MENINGOCOCICA
A399;ENFERMEDAD MENINGOCOCICA, NO ESPECIFICADA
A40;SEPSIS ESTREPTOCOCICA
A400;SEPSIS DEBIDA A ESTREPTOCOCO, GRUPO A
A401;SEPSIS DEBIDA A ESTREPTOCOCO, GRUPO B
A402;SEPSIS DEBIDA A ESTREPTOCOCO, GRUPO D Y ENTEROCOCO
A403;SEPSIS DEBIDA A STREPTOCOCCUS PNEUMONIAE
A408;OTRAS SEPSIS ESTREPTOCOCICAS
A409;SEPSIS ESTREPTOCOCICA, NO ESPECIFICADA
A41;OTRAS SEPSIS
A410;SEPSIS DEBIDA A STAPHYLOCOCCUS AUREUS
A411;SEPSIS DEBIDA A OTRO ESTAFILOCOCO ESPECIFICADO
A412;SEPSIS DEBIDA A ESTAFILOCOCO NO ESPECIFICADO
A413;SEPSIS DEBIDA A HAEMOPHILUS INFLUENZAE
A414;SEPSIS DEBIDA A ANAEROBIOS
A415;SEPSIS DEBIDA A OTROS ORGANISMOS GRAMNEGATIVOS
A418;OTRAS SEPSIS ESPECIFICADAS
A419;SEPSIS, NO ESPECIFICADA
A42;ACTINOMICOSIS
A420;ACTINOMICOSIS PULMONAR
A421;ACTINOMICOSIS ABDOMINAL
A422;ACTINOMICOSIS CERVICOFACIAL
A427;SEPSIS ACTINOMICOTICA
A428;OTRAS FORMAS DE ACTINOMICOSIS
A429;ACTINOMICOSIS, SIN OTRA ESPECIFICACION
A43;NOCARDIOSIS
A430;NOCARDIOSIS PULMONAR
A431;NOCARDIOSIS CUTANEA
A438;OTRAS FORMAS DE NOCARDIOSIS
A439;NOCARDIOSIS, NO ESPECIFICADA
A44;BARTONELOSIS
A440;BARTONELOSIS SISTEMICA
A441;BARTONELOSIS CUTANEA Y MUCOCUTANEA
A448;OTRAS FORMAS DE BARTONELOSIS
A449;BARTONELOSIS, NO ESPECIFICADA
A46X;ERISIPELA
A48;OTRAS ENFERMEDADES BACTERIANAS, NO CLASIFICADAS EN OTRA PARTE
A480;GANGRENA GASEOSA
A481;ENFERMEDAD DE LOS LEGIONARIOS
A482;ENFERMEDAD DE LOS LEGIONARIOS NO NEUMONICA (FIEBRE DE PONTIAC)
A483;SINDROME DEL CHOQUE TOXICO
A484;FIEBRE PURPURICA BRASILEÑA
A488;OTRAS ENFERMEDADES BACTERIANAS ESPECIFICADAS
A49;INFECCION BACTERIANA DE SITIO NO ESPECIFICADO
A490;INFECCION ESTAFILOCOCICA, SITIO NO ESPECIFICADO
A491;INFECCION ESTREPTOCOCICA Y ENTEROCOCICA DE SITIO NO ESPECIFICADO
A492;INFECCION POR HAEMOPHILUS INFLUENZAE, SITIO NO ESPECIFICADO
A493;INFECCION POR MICOPLASMA, SITIO NO ESPECIFICADO
A498;OTRAS INFECCIONES BACTERIANAS DE SITIO NO ESPECIFICADO
A499;INFECCION BACTERIANA, NO ESPECIFICADA
A50;SIFILIS CONGENITA
A500;SIFILIS CONGENITA PRECOZ, SINTOMATICA
A501;SIFILIS CONGENITA PRECOZ, LATENTE
A502;SIFILIS CONGENITA PRECOZ, SIN OTRA ESPECIFICACION
A503;OCULOPATIA SIFILITICA CONGENITA TARDIA
A504;NEUROSIFILIS CONGENITA TARDIA [NEUROSIFILIS JUVENIL]
A505;OTRAS FORMAS DE SIFILIS CONGENITA TARDIA, SINTOMATICA
A506;SIFILIS CONGENITA TARDIA, LATENTE
A507;SIFILIS CONGENITA TARDIA, SIN OTRA ESPECIFICACION
A509;SIFILIS CONGENITA, SIN OTRA ESPECIFICACION
A51;SIFILIS PRECOZ
A510;SIFILIS GENITAL PRIMARIA
A511;SIFILIS PRIMARIA ANAL
A512;SIFILIS PRIMARIA EN OTROS SITIOS
A513;SIFILIS SECUNDARIA DE PIEL Y MEMBRANAS MUCOSAS
A514;OTRAS SIFILIS SECUNDARIAS
A515;SIFILIS PRECOZ, LATENTE
A519;SIFILIS PRECOZ, SIN OTRA ESPECIFICACION
A52;SIFILIS TARDIA
A520;SIFILIS CARDIOVASCULAR
A521;NEUROSIFILIS SINTOMATICA
A522;NEUROSIFILIS ASINTOMATICA
A523;NEUROSIFILIS NO ESPECIFICADA
A527;OTRAS SIFILIS TARDIAS SINTOMATICAS
A528;SIFILIS TARDIA, LATENTE
A529;SIFILIS TARDIA, NO ESPECIFICADA
A53;OTRAS SIFILIS Y LAS NO ESPECIFICADAS
A530;SIFILIS LATENTE, NO ESPECIFICADA COMO PRECOZ O TARDIA
A539;SIFILIS, NO ESPECIFICADA
A54;INFECCION GONOCOCICA
A540;INFECCION GONOCOCICA DEL TRACTO GENITOURINARIO INFERIOR SIN ABSCESO PERIURETRAL Y DE GLANDULA ACCESORIA
A541;INFECCION GONOCOCICA DEL TRACTO GENITOURINARIO INFERIOR CON ABSCESO PERIURETRAL Y DE GLANDULAS ACCESORIAS
A542;PELVIPERITONITIS GONOCOCICA Y OTRAS INFECCIONES GONOCOCICAS GENITOURINARIAS
A543;INFECCION GONOCOCICA DEL OJO
A544;INFECCION GONOCOCICA DEL SISTEMA OSTEOMUSCULAR
A545;FARINGITIS GONOCOCICA
A546;INFECCION GONOCOCICA DEL ANO Y DEL RECTO
A548;OTRAS INFECCIONES GONOCOCICAS
A549;INFECCION GONOCOCICA, NO ESPECIFICADA
A55X;LINFOGRANULOMA (VENEREO) POR CLAMIDIAS
A56;OTRAS ENFERMEDADES DE TRANSMISION SEXUAL DEBIDAS A CLAMIDIAS
A560;INFECCION DEL TRACTO GENITOURINARIO INFERIOR DEBIDA A CLAMIDIAS
A561;INFECCION DEL PELVIPERITONEO Y OTROS ORGANOS GENITOURINARIOS DEBIDA A CLAMIDIAS
A562;INFECCIONES DEL TRACTO GENITOURINARIO DEBIDAS A CLAMIDIAS, SIN OTRA ESPECIFICACION
A563;INFECCION DEL ANO Y DEL RECTO DEBIDA A CLAMIDIAS
A564;INFECCION DE FARINGE DEBIDA A CLAMIDIAS
A568;INFECCION DE TRANSMISION SEXUAL DE OTROS SITIOS DEBIDA A CLAMIDIAS
A57X;CHANCRO BLANDO
A58X;GRANULOMA INGUINAL
A59;TRICOMONIASIS
A590;TRICOMONIASIS UROGENITAL
A598;TRICOMONIASIS DE OTROS SITOS
A599;TRICOMONIASIS, NO ESPECIFICADA
A60;INFECCION ANOGENITAL DEBIDA A VIRUS DEL HERPES [HERPES SIMPLE]
A600;INFECCION DE GENITALES Y TRAYECTO UROGENITAL DEBIDA A VIRUS DEL HERPES [HERPES SIMPLE]
A601;INFECCION DE LA PIEL PERIANAL Y RECTO POR VIRUS DEL HERPES SIMPLE
A609;INFECCION ANOGENITAL POR VIRUS DEL HERPES SIMPLE, SIN OTRA ESPECIFICACION
A63;OTRAS ENFERMEDADES DE TRANSMISION PREDOMINANTEMENTE SEXUAL, NO CLASIFICADAS EN OTRA PARTE
A630;VERRUGAS (VENEREAS) ANOGENITALES
A638;OTRAS ENFERMEDADES DE TRANSMISION PREDOMINANTEMENTE SEXUAL, ESPECIFICADAS
A64X;ENFERMEDAD DE TRANSMISION SEXUAL NO ESPECIFICADA
A65X;SIFILIS NO VENEREA
A66;FRAMBESIA
A660;LESIONES INICIALES DE FRAMBESIA
A661;LESIONES PAPILOMATOSAS MULTIPLES Y FRAMBESIA CON PASO DE CANGREJO
A662;OTRAS LESIONES PRECOCES DE LA PIEL EN LA FRAMBESIA
A663;HIPERQUERATOSIS DE FRAMBESIA
A664;GOMA Y ULCERAS DE FRAMBESIA
A665;GANGOSA
A666;LESIONES FRAMBESICAS DE LOS HUESOS Y DE LAS ARTICULACIONES
A667;OTRAS MANIFESTACIONES DE FRAMBESIA
A668;FRAMBESIA LATENTE
A669;FRAMBESIA, NO ESPECIFICADA
A67;PINTA [CARATE]
A670;LESIONES PRIMARIAS DE LA PINTA
A671;LESIONES INTERMEDIAS DE LA PINTA
A672;LESIONES TARDIAS DE LA PINTA
A673;LESIONES MIXTAS DE LA PINTA
A679;PINTA, NO ESPECIFICADA
A68;FIEBRES RECURRENTES
A680;FIEBRE RECURRENTE TRANSMITIDA POR PIOJOS
A681;FIEBRE RECURRENTE TRANSMITIDA POR GARRAPATAS
A689;FIEBRE RECURRENTE, NO ESPECIFICADA
A69;OTRAS INFECCIONES CAUSADAS POR ESPIROQUETAS
A690;ESTOMATITIS ULCERATIVA NECROTIZANTE
A691;OTRAS INFECCIONES DE VINCENT
A692;ENFERMEDAD DE LYME
A698;OTRAS INFECCIONES ESPECIFICADAS POR ESPIROQUETAS
A699;INFECCION POR ESPIROQUETA, NO ESPECIFICADA
A70X;INFECCION DEBIDA A CHLAMYDIA PSITTACI
A71;TRACOMA
A710;ESTADO INICIAL DE TRACOMA
A711;ESTADO ACTIVO DE TRACOMA
A719;TRACOMA, NO ESPECIFICADO
A74;OTRAS ENFERMEDADES CAUSADAS POR CLAMIDIAS
A740;CONJUNTIVITIS POR CLAMIDIAS
A748;OTRAS ENFERMEDADES POR CLAMIDIAS
A749;INFECCION POR CLAMIDIAS, NO ESPECIFICADA
A75;TIFUS
A750;TIFUS EPIDEMICO DEBIDO A RICKETTSIA PROWAZEKII TRANSMITIDO POR PIOJOS
A751;TIFUS RECRUDESCENTE [ENFERMEDAD DE BRILL]
A752;TIFUS DEBIDO A RICKETTSIA TYPHI
A753;TIFUS DEBIDO A RICKETTSIA TSUTSUGAMUSHI
A759;TIFUS, NO ESPECIFICADO
A77;FIEBRE MACULOSA [RICKETTSIOSIS TRANSMITIDA POR GARRAPATAS]
A770;FIEBRE MACULOSA DEBIDA A RICKETTSIA RICKETTSII
A771;FIEBRE MACULOSA DEBIDA A RICKETTSIA CONORII
A772;FIEBRE MACULOSA DEBIDA A RICKETTSIA SIBERICA
A773;FIEBRE MACULOSA DEBIDA A RICKETTSIA AUSTRALIS
A778;OTRAS FIEBRES MACULOSAS
A779;FIEBRE MACULOSA, NO ESPECIFICADA
A78X;FIEBRE Q
A79;OTRAS RICKETTSIOSIS
A790;FIEBRE DE LAS TRINCHERAS
A791;RICKETTSIOSIS PUSTULOSA DEBIDA A RICKETTSIA AKARI
A798;OTRAS RICKETTSIOSIS ESPECIFICADAS
A799;RICKETTSIOSIS, NO ESPECIFICADA
A80;POLIOMIELITIS AGUDA
A800;POLIOMIELITIS AGUDA PARALITICA, ASOCIADA A VACUNA
A801;POLIOMIELITIS AGUDA PARALITICA DEBIDA A VIRUS SALVAJE IMPORTADO
A802;POLIOMIELITIS AGUDA PARALITICA DEBIDA A VIRUS SALVAJE AUTOCTONO
A803;OTRAS POLIOMIELITIS AGUDAS PARALITICAS Y LAS NO ESPECIFICADAS
A804;POLIOMIELITIS AGUDA NO PARALITICA
A809;POLIOMIELITIS AGUDA, SIN OTRA ESPECIFICACION
A81;INFECCIONES DEL SISTEMA NERVIOSO CENTRAL POR VIRUS ATIPICO
A810;ENFERMEDAD DE CREUTZFELDT-JAKOB
A811;PANENCEFALITIS ESCLEROSANTE SUBAGUDA
A812;LEUCOENCEFALOPATIA MULTIFOCAL PROGRESIVA
A818;OTRAS INFECCIONES DEL SISTEMA NERVIOSO CENTRAL POR VIRUS ATIPICO
A819;INFECCIONES DEL SISTEMA NERVIOSO CENTRAL POR VIRUS ATIPICO, SIN OTRA ESPECIFICACION
A82;RABIA
A820;RABIA SELVATICA
A821;RABIA URBANA
A829;RABIA, SIN OTRA ESPECIFICACION
A83;ENCEFALITIS VIRAL TRANSMITIDA POR MOSQUITOS
A830;ENCEFALITIS JAPONESA
A831;ENCEFALITIS EQUINA DEL OESTE
A832;ENCEFALITIS EQUINA DEL ESTE
A833;ENCEFALITIS DE SAN LUIS
A834;ENCEFALITIS AUSTRALIANA
A835;ENCEFALITIS DE CALIFORNIA
A836;ENFERMEDAD POR VIRUS ROCIO
A838;OTRAS ENCEFALITIS VIRALES TRANSMITIDAS POR MOSQUITOS
A839;ENCEFALITIS VIRAL TRANSMITIDA POR MOSQUITOS, SIN OTRA ESPECIFICACION
A84;ENCEFALITIS VIRAL TRANSMITIDA POR GARRAPATAS
A840;ENCEFALITIS DEL LEJANO ORIENTE TRANSMITIDA POR GARRAPATAS [ENCEFALITIS PRIMAVEROESTIVAL RUSA]
A841;ENCEFALITIS CENTROEUROPEA TRANSMITIDA POR GARRAPATAS
A848;OTRAS ENCEFALITIS VIRALES TRANSMITIDA POR GARRAPATAS
A849;ENCEFALITIS VIRAL TRANSMITIDA POR GARRAPATAS, SIN OTRA ESPECIFICACION
A85;OTRAS ENCEFALITIS VIRALES, NO CLASIFICADAS EN OTRA PARTE
A850;ENCEFALITIS ENTEROVIRAL
A851;ENCEFALITIS POR ADENOVIRUS
A852;ENCEFALITIS VIRAL TRANSMITIDA POR ARTROPODOS, SIN OTRA ESPECIFCACION
A858;OTRAS ENCEFALITIS VIRALES ESPECIFCADAS
A86X;ENCEFALITIS VIRAL, NO ESPECIFICADA
A87;MENINGITIS VIRAL
A870;MENINGITIS ENTEROVIRAL
A871;MENINGITIS DEBIDA A ADENOVIRUS
A872;CORIOMENINGITIS LINFOCITICA
A878;OTRAS MENINGITIS VIRALES
A879;MENINGITIS VIRAL, SIN OTRA ESPECIFICACION
A88;OTRAS INFECCIONES VIRALES DEL SISTEMA NERVIOSO CENTRAL, NO CLASIFICADAS EN OTRA PARTE
A880;FIEBRE EXANTEMATICA ENTEROVIRAL [EXANTEMA DE BOSTON]
A881;VERTIGO EPIDEMICO
A888;OTRAS INFECCIONES VIRALES ESPECIFICADAS DEL SISTEMA NERVIOSO CENTRAL
A89X;INFECCION VIRAL DEL SISTEMA NERVIOSO CENTRAL, NO ESPECIFICADA
A92;OTRAS FIEBRES VIRALES TRANSMITIDAS POR MOSQUITOS
A920;ENFERMEDAD POR VIRUS CHIKUNGUNYA
A921;FIEBRE DE ONYONG-NYONG
A922;FIEBRE EQUINA VENEZOLANA
A923;INFECCION POR VIRUS DEL OESTE DEL NILO
A924;FIEBRE DEL VALLE DEL RIFT
A928;OTRAS FIEBRES VIRALES ESPECIFICADAS TRANSMITIDAS POR MOSQUITOS
A929;FIEBRE VIRAL TRANSMITIDA POR MOSQUITO, SIN OTRA ESPECIFICACION
A93;OTRAS FIEBRES VIRALES TRANSMITIDAS POR ARTROPODOS, NO CLASIFICADAS EN OTRA PARTE
A930;ENFERMEDAD POR VIRUS DE OROPOUCHE
A931;FIEBRE TRANSMITIDA POR FLEBOTOMOS
A932;FIEBRE DE COLORADO TRANSMITIDA POR GARRAPATAS
A938;OTRAS FIEBRES VIRALES ESPECIFICADAS TRANSMITIDAS POR ARTROPODOS
A94X;FIEBRE VIRAL TRANSMITIDA POR ARTROPODOS, NO ESPECIFICADA
A95;FIEBRE AMARILLA
A950;FIEBRE AMARILLA SELVATICA
A951;FIEBRE AMARILLA URBANA
A959;FIEBRE AMARILLA, NO ESPECIFICADA
A96;FIEBRE HEMORRAGICA POR ARENAVIRUS
A960;FIEBRE HEMORRAGICA DE JUNIN
A961;FIEBRE HEMORRAGICA DE MACHUPO
A962;FIEBRE DE LASSA
A968;OTRAS FIEBRES HEMORRAGICAS POR ARENAVIRUS
A969;FIEBRE HEMORRAGICA POR ARENAVIRUS, SIN OTRA ESPECIFICACION
A97;DENGUE
A970;DENGUE SIN SIGNOS DE ALARMA
A971;DENGUE CON SIGNOS DE ALARMA
A972;DENGUE SEVERO
A979;DENGUE, NO ESPECIFICADO
A98;OTRAS FIEBRES VIRALES HEMORRAGICAS, NO CLASIFICADAS EN OTRA PARTE
A980;FIEBRE HEMORRAGICA DE CRIMEA-CONGO
A981;FIEBRE HEMORRAGICA DE OMSK
A982;ENFERMEDAD DE LA SELVA KYASANUR
A983;ENFERMEDAD POR EL VIRUS DE MARBURG
A984;ENFERMEDAD POR EL VIRUS DE EBOLA
A985;FIEBRES HEMORRAGICAS CON SINDROME RENAL
A988;OTRAS FIEBRES HEMORRAGICAS VIRALES ESPECIFICADAS
A99X;FIEBRE VIRAL HEMORRAGICA, NO ESPECIFICADA
B00;INFECCIONES HERPETICA [HERPES SIMPLE]
B000;ECZEMA HERPETICO
B001;DERMATITIS VESICULAR HERPETICA
B002;GINGIVOESTOMATITIS Y FARINGOAMIGDALITIS HERPETICA
B003;MENINGITIS HERPETICA
B004;ENCEFALITIS HERPETICA
B005;OCULOPATIA HERPETICA
B007;ENFERMEDAD HERPETICA DISEMINADA
B008;OTRAS FORMAS DE INFECCIONES HERPETICAS
B009;INFECCION DEBIDA AL VIRUS DEL HERPES, NO ESPECIFICADA
B01;VARICELA
B010;MENINGITIS DEBIDA A VARICELA
B011;ENCEFALITIS DEBIDA A VARICELA
B012;NEUMONIA DEBIDA A VARICELA
B018;VARICELA CON OTRAS COMPLICACIONES
B019;VARICELA SIN COMPLICACIONES
B02;HERPES ZOSTER
B020;ENCEFALITIS DEBIDA A HERPES ZOSTER
B021;MENINGITIS DEBIDA A HERPES ZOSTER
B022;HERPES ZOSTER CON OTROS COMPROMISOS DEL SISTEMA NERVIOSO
B023;HERPES ZOSTER OCULAR
B027;HERPES ZOSTER DISEMINADO
B028;HERPES ZOSTER CON OTRAS COMPLICACIONES
B029;HERPES ZOSTER SIN COMPLICACIONES
B03X;VIRUELA
B04X;VIRUELA DE LOS MONOS
B05;SARAMPION
B050;SARAMPION COMPLICADO CON ENCEFALITIS
B051;SARAMPION COMPLICADO CON MENINGITIS
B052;SARAMPION COMPLICADO CON NEUMONIA
B053;SARAMPION COMPLICADO CON OTITIS MEDIA
B054;SARAMPION CON COMPLICACIONES INTESTINALES
B058;SARAMPION CON OTRAS COMPLICACIONES
B059;SARAMPION SIN COMPLICACIONES
B06;RUBEOLA [SARAMPION ALEMAN]
B060;RUBEOLA CON COMPLICACIONES NEUROLOGICAS
B068;RUBEOLA CON OTRAS COMPLICACIONES
B069;RUBEOLA SIN COMPLICACIONES
B07X;VERRUGAS VIRICAS
B08;OTRAS INFECIONES VIRICAS CARACTERIZADAS POR LESIONES DE LA PIEL Y DE LAS MEMBRANAS MUCOSAS, NO CLASIFICADAS EN OTRA PARTE
B080;OTRAS INFECCIONES DEBIDAS A ORTOPOXVIRUS
B081;MOLUSCO CONTAGIOSO
B082;EXANTEMA SUBITO [SEXTA ENFERMEDAD]
B083;ERITEMA INFECCIOSO [QUINTA ENFERMEDAD]
B084;ESTOMATITIS VESICULAR ENTEROVIRAL CON EXANTEMA
B085;FARINGITIS VESICULAR ENTEROVIRICA
B088;OTRAS INFECCIONES VIRALES ESPECIFICADAS, CARACTERIZADAS POR LESIONES DE LA PIEL Y DE LAS MEMBRANAS MUCOSAS
B09X;INFECCION VIRAL NO ESPECIFICADA, CARACTERIZADA POR LESIONES DE LA PIEL Y DE LAS MEMBRANAS MUCOSAS
B15;HEPATITIS AGUDA TIPO A
B150;HEPATITIS AGUDA TIPO A, CON COMA HEPATICO
B159;HEPATITIS AGUDA TIPO A, SIN COMA HEPATICO
B16;HEPATITIS AGUDA TIPO B
B160;HEPATITIS AGUDA TIPO B, CON AGENTE DELTA (COINFECCION), CON COMA HEPATICO
B161;HEPATITIS AGUDA TIPO B, CON AGENTE DELTA (COINFECCION), SIN COMA HEPATICO
B162;HEPATITIS AGUDA TIPO B, SIN AGENTE DELTA, CON COMA HEPATICO
B169;HEPATITIS AGUDA TIPO B, SIN AGENTE DELTA Y SIN COMA HEPATICO
B17;OTRAS HEPATITIS VIRALES AGUDAS
B170;INFECCION (SUPERINFECCION) AGUDA POR AGENTE DELTA EN LA HEPATITIS B CRONICA
B171;HEPATITIS AGUDA TIPO C
B172;HEPATITIS AGUDA TIPO E
B178;OTRAS HEPATITIS VIRALES AGUDAS ESPECIFICADAS
B179;HEPATITIS VIRAL AGUDA NO ESPECIFICADA
B18;HEPATITIS VIRAL CRONICA
B180;HEPATITIS VIRAL TIPO B CRONICA, CON AGENTE DELTA
B181;HEPATITIS VIRAL TIPO B CRONICA, SIN AGENTE DELTA
B182;HEPATITIS VIRAL TIPO C CRONICA
B188;OTRAS HEPATITIS VIRALES CRONICAS
B189;HEPATITIS VIRAL CRONICA, SIN OTRA ESPECIFICACION
B19;HEPATITIS VIRAL, SIN OTRA ESPECIFICACION
B190;HEPATITIS VIRAL NO ESPECIFICADA CON COMA HEPATICO
B199;HEPATITIS VIRAL NO ESPECIFICADA SIN COMA HEPATICO
B20;ENFERMEDAD POR VIRUS DE LA INMUNODEFICIENCIA HUMANA [VIH], RESULTANTE EN ENFERMEDADES INFECCIOSAS Y PARASITARIAS
B200;ENFERMEDAD POR VIH, RESULTANTE EN INFECCION POR MICOBACTERIAS
B201;ENFERMEDAD POR VIH, RESULTANTE EN OTRAS INFECCIONES BACTERIANAS
B202;ENFERMEDAD POR VIH, RESULTANTE EN ENFERMEDAD POR CITOMEGALOVIRUS
B203;ENFERMEDAD POR VIH, RESULTANTE EN OTRAS INFECCIONES VIRALES
B204;ENFERMEDAD POR VIH, RESULTANTE EN CANDIDIASIS
B205;ENFERMEDAD POR VIH, RESULTANTE EN OTRAS MICOSIS
B206;ENFERMEDAD POR VIH, RESULTANTE EN NEUMONIA POR PNEUMOCYSTIS CARINII
B207;ENFERMEDAD POR VIH, RESULTANTE EN INFECCIONES MULTIPLES
B208;ENFERMEDAD POR VIH, RESULTANTE EN OTRAS ENFERMEDADES INFECCIOSAS O PARASITARIAS
B209;ENFERMEDAD POR VIH, RESULTANTE EN ENFERMEDAD INFECCIOSA O PARASITARIA NO ESPECIFICADA
B21;ENFERMEDAD POR VIRUS DE LA INMUNODEFICIENCIA HUMANA [VIH], RESULTANTE EN TUMORES MALIGNOS
B210;ENFERMEDAD POR VIH, RESULTANTE EN SARCOMA DE KAPOSI
B211;ENFERMEDAD POR VIH, RESULTANTE EN LINFOMA DE BURKITT
B212;ENFERMEDAD POR VIH, RESULTANTE EN OTROS TIPOS DE LINFOMA NO HODGKIN
B213;ENFERMEDAD POR VIH, RESULTANTE EN OTROS TUMORES MALIGNOS DEL TEJIDO LINFOIDE, HEMATOPOYETICO Y TEJIDOS RELACIONADOS
B217;ENFERMEDAD POR VIH, RESULTANTE EN TUMORES MALIGNOS MULTIPLES
B218;ENFERMEDAD POR VIH, RESULTANTE EN OTROS TUMORES MALIGNOS
B219;ENFERMEDAD POR VIH, RESULTANTE EN TUMORES MALIGNOS NO ESPECIFICADOS
B22;ENFERMEDAD POR VIRUS DE LA INMUNODEFICIENCIA HUMANA [VIH], RESULTANTE EN OTRAS ENFERMEDADES ESPECIFICADAS
B220;ENFERMEDAD POR VIH, RESULTANTE EN ENCEFALOPATIA
B221;ENFERMEDAD POR VIH, RESULTANTE EN NEUMONITIS LINFOIDE INTERSTICIAL
B222;ENFERMEDAD POR VIH, RESULTANTE EN SINDROME CAQUECTICO
B227;ENFERMEDAD POR VIH, RESULTANTE EN ENFERMEDADES MULTIPLES CLASIFICADAS EN OTRA PARTE
B23;ENFERMEDAD POR VIRUS DE LA INMUNODEFICIENCIA HUMANA [VIH], RESULTANTE EN OTRAS AFECCIONES
B230;SINDROME DE INFECCION AGUDA DEBIDA A VIH
B231;ENFERMEDAD POR VIH, RESULTANTE EN LINFADENOPATIA GENERALIZADA (PERSISTENTE)
B232;ENFERMEDAD POR VIH, RESULTANTE EN ANORMALIDADES INMUNOLOGICAS Y HEMATOLOGICAS, NO CLASIFICADAS EN OTRA PARTE
B238;ENFERMEDAD POR VIH, RESULTANTE EN OTRAS AFECCIONES ESPECIFICADAS
B24X;ENFERMEDAD POR VIRUS DE LA INMUNODEFICIENCIA HUMANA [VIH], SIN OTRA ESPECIFICACION
B25;ENFERMEDAD DEBIDA A VIRUS CITOMEGALICO
B250;NEUMONITIS DEBIDA A VIRUS CITOMEGALICO
B251;HEPATITIS DEBIDA A VIRUS CITOMEGALICO
B252;PANCREATITIS DEBIDA A VIRUS CITOMEGALICO
B258;OTRAS ENFERMEDADES DEBIDAS A VIRUS CITOMEGALICO
B259;ENFERMEDAD POR VIRUS CITOMEGALICO, NO ESPECIFICADA
B26;PAROTIDITIS INFECCIOSA
B260;ORQUITIS POR PAROTIDITIS
B261;MENINGITIS POR PAROTIDITIS
B262;ENCEFALITIS POR PAROTIDITIS
B263;PANCREATITIS POR PAROTIDITIS
B268;PAROTIDITIS INFECCIOSA CON OTRAS COMPLICACIONES
B269;PAROTIDITIS, SIN COMPLICACIONES
B27;MONONUCLEOSIS INFECCIOSA
B270;MONONUCLEOSIS DEBIDA A HERPES VIRUS GAMMA
B271;MONONUCLEOSIS POR CITOMEGALOVIRUS
B278;OTRAS MONONUCLEOSIS INFECCIOSAS
B279;MONONUCLEOSIS INFECCIOSA, NO ESPECIFICADA
B30;CONJUNTIVITIS VIRAL
B300;QUERATOCONJUNTIVITIS DEBIDA A ADENOVIRUS
B301;CONJUNTIVITIS DEBIDA A ADENOVIRUS
B302;FARINGOCONJUNTIVITIS VIRAL
B303;CONJUNTIVITIS EPIDEMICA AGUDA HEMORRAGICA (ENTEROVIRICA)
B308;OTRAS CONJUNTIVITIS VIRALES
B309;CONJUNTIVITIS VIRAL, SIN OTRA ESPECIFICACION
B33;OTRAS ENFERMEDADES VIRALES, NO CLASIFICADAS EN OTRA PARTE
B330;MIALGIA EPIDEMICA
B331;ENFERMEDAD DEL RIO ROSS
B332;CARDITIS VIRAL
B333;INFECCIONES DEBIDAS A RETROVIRUS, NO CLASIFICADAS EN OTRA PARTE
B334;SINDROME (CARDIO) PULMONAR POR HANTAVIRUS [SPH] [SCPH]
B338;OTRAS ENFERMEDADES VIRALES ESPECIFICADAS
B34;INFECCION VIRAL DE SITIO NO ESPECIFICADO
B340;INFECCION DEBIDA A ADENOVIRUS, SIN OTRA ESPECIFICACION
B341;INFECCION DEBIDA A ENTEROVIRUS, SIN OTRA ESPECIFICACION
B342;INFECCION DEBIDA A CORONAVIRUS, SIN OTRA ESPECIFICACION
B343;INFECCION DEBIDA A PARVOVIRUS, SIN OTRA ESPECIFICACION
B344;INFECCION DEBIDA A PAPOVAVIRUS, SIN OTRA ESPECIFICACION
B348;OTRAS INFECCIONES VIRALES DE SITIO NO ESPECIFICADO
B349;INFECCION VIRAL, NO ESPECIFICADA
B35;DERMATOFITOSIS
B350;TIÑA DE LA BARBA Y DEL CUERO CABELLUDO
B351;TIÑA DE LAS UÑAS
B352;TIÑA DE LA MANO
B353;TIÑA DEL PIE [TINEA PEDIS]
B354;TIÑA DEL CUERPO [TINEA CORPORIS]
B355;TIÑA IMBRICADA [TINEA IMBRICATA]
B356;TIÑA INGUINAL [TINEA CRURIS]
B358;OTRAS DERMATOFITOSIS
B359;DERMATOFITOSIS, NO ESPECIFICADA
B36;OTRAS MICOSIS SUPERFICIALES
B360;PITIRIASIS VERSICOLOR
B361;TIÑA NEGRA
B362;PIEDRA BLANCA
B363;PIEDRA NEGRA
B368;OTRAS MICOSIS SUPERFICIALES ESPECIFICADAS
B369;MICOSIS SUPERFICIAL, SIN OTRA ESPECIFICACION
B37;CANDIDIASIS
B370;ESTOMATITIS CANDIDIASICA
B371;CANDIDIASIS PULMONAR
B372;CANDIDIASIS DE LA PIEL Y LAS UÑAS
B373;CANDIDIASIS DE LA VULVA Y DE LA VAGINA
B374;CANDIDIASIS DE OTRAS LOCALIZACIONES UROGENITALES
B375;MENINGITIS DEBIDA A CANDIDA
B376;ENDOCARDITIS DEBIDA A CANDIDA
B377;SEPSIS DEBIDA A CANDIDA
B378;CANDIDIASIS DE OTROS SITIOS
B379;CANDIDIASIS, NO ESPECIFICADA
B38;COCCIDIOIDOMICOSIS
B380;COCCIDIOIDOMICOSIS PULMONAR AGUDA
B381;COCCIDIOIDOMICOSIS PULMONAR CRONICA
B382;COCCIDIOIDOMICOSIS PULMONAR, SIN OTRA ESPECIFICACION
B383;COCCIDIOIDOMICOSIS CUTANEA
B384;MENINGITIS DEBIDA A COCCIDIOIDOMICOSIS
B387;COCCIDIOIDOMICOSIS DISEMINADA
B388;OTRAS FORMAS DE COCCIDIOIDOMICOSIS
B389;COCCIDIOIDOMICOSIS, NO ESPECIFICADA
B39;HISTOPLASMOSIS
B390;INFECCION PULMONAR AGUDA DEBIDA A HISTOPLASMA CAPSULATUM
B391;INFECCION PULMONAR CRONICA DEBIDA A HISTOPLASMA CAPSULATUM
B392;INFECCION PULMONAR DEBIDA A HISTOPLASMA CAPSULATUM, SIN OTRA ESPECIFICACION
B393;INFECCION DISEMINADA DEBIDA A HISTOPLASMA CAPSULATUM
B394;HISTOPLASMOSIS DEBIDA A HISTOPLASMA CAPSULATUM, SIN OTRA ESPECIFICACION
B395;INFECCION DEBIDA A HISTOPLASMA DUBOISII
B399;HISTOPLASMOSIS, NO ESPECIFICADA
B40;BLASTOMICOSIS
B400;BLASTOMICOSIS PULMONAR AGUDA
B401;BLASTOMICOSIS PULMONAR CRONICA
B402;BLASTOMICOSIS PULMONAR, SIN OTRA ESPECIFICACION
B403;BLASTOMICOSIS CUTANEA
B407;BLASTOMICOSIS DISEMINADA
B408;OTRAS FORMAS DE BLASTOMICOSIS
B409;BLASTOMICOSIS, NO ESPECIFICADA
B41;PARACOCCIDIOIDOMICOSIS
B410;PARACOCCIDIOIDOMICOSIS PULMONAR
B417;PARACOCCIDIOIDOMICOSIS DISEMINADA
B418;OTRAS FORMAS DE PARACOCCIDIOIDOMICOSIS
B419;PARACOCCIDIOIDOMICOSIS, NO ESPECIFICADA
B42;ESPOROTRICOSIS
B420;ESPOROTRICOSIS PULMONAR
B421;ESPOROTRICOSIS LINFOCUTANEA
B427;ESPOROTRICOSIS DISEMINADA
B428;OTRAS FORMAS DE ESPOROTRICOSIS
B429;ESPOROTRICOSIS, NO ESPECIFICADA
B43;CROMOMICOSIS Y ABSCESO FEOMICOTICO
B430;CROMOMICOSIS CUTANEA
B431;ABSCESO CEREBRAL FEOMICOTICO
B432;ABSCESO Y QUISTE SUBCUTANEO FEOMICOTICO
B438;OTRAS FORMAS DE CROMOMICOSIS
B439;CROMOMICOSIS,NO ESPECIFICADA
B44;ASPERGILOSIS
B440;ASPERGILOSIS PULMONAR INVASIVA
B441;OTRAS ASPERGILOSIS PULMONARES
B442;ASPERGILOSIS AMIGDALINA
B447;ASPERGILOSIS DISEMINADA
B448;OTRAS FORMAS DE ASPERGILOSIS
B449;ASPERGILOSIS, NO ESPECIFICADA
B45;CRIPTOCOCOSIS
B450;CRIPTOCOCOSIS PULMONAR
B451;CRIPTOCOCOSIS CEREBRAL
B452;CRIPTOCOCOSIS CUTANEA
B453;CRIPTOCOCOSIS OSEA
B457;CRIPTOCOCOSIS DISEMINADA
B458;OTRAS FORMAS DE CRIPTOCOCOSIS
B459;CRIPTOCOCOSIS, NO ESPECIFICADA
B46;CIGOMICOSIS
B460;MUCORMICOSIS PULMONAR
B461;MUCORMICOSIS RINOCEREBRAL
B462;MUCORMICOSIS GASTROINTESTINAL
B463;MUCORMICOSIS CUTANEA
B464;MUCORMICOSIS DISEMINADA
B465;MUCORMICOSIS, SIN OTRA ESPECIFICACION
B468;OTRAS CIGOMICOSIS
B469;CIGOMICOSIS, NO ESPECIFICADA
B47;MICETOMA
B470;EUMICETOMA
B471;ACTINOMICETOMA
B479;MICETOMA, NO ESPECIFICADO
B48;OTRAS MICOSIS, NO CLASIFICADAS EN OTRA PARTE
B480;LOBOMICOSIS
B481;RINOSPORIDIOSIS
B482;ALESQUERIASIS
B483;GEOTRICOSIS
B484;PENICILOSIS
B487;MICOSIS OPORTUNISTAS
B488;OTRAS MICOSIS ESPECIFICADAS
B49X;MICOSIS, NO ESPECIFICADA
B50;PALUDISMO [MALARIA] DEBIDO A PLASMODIUM FALCIPARUM
B500;PALUDISMO DEBIDO A PLASMODIUM FALCIPARUM CON COMPLICACIONES CEREBRALES
B508;OTRO PALUDISMO GRAVE Y COMPLICADO DEBIDO A PLASMODIUM FALCIPARUM
B509;PALUDISMO DEBIDO A PLASMODIUM FALCIPARUM, SIN OTRA ESPECIFICACION
B51;PALUDISMO [MALARIA] DEBIDO A PLASMODIUM VIVAX
B510;PALUDISMO DEBIDO A PLASMODIUM VIVAX CON RUPTURA ESPLENICA
B518;PALUDISMO DEBIDO A PLASMODIUM VIVAX CON OTRAS COMPLICACIONES
B519;PALUDISMO DEBIDO A PLASMODIUM VIVAX, SIN COMPLICACIONES
B52;PALUDISMO [MALARIA] DEBIDO A PLASMODIUM MALARIAE
B520;PALUDISMO DEBIDO A PLASMODIUM MALARIAE CON NEFROPATIA
B528;PALUDISMO DEBIDO A PLASMODIUM MALARIAE CON OTRAS COMPLICACIONES
B529;PALUDISMO DEBIDO A PLASMODIUM MALARIAE, SIN COMPLICACIONES
B53;OTRO PALUDISMO [MALARIA] CONFIRMADO PARASITOLOGICAMENTE
B530;PALUDISMO DEBIDO A PLASMODIUM OVALE
B531;PALUDISMO DEBIDO A PLASMODIOS DE LOS SIMIOS
B538;OTRO PALUDISMO CONFIRMADO PARASITOLOGICAMENTE, NO CLASIFICADO EN OTRA PARTE
B54X;PALUDISMO [MALARIA] NO ESPECIFICADO
B55;LEISHMANIASIS
B550;LEISHMANIASIS VISCERAL
B551;LEISHMANIASIS CUTANEA
B552;LEISHMANIASIS MUCOCUTANEA
B559;LEISHMANIASIS, NO ESPECIFICADA
B56;TRIPANOSOMIASIS AFRICANA
B560;TRIPANOSOMIASIS GAMBIENSE
B561;TRIPANOSOMIASIS RHODESIENSE
B569;TRIPANOSOMIASIS AFRICANA, SIN OTRA ESPECIFICACION
B57;ENFERMEDAD DE CHAGAS
B570;ENFERMEDAD DE CHAGAS AGUDA QUE AFECTA AL CORAZON
B571;ENFERMEDAD DE CHAGAS AGUDA QUE NO AFECTA AL CORAZON
B572;ENFERMEDAD DE CHAGAS (CRONICA) QUE AFECTA AL CORAZON
B573;ENFERMEDAD DE CHAGAS (CRONICA) QUE AFECTA AL SISTEMA DIGESTIVO
B574;ENFERMEDAD DE CHAGAS (CRONICA) QUE AFECTA AL SISTEMA NERVIOSO
B575;ENFERMEDAD DE CHAGAS (CRONICA) QUE AFECTA OTROS ORGANOS
B58;TOXOPLASMOSIS
B580;OCULOPATIA DEBIDA A TOXOPLASMA
B581;HEPATITIS DEBIDA A TOXOPLASMA
B582;MENINGOENCEFALITIS DEBIDA A TOXOPLASMA
B583;TOXOPLASMOSIS PULMONAR
B588;TOXOPLASMOSIS CON OTRO ORGANO AFECTADO
B589;TOXOPLASMOSIS, NO ESPECIFICADA
B59X;NEUMOCISTOSIS
B60;OTRAS ENFERMEDADES DEBIDAS A PROTOZOARIOS, NO CLASIFICADAS EN OTRA PARTE
B600;BABESIOSIS
B601;ACANTAMEBIASIS
B602;NAEGLERIASIS
B608;OTRAS ENFERMEDADES ESPECIFICADAS DEBIDAS A PROTOZOARIOS
B64X;ENFERMEDAD DEBIDA A PROTOZOARIOS, NO ESPECIFICADA
B65;ESQUISTOSOMIASIS [BILHARZIASIS]
B650;ESQUISTOSOMIASIS DEBIDA A SCHISTOSOMA HAEMATOBIUM (ESQUISTOSOMIASIS URINARIA)
B651;ESQUISTOSOMIASIS DEBIDA A SCHISTOSOMA MANSONI [ESQUISTOSOMIASIS INTESTINAL]
B652;ESQUISTOSOMIASIS DEBIDA A SCHISTOSOMA JAPONICUM
B653;DERMATITIS POR CERCARIAS
B658;OTRAS ESQUISTOSOMIASIS
B659;ESQUISTOSOMIASIS, NO ESPECIFICADA
B66;OTRAS INFECCIONES DEBIDAS A TREMATODOS
B660;OPISTORQUIASIS
B661;CLONORQUIASIS
B662;DICROCOELIASIS
B663;FASCIOLIASIS
B664;PARAGONIMIASIS
B665;FASCIOLOPSIASIS
B668;OTRAS INFECCIONES ESPECIFICADAS DEBIDAS A TREMATODOS
B669;INFECCION DEBIDA A TREMATODOS, NO ESPECIFICADA
B67;EQUINOCOCOSIS
B670;INFECCION DEL HIGADO DEBIDA A ECHINOCOCCUS GRANULOSUS
B671;INFECCION DEL PULMON DEBIDA A ECHINOCOCCUS GRANULOSUS
B672;INFECCION DE HUESO DEBIDA A ECHINOCOCCUS GRANULOSUS
B673;INFECCION DE OTRO ORGANO Y DE SITIOS MULTIPLES DEBIDA A ECHINOCOCCUS GRANULOSUS
B674;INFECCION DEBIDA A ECHINOCOCCUS GRANULOSUS, SIN OTRA ESPECIFICACION
B675;INFECCION DEL HIGADO DEBIDA A ECHINOCOCCUS MULTILOCULARIS
B676;INFECCION DE OTRO ORGANO Y DE SITIOS MULTIPLES DEBIDA A ECHINOCOCCUS MULTILOCULARIS
B677;INFECCION DEBIDA A ECHINOCOCCUS MULTILOCULARIS, SIN OTRA ESPECIFICACION
B678;EQUINOCOCOSIS DEL HIGADO, NO ESPECIFICADA
B679;EQUINOCOCOSIS, OTRA Y LA NO ESPECIFICADA
B68;TENIASIS
B680;TENIASIS DEBIDA A TAENIA SOLIUM
B681;INFECCION DEBIDA A TAENIA SAGINATA
B689;TENIASIS, NO ESPECIFICADA
B69;CISTICERCOSIS
B690;CISTICERCOSIS DEL SISTEMA NERVIOSO CENTRAL
B691;CISTICERCOSIS DEL OJO
B698;CISTICERCOSIS DE OTROS SITIOS
B699;CISTICERCOSIS, NO ESPECIFICADA
B70;DIFILOBOTRIASIS Y ESPARGANOSIS
B700;DIFILOBOTRIASIS INTESTINAL
B701;ESPARGANOSIS
B71;OTRAS INFECCIONES DEBIDAS A CESTODOS
B710;HIMENOLEPIASIS
B711;DIPILIDIASIS
B718;OTRAS INFECCIONES DEBIDAS A CESTODOS ESPECIFICADAS
B719;INFECCIONES DEBIDAS A CESTODOS, NO ESPECIFICADA
B72X;DRACONTIASIS
B73X;ONCOCERCOSIS
B74;FILARIASIS
B740;FILARIASIS DEBIDA A WUCHERERIA BANCROFTI
B741;FILARIASIS DEBIDA A BRUGIA MALAYI
B742;FILARIASIS DEBIDA A BRUGIA TIMORI
B743;LOAIASIS
B744;MANSONELIASIS
B748;OTRAS FILARIASIS
B749;FILARIASIS, NO ESPECIFICADA
B75X;TRIQUINOSIS
B76;ANQUILOSTOMIASIS Y NECATORIASIS
B760;ANQUILOSTOMIASIS
B761;NECATORIASIS
B768;OTRAS ENFERMEDADES DEBIDAS A ANQUILOSTOMAS
B769;ENFERMEDAD DEBIDA A ANQUILOSTOMAS, NO ESPECIFICADA
B77;ASCARIASIS
B770;ASCARIASIS CON COMPLICACIONES INTESTINALES
B778;ASCARIASIS CON OTRAS COMPLICACIONES
B779;ASCARIASIS, NO ESPECIFICADA
B78;ESTRONGILOIDIASIS
B780;ESTRONGILOIDIASIS INTESTINAL
B781;ESTRONGILOIDIASIS CUTANEA
B787;ESTRONGILOIDIASIS DISEMINADA
B789;ESTRONGILOIDIASIS, NO ESPECIFICADA
B79X;TRICURIASIS
B80X;ENTEROBIASIS
B81;OTRAS HELMINTIASIS INTESTINALES, NO CLASIFICADAS EN OTRA PARTE
B810;ANISAQUIASIS
B811;CAPILARIASIS INTESTINAL
B812;TRICOESTRONGILIASIS
B813;ANGIOESTRONGILIASIS INTESTINAL
B814;HELMINTIASIS INTESTINAL MIXTA
B818;OTRAS HELMINTIASIS INTESTINALES ESPECIFICADAS
B82;PARASITOSIS INTESTINAL, SIN OTRA ESPECIFICACION
B820;HELMINTIASIS INTESTINAL, SIN OTRA ESPECIFICACION
B829;PARASITOSIS INTESTINAL, SIN OTRA ESPECIFICACION
B83;OTROS HELMINTIASIS
B830;LARVA MIGRANS VISCERAL
B831;GNATOSTOMIASIS
B832;ANGIOESTRONGILIASIS DEBIDA A PARASTRONGYLUS CANTONENSIS
B833;SINGAMIASIS
B834;HIRUDINIASIS INTERNA
B838;OTRAS HELMINTIASIS ESPECIFICADAS
B839;HELMINTIASIS, NO ESPECIFICADA
B85;PEDICULOSIS Y PHTHIRIASIS
B850;PEDICULOSIS DEBIDA A PEDICULUS HUMANUS CAPITIS
B851;PEDICULOSIS DEBIDA A PEDICULUS HUMANUS CORPORIS
B852;PEDICULOSIS, SIN OTRA ESPECIFICACION
B853;PHTHIRIASIS
B854;PEDICULOSIS Y PHTHIRIASIS MIXTAS
B86X;ESCABIOSIS
B87;MIASIS
B870;MIASIS CUTANEA
B871;MIASIS EN HERIDAS
B872;MIASIS OCULAR
B873;MIASIS NASOFARINGEA
B874;MIASIS AURAL
B878;MIASIS DE OTROS SITIOS
B879;MIASIS, NO ESPECIFICADA
B88;OTRAS INFESTACIONES
B880;OTRAS ACARIASIS
B881;TUNGIASIS [INFECCION DEBIDA A PULGA DE ARENA]
B882;OTRAS INFESTACIONES DEBIDAS A ARTROPODOS
B883;HIRUDINIASIS EXTERNA
B888;OTRAS INFESTACIONES ESPECIFICADAS
B889;INFESTACION, NO ESPECIFICADA
B89X;ENFERMEDAD PARASITARIA, NO ESPECIFICADA
B90;SECUELAS DE TUBERCULOSIS
B900;SECUELAS DE TUBERCULOSIS DEL SISTEMA NERVIOSO CENTRAL
B901;SECUELAS DE TUBERCULOSIS GENITOURINARIA
B902;SECUELAS DE TUBERCULOSIS DE HUESOS Y ARTICULACIONES
B908;SECUELAS DE TUBERCULOSIS DE OTROS ORGANOS ESPECIFICADOS
B909;SECUELAS DE TUBERCULOSIS RESPIRATORIA Y DE TUBERCULOSIS NO ESPECIFICADA
B91X;SECUELAS DE POLIOMIELITIS
B92X;SECUELAS DE LEPRA
B94;SECUELAS DE OTRAS ENFERMEDADES INFECCIOSAS Y PARASITARIAS DE LOS NO ESPECIFICADAS
B940;SECUELAS DE TRACOMA
B941;SECUELAS DE ENCEFALITIS VIRAL
B942;SECUELAS DE HEPATITIS VIRAL
B948;SECUELAS DE OTRAS ENFERMEDADES INFECCIOSAS Y PARASITARIAS ESPECIFICADAS
B949;SECUELAS DE ENFERMEDADES INFECCIOSAS Y PARASITARIAS NO ESPECIFICADAS
B95;ESTREPTOCOCOS Y ESTAFILOCOCOS COMO CAUSA DE ENFERMEDADES CLASIFICADAS EN OTROS CAPITULOS
B950;ESTREPTOCOCO, GRUPO A, COMO CAUSA DE ENFERMEDADES CLASIFICADAS EN OTROS CAPITULOS
B951;ESTREPTOCOCO, GRUPO B, COMO CAUSA DE ENFERMEDADES CLASIFICADAS EN OTROS CAPITULOS
B952;ESTREPTOCOCO, GRUPO D Y ENTEROCOCOS, COMO CAUSA DE ENFERMEDADES CLASIFICADAS EN OTROS CAPITULOS
B953;STREPTOCOCCUS PNEUMONIAE COMO CAUSA DE ENFERMEDADES CLASIFICADAS EN OTROS CAPITULOS
B954;OTROS ESTREPTOCOCOS COMO CAUSA DE ENFERMEDADES CLASIFICADAS EN OTROS CAPITULOS
B955;ESTREPTOCOCO NO ESPECIFICADO COMO CAUSA DE ENFERMEDADES CLASIFICADAS EN OTROS CAPITULOS
B956;STAPHYLOCOCCUS AUREUS COMO CAUSA DE ENFERMEDADES CLASIFICADAS EN OTROS CAPITULOS
B957;OTROS ESTAFILOCOCOS COMO CAUSA DE ENFERMEDADES CLASIFICADAS EN OTROS CAPITULOS
B958;ESTAFILOCOCO NO ESPECIFICADO, COMO CAUSA DE ENFERMEDADES CLASIFICADAS EN OTROS CAPITULOS
B96;OTROS AGENTES BACTERIANOS ESPECIFICADOS COMO CAUSA DE ENFERMEDADES CLASIFICADAS EN OTROS CAPITULOS
B960;MYCOPLASMA PNEUMONIAE [M. PNEUMONIAE] COMO CAUSA DE ENFERMEDADES CLASIFICADAS EN OTROS CAPITULOS
B961;KLEBSIELLA PNEUMONIAE [K. PNEUMONIAE] COMO CAUSA DE ENFERMEDADES CLASIFICADAS EN OTROS CAPITULOS
B962;ESCHERICHIA COLI [E. COLI] COMO CAUSA DE ENFERMEDADES CLASIFICADAS EN OTROS CAPITULOS
B963;HAEMOPHILUS INFLUENZAE [H. INFLUENZAE] COMO CAUSA DE ENFERMEDADES CLASIFICADAS EN OTROS CAPITULOS
B964;PROTEUS (MIRABILIS) (MORGANII) COMO CAUSA DE ENFERMEDADES CLASIFICADAS EN OTROS CAPITULOS
B965;PSEUDOMONAS (AERUGINOSA) COMO CAUSA DE ENFERMEDADES CLASIFICADAS EN OTROS CAPITULOS
B966;BACILLUS FRAGILIS [B. FRAGILIS] COMO CAUSA DE ENFERMEDADES CLASIFICADAS EN OTROS CAPITULOS
B967;CLOSTRIDIUM PERFRINGENS [C. PERFRINGENS] COMO CAUSA DE ENFERMEDADES CLASIFICADAS EN OTROS CAPITULOS
B968;OTROS AGENTES BACTERIANOS ESPECIFICADOS COMO CAUSA DE ENFERMEDADES CLASIFICADAS EN OTROS CAPITULOS
B97;AGENTES VIRALES COMO CAUSA DE ENFERMEDADES CLASIFICADAS EN OTROS CAPITULOS
B970;ADENOVIRUS COMO CAUSA DE ENFERMEDADES CLASIFICADAS EN OTROS CAPITULOS
B971;ENTEROVIRUS COMO CAUSA DE ENFERMEDADES CLASIFICADAS EN OTROS CAPITULOS
B972;CORONAVIRUS COMO CAUSA DE ENFERMEDADES CLASIFICADAS EN OTROS CAPITULOS
B973;RETROVIRUS COMO CAUSA DE ENFERMEDADES CLASIFICADAS EN OTROS CAPITULOS
B974;VIRUS SINCICIAL RESPIRATORIO COMO CAUSA DE ENFERMEDADES CLASIFICADAS EN OTROS CAPITULOS
B975;REOVIRUS COMO CAUSA DE ENFERMEDADES CLASIFICADAS EN OTROS CAPITULOS
B976;PARVOVIRUS COMO CAUSA DE ENFERMEDADES CLASIFICADAS EN OTROS CAPITULOS
B977;PAPILOMAVIRUS COMO CAUSA DE ENFERMEDADES CLASIFICADAS EN OTROS CAPITULOS
B978;OTROS AGENTES VIRALES COMO CAUSA DE ENFERMEDADES CLASIFICADAS EN OTROS CAPITULOS
B98;OTROS AGENTES INFECCIOSOS ESPECIFICADOS COMO CAUSA DE ENFERMEDADES CLASIFICADAS EN OTROS CAPITULOS
B980;HELICOBACTER PYLORI [H.PYLORI] COMO LA CAUSA DE ENFERMEDADES CLASIFICADAS EN OTROS CAPITULOS
B981;VIBRIO VULNIFICUS COMO LA CAUSA DE ENFERMEDADES CLASIFICADAS EN OTROS CAPITULOS
B99X;OTRAS ENFERMEDADES INFECCIOSAS Y LAS NO ESPECIFICADAS
C00;TUMOR MALIGNO DEL LABIO
C000;TUMOR MALIGNO DEL LABIO SUPERIOR, CARA EXTERNA
C001;TUMOR MALIGNO DEL LABIO INFERIOR, CARA EXTERNA
C002;TUMOR MALIGNO DEL LABIO, CARA EXTERNA, SIN OTRA ESPECIFICACION
C003;TUMOR MALIGNO DEL LABIO SUPERIOR, CARA INTERNA
C004;TUMOR MALIGNO DEL LABIO INFERIOR, CARA INTERNA
C005;TUMOR MALIGNO DEL LABIO, CARA INTERNA, SIN OTRA ESPECIFICACION
C006;TUMOR MALIGNO DE LA COMISURA LABIAL
C008;LESION DE SITIOS CONTIGUOS DEL LABIO
C009;TUMOR MALIGNO DEL LABIO, PARTE NO ESPECIFICADA
C01X;TUMOR MALIGNO DE LA BASE DE LA LENGUA
C02;TUMOR MALIGNO DE OTRAS PARTES Y DE LAS NO ESPECIFICADAS DE LA LENGUA
C020;TUMOR MALIGNO DE LA CARA DORSAL DE LA LENGUA
C021;TUMOR MALIGNO DEL BORDE DE LA LENGUA
C022;TUMOR MALIGNO DE LA CARA VENTRAL DE LA LENGUA
C023;TUMOR MALIGNO DE LOS DOS TERCIOS ANTERIORES DE LA LENGUA, PARTE NO ESPECIFICADA
C024;TUMOR MALIGNO DE LA AMIGDALA LINGUAL
C028;LESION DE SITIOS CONTIGUOS DE LA LENGUA
C029;TUMOR MALIGNO DE LA LENGUA, PARTE NO ESPECIFICADA
C03;TUMOR MALIGNO DE LA ENCIA
C030;TUMOR MALIGNO DE LA ENCIA SUPERIOR
C031;TUMOR MALIGNO DE LA ENCIA INFERIOR
C039;TUMOR MALIGNO DE LA ENCIA, PARTE NO ESPECIFICADA
C04;TUMOR MALIGNO DEL PISO DE LA BOCA
C040;TUMOR MALIGNO DE LA PARTE ANTERIOR DEL PISO DE LA BOCA
C041;TUMOR MALIGNO DE LA PARTE LATERAL DEL PISO DE LA BOCA
C048;LESION DE SITIOS CONTIGUOS DEL PISO DE LA BOCA
C049;TUMOR MALIGNO DEL PISO DE LA BOCA, PARTE NO ESPECIFICADA
C05;TUMOR MALIGNO DEL PALADAR
C050;TUMOR MALIGNO DEL PALADAR DURO
C051;TUMOR MALIGNO DEL PALADAR BLANDO
C052;TUMOR MALIGNO DE LA UVULA
C058;LESION DE SITIOS CONTIGUOS DEL PALADAR
C059;TUMOR MALIGNO DEL PALADAR, PARTE NO ESPECIFICADA
C06;TUMOR MALIGNO DE OTRAS PARTES Y DE LAS NO ESPECIFICADAS DE LA BOCA
C060;TUMOR MALIGNO DE LA MUCOSA DE LA MEJILLA
C061;TUMOR MALIGNO DEL VESTIBULO DE LA BOCA
C062;TUMOR MALIGNO DEL AREA RETROMOLAR
C068;LESION DE SITIOS CONTIGUOS DE OTRAS PARTES Y DE LAS NO ESPECIFICADAS DE LA BOCA
C069;TUMOR MALIGNO DE LA BOCA, PARTE NO ESPECIFICADA
C07X;TUMOR MALIGNO DE LA GLANDULA PAROTIDA
C08;TUMOR MALIGNO DE OTRAS GLANDULAS SALIVALES MAYORES Y DE LAS NO ESPECIFICADAS
C080;TUMOR MALIGNO DE LA GLANDULA SUBMAXILAR
C081;TUMOR MALIGNO DE LA GLANDULA SUBLINGUAL
C088;LESION DE SITIOS CONTIGUOS DE LAS GLANDULAS SALIVALES MAYORES
C089;TUMOR MALIGNO DE GLANDULA SALIVAL MAYOR, NO ESPECIFICADA
C09;TUMOR MALIGNO DE LA AMIGDALA
C090;TUMOR MALIGNO DE LA FOSA AMIGDALINA
C091;TUMOR MALIGNO DEL PILAR AMIGDALINO (ANTERIOR) (POSTERIOR)
C098;LESION DE SITIOS CONTIGUOS DE LA AMIGDALA
C099;TUMOR MALIGNO DE LA AMIGDALA, PARTE NO ESPECIFICADA
C10;TUMOR MALIGNO DE LA OROFARINGE
C100;TUMOR MALIGNO DE LA VALECULA
C101;TUMOR MALIGNO DE LA CARA ANTERIOR DE LA EPIGLOTIS
C102;TUMOR MALIGNO DE LA PARED LATERAL DE LA OROFARINGE
C103;TUMOR MALIGNO DE LA PARED POSTERIOR DE LA OROFARINGE
C104;TUMOR MALIGNO DE LA HENDIDURA BRANQUIAL
C108;LESION DE SITIOS CONTIGUOS DE LA OROFARINGE
C109;TUMOR MALIGNO DE LA OROFARINGE, PARTE NO ESPECIFICADA
C11;TUMOR MALIGNO DE LA NASOFARINGE
C110;TUMOR MALIGNO DE LA PARED SUPERIOR DE LA NASOFARINGE
C111;TUMOR MALIGNO DE LA PARED POSTERIOR DE LA NASOFARINGE
C112;TUMOR MALIGNO DE LA PARED LATERAL DE LA NASOFARINGE
C113;TUMOR MALIGNO DE LA PARED ANTERIOR DE LA NASOFARINGE
C118;LESION DE SITIOS CONTIGUOS DE LA NASOFARINGE
C119;TUMOR MALIGNO DE LA NASOFARINGE, PARTE NO ESPECIFICADA
C12X;TUMOR MALIGNO DEL SENO PIRIFORME
C13;TUMOR MALIGNO DE LA HIPOFARINGE
C130;TUMOR MALIGNO DE LA REGION POSTCRICOIDEA
C131;TUMOR MALIGNO DEL PLIEGUE ARITENOEPIGLOTICO, CARA HIPOFARINGEA
C132;TUMOR MALIGNO DE LA PARED POSTERIOR DE LA HIPOFARINGE
C138;LESION DE SITIOS CONTIGUOS DE LA HIPOFARINGE
C139;TUMOR MALIGNO DE LA HIPOFARINGE, PARTE NO ESPECIFICADA
C14;TUMOR MALIGNO DE OTROS SITIOS Y DE LOS MAL DEFINIDOS DEL LABIO, DE LA CAVIDAD BUCAL Y DE LA FARINGE
C140;TUMOR MALIGNO DE LA FARINGE, PARTE NO ESPECIFICADA
C142;TUMOR MALIGNO DEL ANILLO DE WALDEYER
C148;LESION DE SITIOS CONTIGUOS DEL LABIO, DE LA CAVIDAD BUCAL Y DE LA FARINGE
C15;TUMOR MALIGNO DEL ESOFAGO
C150;TUMOR MALIGNO DEL ESOFAGO, PORCION CERVICAL
C151;TUMOR MALIGNO DEL ESOFAGO, PORCION TORACICA
C152;TUMOR MALIGNO DEL ESOFAGO, PORCION ABDOMINAL
C153;TUMOR MALIGNO DEL TERCIO SUPERIOR DEL ESOFAGO
C154;TUMOR MALIGNO DEL TERCIO MEDIO DEL ESOFAGO
C155;TUMOR MALIGNO DEL TERCIO INFERIOR DEL ESOFAGO
C158;LESION DE SITIOS CONTIGUOS DEL ESOFAGO
C159;TUMOR MALIGNO DEL ESOFAGO, PARTE NO ESPECIFICADA
C16;TUMOR MALIGNO DEL ESTOMAGO
C160;TUMOR MALIGNO DEL CARDIAS
C161;TUMOR MALIGNO DEL FUNDUS GASTRICO
C162;TUMOR MALIGNO DEL CUERPO DEL ESTOMAGO
C163;TUMOR MALIGNO DEL ANTRO PILORICO
C164;TUMOR MALIGNO DEL PILORO
C165;TUMOR MALIGNO DE LA CURVATURA MENOR DEL ESTOMAGO, SIN OTRA ESPECIFICACION
C166;TUMOR MALIGNO DE LA CURVATURA MAYOR DEL ESTOMAGO, SIN OTRA ESPECIFICACION
C168;LESION DE SITIOS CONTIGUOS DEL ESTOMAGO
C169;TUMOR MALIGNO DEL ESTOMAGO, PARTE NO ESPECIFICADA
C17;TUMOR MALIGNO DEL INTESTINO DELGADO
C170;TUMOR MALIGNO DEL DUODENO
C171;TUMOR MALIGNO DEL YEYUNO
C172;TUMOR MALIGNO DEL ILEON
C173;TUMOR MALIGNO DEL DIVERTICULO DE MECKEL
C178;LESION DE SITIOS CONTIGUOS DEL INTESTINO DELGADO
C179;TUMOR MALIGNO DEL INTESTINO DELGADO, PARTE NO ESPECIFICADA
C18;TUMOR MALIGNO DEL COLON
C180;TUMOR MALIGNO DEL CIEGO
C181;TUMOR MALIGNO DEL APENDICE
C182;TUMOR MALIGNO DEL COLON ASCENDENTE
C183;TUMOR MALIGNO DEL ANGULO HEPATICO
C184;TUMOR MALIGNO DEL COLON TRANSVERSO
C185;TUMOR MALIGNO DEL ANGULO ESPLENICO
C186;TUMOR MALIGNO DEL COLON DESCENDENTE
C187;TUMOR MALIGNO DEL COLON SIGMOIDE
C188;LESION DE SITIOS CONTIGUOS DEL COLON
C189;TUMOR MALIGNO DEL COLON, PARTE NO ESPECIFICADA
C19X;TUMOR MALIGNO DE LA UNION RECTOSIGMOIDEA
C20X;TUMOR MALIGNO DEL RECTO
C21;TUMOR MALIGNO DEL ANO Y DEL CONDUCTO ANAL
C210;TUMOR MALIGNO DEL ANO, PARTE NO ESPECIFICADA
C211;TUMOR MALIGNO DEL CONDUCTO ANAL
C212;TUMOR MALIGNO DE LA ZONA CLOACOGENICA
C218;LESION DE SITIOS CONTIGUOS DEL ANO, DEL CONDUCTO ANAL Y DEL RECTO
C22;TUMOR MALIGNO DEL HIGADO Y DE LAS VIAS BILIARES INTRAHEPATICAS
C220;CARCINOMA DE CELULAS HEPATICAS
C221;CARCINOMA DE VIAS BILIARES INTRAHEPATICAS
C222;HEPATOBLASTOMA
C223;ANGIOSARCOMA DEL HIGADO
C224;OTROS SARCOMAS DEL HIGADO
C227;OTROS CARCINOMAS ESPECIFICADOS DEL HIGADO
C229;TUMOR MALIGNO DEL HIGADO, NO ESPECIFICADO
C23X;TUMOR MALIGNO DE LA VESICULA BILIAR
C24;TUMOR MALIGNO DE OTRAS PARTES Y DE LAS NO ESPECIFICADAS DE LAS VIAS BILIARES
C240;TUMOR MALIGNO DE LAS VIAS BILIARES EXTRAHEPATICAS
C241;TUMOR MALIGNO DE LA AMPOLLA DE VATER
C248;LESION DE SITIOS CONTIGUOS DE LAS VIAS BILIARES
C249;TUMOR MALIGNO DE LAS VIAS BILIARES, PARTE NO ESPECIFICADA
C25;TUMOR MALIGNO DEL PANCREAS
C250;TUMOR MALIGNO DE LA CABEZA DEL PANCREAS
C251;TUMOR MALIGNO DEL CUERPO DEL PANCREAS
C252;TUMOR MALIGNO DE LA COLA DEL PANCREAS
C253;TUMOR MALIGNO DEL CONDUCTO PANCREATICO
C254;TUMOR MALIGNO DEL PANCREAS ENDOCRINO
C257;TUMOR MALIGNO DE OTRAS PARTES ESPECIFICADAS DEL PANCREAS
C258;LESION DE SITIOS CONTIGUOS DEL PANCREAS
C259;TUMOR MALIGNO DEL PANCREAS, PARTE NO ESPECIFICADA
C26;TUMOR MALIGNO DE OTROS SITIOS Y DE LOS MAL DEFINIDOS DE LOS ORGANOS DIGESTIVOS
C260;TUMOR MALIGNO DEL INTESTINO, PARTE NO ESPECIFICADA
C261;TUMOR MALIGNO DEL BAZO
C268;LESION DE SITIOS CONTIGUOS DE LOS ORGANOS DIGESTIVOS
C269;TUMOR MALIGNO DE SITIOS MAL DEFINIDOS DE LOS ORGANOS DIGESTIVOS
C30;TUMOR MALIGNO DE LAS FOSAS NASALES Y DEL OIDO MEDIO
C300;TUMOR MALIGNO DE LA FOSA NASAL
C301;TUMOR MALIGNO DEL OIDO MEDIO
C31;TUMOR MALIGNO DE LOS SENOS PARANASALES
C310;TUMOR MALIGNO DEL SENO MAXILAR
C311;TUMOR MALIGNO DEL SENO ETMOIDAL
C312;TUMOR MALIGNO DEL SENO FRONTAL
C313;TUMOR MALIGNO DEL SENO ESFENOIDAL
C318;LESION DE SITIOS CONTIGUOS DE LOS SENOS PARANASALES
C319;TUMOR MALIGNO DE SENO PARANASAL NO ESPECIFICADO
C32;TUMOR MALIGNO DE LA LARINGE
C320;TUMOR MALIGNO DE LA GLOTIS
C321;TUMOR MALIGNO DE LA REGION SUPRAGLOTICA
C322;TUMOR MALIGNO DE LA REGION SUBGLOTICA
C323;TUMOR MALIGNO DEL CARTILAGO LARINGEO
C328;LESION DE SITIOS CONTIGUOS DE LA LARINGE
C329;TUMOR MALIGNO DE LA LARINGE, PARTE NO ESPECIFICADA
C33X;TUMOR MALIGNO DE LA TRAQUEA
C34;TUMOR MALIGNO DE LOS BRONQUIOS Y DEL PULMON
C340;TUMOR MALIGNO DEL BRONQUIO PRINCIPAL
C341;TUMOR MALIGNO DEL LOBULO SUPERIOR, BRONQUIO O PULMON
C342;TUMOR MALIGNO DEL LOBULO MEDIO, BRONQUIO O PULMON
C343;TUMOR MALIGNO DEL LOBULO INFERIOR, BRONQUIO O PULMON
C348;LESION DE SITIOS CONTIGUOS DE LOS BRONQUIOS Y DEL PULMON
C349;TUMOR MALIGNO DE LOS BRONQUIOS O DEL PULMON, PARTE NO ESPECIFICADA
C37X;TUMOR MALIGNO DEL TIMO
C38;TUMOR MALIGNO DEL CORAZON, DEL MEDIASTINO Y DE LA PLEURA
C380;TUMOR MALIGNO DEL CORAZON
C381;TUMOR MALIGNO DEL MEDIASTINO ANTERIOR
C382;TUMOR MALIGNO DEL MEDIASTINO POSTERIOR
C383;TUMOR MALIGNO DEL MEDIASTINO, PARTE NO ESPECIFICADA
C384;TUMOR MALIGNO DE LA PLEURA
C388;LESION DE SITOS CONTIGUOS DEL CORAZON, DEL MEDIASTINO Y DE LA PLEURA
C39;TUMOR MALIGNO DE OTROS SITIOS Y DE LOS MAL DEFINIDOS DEL SISTEMA RESPIRATORIO Y DE LOS ORGANOS INTRATORACICOS
C390;TUMOR MALIGNO DE LA VIAS RESPIRATORIA SUPERIORES, PARTE NO ESPECIFICADA
C398;LESION DE SITIOS CONTIGUOS DE LOS ORGANOS RESPIRATORIOS E INTRATORACICOS
C399;TUMOR MALIGNO DE SITIOS MAL DEFINIDOS DEL SISTEMA RESPIRATORIO
C40;TUMOR MALIGNO DE LOS HUESOS Y DE LOS CARTILAGOS ARTICULARES DE LOS MIEMBROS
C400;TUMOR MALIGNO DEL OMOPLATO Y DE LOS HUESOS LARGOS DEL MIEMBRO SUPERIOR
C401;TUMOR MALIGNO DE LOS HUESOS CORTOS DEL MIEMBRO SUPERIOR
C402;TUMOR MALIGNO DE LOS HUESOS LARGOS DEL MIEMBRO INFERIOR
C403;TUMOR MALIGNO DE LOS HUESOS CORTOS DEL MIEMBRO INFERIOR
C408;LESION DE SITIOS CONTIGUOS DE LOS HUESOS Y DE LOS CARTILAGOS ARTICULARES DE LOS MIEMBROS
C409;TUMOR MALIGNO DE LOS HUESOS Y DE LOS CARTILAGOS ARTICULARES DE LOS MIEMBROS, SIN OTRA ESPECIFICACION
C41;TUMOR MALIGNO DE LOS HUESOS Y DE LOS CARTILAGOS ARTICULARES, DE OTROS SITIOS Y DE SITIOS NO ESPECIFICADOS
C410;TUMOR MALIGNO DE LOS HUESOS DEL CRANEO Y DE LA CARA
C411;TUMOR MALIGNO DEL HUESO DEL MAXILAR INFERIOR
C412;TUMOR MALIGNO DE LA COLUMNA VERTEBRAL
C413;TUMOR MALIGNO DE LA COSTILLA, ESTERNON Y CLAVICULA
C414;TUMOR MALIGNO DE LOS HUESOS DE LA PELVIS, SACRO Y COCCIX
C418;LESION DE SITIOS CONTIGUOS DEL HUESO Y DEL CARTILAGO ARTICULAR
C419;TUMOR MALIGNO DEL HUESO Y DEL CARTILAGO ARTICULAR, NO ESPECIFICADO
C43;MELANOMA MALIGNO DE LA PIEL
C430;MELANOMA MALIGNO DEL LABIO
C431;MELANOMA MALIGNO DEL PARPADO, INCLUIDA LA COMISURA PALPEBRAL
C432;MELANOMA MALIGNO DE LA OREJA Y DEL CONDUCTO AUDITIVO EXTERNO
C433;MELANOMA MALIGNO DE LAS OTRAS PARTES Y LAS NO ESPECIFICADAS DE LA CARA
C434;MELANOMA MALIGNO DEL CUERO CABELLUDO Y DEL CUELLO
C435;MELANOMA MALIGNO DEL TRONCO
C436;MELANOMA MALIGNO DEL MIEMBRO SUPERIOR, INCLUIDO EL HOMBRO
C437;MELANOMA MALIGNO DEL MIEMBRO INFERIOR, INCLUIDA LA CADERA
C438;MELANOMA MALIGNO DE SITIOS CONTIGUOS DE LA PIEL
C439;MELANOMA MALIGNO DE PIEL, SITIO NO ESPECIFICADO
C44;OTROS TUMORES MALIGNOS DE LA PIEL
C440;TUMOR MALIGNO DE LA PIEL DEL LABIO
C441;TUMOR MALIGNO DE LA PIEL DEL PARPADO, INCLUIDA LA COMISURA PALPEBRAL
C442;TUMOR MALIGNO DE LA PIEL DE LA OREJA Y DEL CONDUCTO AUDITIVO EXTERNO
C443;TUMOR MALIGNO DE LA PIEL DE OTRAS PARTES Y DE LAS NO ESPECIFICADAS DE LA CARA
C444;TUMOR MALIGNO DE LA PIEL DEL CUERO CABELLUDO Y DEL CUELLO
C445;TUMOR MALIGNO DE LA PIEL DEL TRONCO
C446;TUMOR MALIGNO DE LA PIEL DEL MIEMBRO SUPERIOR, INCLUIDO EL HOMBRO
C447;TUMOR MALIGNO DE LA PIEL MIEMBRO INFERIOR, INCLUIDA LA CADERA
C448;LESION DE SITIOS CONTIGUOS DE LA PIEL
C449;TUMOR MALIGNO DE LA PIEL, SITIO NO ESPECIFICADO
C45;MESOTELIOMA
C450;MESOTELIOMA DE LA PLEURA
C451;MESOTELIOMA DEL PERITONEO
C452;MESOTELIOMA DEL PERICARDIO
C457;MESOTELIOMA DE OTROS SITIOS ESPECIFICADOS
C459;MESOTELIOMA, DE SITIO NO ESPECIFICADO
C46;SARCOMA DE KAPOSI
C460;SARCOMA DE KAPOSI DE LA PIEL
C461;SARCOMA DE KAPOSI DEL TEJIDO BLANDO
C462;SARCOMA DE KAPOSI DEL PALADAR
C463;SARCOMA DE KAPOSI DE LOS GANGLIOS LINFATICOS
C467;SARCOMA DE KAPOSI DE OTROS SITIOS ESPECIFICADOS
C468;SARCOMA DE KAPOSI DE MULTIPLES ORGANOS
C469;SARCOMA DE KAPOSI DE SITIO NO ESPECIFICADO
C47;TUMOR MALIGNO DE LOS NERVIOS PERIFERICOS Y DEL SISTEMA NERVIOSO AUTONOMO
C470;TUMOR MALIGNO DE LOS NERVIOS PERIFERICOS DE LA CABEZA, CARA Y CUELLO
C471;TUMOR MALIGNO DE LOS NERVIOS PERIFERICOS DEL MIEMBRO SUPERIOR, INCLUIDO EL HOMBRO
C472;TUMOR MALIGNO DE LOS NERVIOS PERIFERICOS DEL MIEMBRO INFERIOR, INCLUIDA LA CADERA
C473;TUMOR MALIGNO DE LOS NERVIOS PERIFERICOS DEL TORAX
C474;TUMOR MALIGNO DE LOS NERVIOS PERIFERICOS DEL ABDOMEN
C475;TUMOR MALIGNO DE LOS NERVIOS PERIFERICOS DE LA PELVIS
C476;TUMOR MALIGNO DE LOS NERVIOS PERIFERICOS DEL TRONCO, SIN OTRA ESPECIFICACION
C478;LESION DE SITIOS CONTIGUOS DE LOS NERVIOS PERIFERICOS Y DEL SISTEMA NERVIOSO AUTONOMO
C479;TUMOR MALIGNO DE LOS NERVIOS PERIFERICOS Y DEL SISTEMA NERVIOSO AUTONOMO, PARTE NO ESPECIFICADA
C48;TUMOR MALIGNO DEL PERITONEO Y DEL RETROPERITONEO
C480;TUMOR MALIGNO DEL RETROPERITONEO
C481;TUMOR MALIGNO DE PARTE ESPECIFICADA DEL PERITONEO
C482;TUMOR MALIGNO DEL PERITONEO, SIN OTRA ESPECIFICACION
C488;LESION DE SITIOS CONTIGUOS DEL PERITONEO Y DEL RETROPERITONEO
C49;TUMOR MALIGNO DE OTROS TEJIDOS CONJUNTIVOS Y DE TEJIDOS BLANDOS
C490;TUMOR MALIGNO DEL TEJIDO CONJUNTIVO Y TEJIDO BLANDO DE LA CABEZA, CARA Y CUELLO
C491;TUMOR MALIGNO DEL TEJIDO CONJUNTIVO Y TEJIDO BLANDO DEL MIEMBRO SUPERIOR, INCLUIDO EL HOMBRO
C492;TUMOR MALIGNO DEL TEJIDO CONJUNTIVO Y TEJIDO BLANDO DEL MIEMBRO INFERIOR, INCLUIDA LA CADERA
C493;TUMOR MALIGNO DEL TEJIDO CONJUNTIVO Y TEJIDO BLANDO DEL TORAX
C494;TUMOR MALIGNO DEL TEJIDO CONJUNTIVO Y TEJIDO BLANDO DEL ABDOMEN
C495;TUMOR MALIGNO DEL TEJIDO CONJUNTIVO Y TEJIDO BLANDO DE LA PELVIS
C496;TUMOR MALIGNO DEL TEJIDO CONJUNTIVO Y TEJIDO BLANDO DEL TRONCO, SIN OTRA ESPECIFICACION
C498;LESION DE SITIOS CONTIGUOS DEL TEJIDO CONJUNTIVO Y DEL TEJIDO BLANDO
C499;TUMOR MALIGNO DEL TEJIDO CONJUNTIVO Y TEJIDO BLANDO, DE SITIO NO ESPECIFICADO
C50;TUMOR MALIGNO DE LA MAMA
C500;TUMOR MALIGNO DEL PEZON Y AREOLA MAMARIA
C501;TUMOR MALIGNO DE LA PORCION CENTRAL DE LA MAMA
C502;TUMOR MALIGNO DEL CUADRANTE SUPERIOR INTERNO DE LA MAMA
C503;TUMOR MALIGNO DEL CUADRANTE INFERIOR INTERNO DE LA MAMA
C504;TUMOR MALIGNO DEL CUADRANTE SUPERIOR EXTERNO DE LA MAMA
C505;TUMOR MALIGNO DEL CUADRANTE INFERIOR EXTERNO DE LA MAMA
C506;TUMOR MALIGNO DE LA PROLONGACION AXILAR DE LA MAMA
C508;LESION DE SITIOS CONTIGUOS DE LA MAMA
C509;TUMOR MALIGNO DE LA MAMA, PARTE NO ESPECIFICADA
C51;TUMOR MALIGNO DE LA VULVA
C510;TUMOR MALIGNO DEL LABIO MAYOR
C511;TUMOR MALIGNO DEL LABIO MENOR
C512;TUMOR MALIGNO DEL CLITORIS
C518;LESION DE SITIOS CONTIGUOS DE LA VULVA
C519;TUMOR MALIGNO DE LA VULVA, PARTE NO ESPECIFICADA
C52X;TUMOR MALIGNO DE LA VAGINA
C53;TUMOR MALIGNO DEL CUELLO DEL UTERO
C530;TUMOR MALIGNO DEL ENDOCERVIX
C531;TUMOR MALIGNO DEL EXOCERVIX
C538;LESION DE SITIOS CONTIGUOS DEL CUELLO DEL UTERO
C539;TUMOR MALIGNO DEL CUELLO DEL UTERO, SIN OTRA ESPECIFICACION
C54;TUMOR MALIGNO DEL CUERPO DEL UTERO
C540;TUMOR MALIGNO DEL ISTMO UTERINO
C541;TUMOR MALIGNO DEL ENDOMETRIO
C542;TUMOR MALIGNO DEL MIOMETRIO
C543;TUMOR MALIGNO DEL FONDO DEL UTERO
C548;LESION DE SITIOS CONTIGUOS DEL CUERPO DEL UTERO
C549;TUMOR MALIGNO DEL CUERPO DEL UTERO, PARTE NO ESPECIFICADA
C55X;TUMOR MALIGNO DEL UTERO, PARTE NO ESPECIFICADA
C56X;TUMOR MALIGNO DEL OVARIO
C57;TUMOR MALIGNO DE OTROS ORGANOS GENITALES FEMENINOS Y DE LOS NO ESPECIFICADOS
C570;TUMOR MALIGNO DE LA TROMPA DE FALOPIO
C571;TUMOR MALIGNO DEL LIGAMENTO ANCHO
C572;TUMOR MALIGNO DEL LIGAMENTO REDONDO
C573;TUMOR MALIGNO DEL PARAMETRIO
C574;TUMOR MALIGNO DE LOS ANEXOS UTERINOS, SIN OTRA ESPECIFICACION
C577;TUMOR MALIGNO DE OTRAS PARTES ESPECIFICADAS DE LOS ORGANOS GENITALES FEMENINOS
C578;LESION DE SITIOS CONTIGUOS DE LOS ORGANOS GENITALES FEMENINOS
C579;TUMOR MALIGNO DE ORGANO GENITAL FEMENINO, PARTE NO ESPECIFICADA
C58X;TUMOR MALIGNO DE LA PLACENTA
C60;TUMOR MALIGNO DEL PENE
C600;TUMOR MALIGNO DEL PREPUCIO
C601;TUMOR MALIGNO DEL GLANDE
C602;TUMOR MALIGNO DEL CUERPO DEL PENE
C608;LESION DE SITIOS CONTIGUOS DEL PENE
C609;TUMOR MALIGNO DEL PENE, PARTE NO ESPECIFICADA
C61X;TUMOR MALIGNO DE LA PROSTATA
C62;TUMOR MALIGNO DEL TESTICULO
C620;TUMOR MALIGNO DEL TESTICULO NO DESCENDIDO
C621;TUMOR MALIGNO DEL TESTICULO DESCENDIDO
C629;TUMOR MALIGNO DEL TESTICULO, NO ESPECIFICADO
C63;TUMOR MALIGNO DE OTROS ORGANOS GENITALES MACULINOS Y DE LOS NO ESPECIFICADOS
C630;TUMOR MALIGNO DEL EPIDIDIMO
C631;TUMOR MALIGNO DEL CORDON ESPERMATICO
C632;TUMOR MALIGNO DEL ESCROTO
C637;TUMOR MALIGNO DE OTRAS PARTES ESPECIFICADAS DE LOS ORGANOS GENITALES MASCULINOS
C638;LESION DE SITIOS CONTIGUOS DE LOS ORGANOS GENITALES MASCULINOS
C639;TUMOR MALIGNO DE ORGANO GENITAL MASCULINO, PARTE NO ESPECIFICADA
C64X;TUMOR MALIGNO DEL RIÑON, EXCEPTO DE LA PELVIS RENAL
C65X;TUMOR MALIGNO DE LA PELVIS RENAL
C66X;TUMOR MALIGNO DEL URETER
C67;TUMOR MALIGNO DE LA VEJIGA URINARIA
C670;TUMOR MALIGNO DEL TRIGONO VESICAL
C671;TUMOR MALIGNO DE LA CUPULA VESICAL
C672;TUMOR MALIGNO DE LA PARED LATERAL DE LA VEJIGA
C673;TUMOR MALIGNO DE LA PARED ANTERIOR DE LA VEJIGA
C674;TUMOR MALIGNO DE LA PARED POSTERIOR DE LA VEJIGA
C675;TUMOR MALIGNO DEL CUELLO DE LA VEJIGA
C676;TUMOR MALIGNO DEL ORIFICIO URETERAL
C677;TUMOR MALIGNO DEL URACO
C678;LESION DE SITIOS CONTIGUOS DE LA VEJIGA
C679;TUMOR MALIGNO DE LA VEJIGA URINARIA, PARTE NO ESPECIFICADA
C68;TUMOR MALIGNO DE OTROS OGANOS URINARIOS Y DE LOS NO ESPECIFICADOS
C680;TUMOR MALIGNO DE LA URETRA
C681;TUMOR MALIGNO DE LAS GLANDULAS PARAURETRALES
C688;LESION DE SITIOS CONTIGUOS DE LOS ORGANOS URINARIOS
C689;TUMOR MALIGNO DE ORGANO URINARIO NO ESPECIFICADO
C69;TUMOR MALIGNO DEL OJO Y SUS ANEXOS
C690;TUMOR MALIGNO DE LA CONJUNTIVA
C691;TUMOR MALIGNO DE LA CORNEA
C692;TUMOR MALIGNO DE LA RETINA
C693;TUMOR MALIGNO DE LA COROIDES
C694;TUMOR MALIGNO DEL CUERPO CILIAR
C695;TUMOR MALIGNO DE LA GLANDULA Y CONDUCTO LAGRIMALES
C696;TUMOR MALIGNO DE LA ORBITA
C698;LESION DE SITIOS CONTIGUOS DEL OJO Y SUS ANEXOS
C699;TUMOR MALIGNO DEL OJO, PARTE NO ESPECIFICADA
C70;TUMOR MALIGNO DE LAS MENINGES
C700;TUMOR MALIGNO DE LAS MENINGES CEREBRALES
C701;TUMOR MALIGNO DE LAS MENINGES RAQUIDEAS
C709;TUMOR MALIGNO DE LAS MENINGES, PARTE NO ESPECIFICADA
C71;TUMOR MALIGNO DEL ENCEFALO
C710;TUMOR MALIGNO DEL CEREBRO, EXCEPTO LOBULOS Y VENTRICULOS
C711;TUMOR MALIGNO DEL LOBULO FRONTAL
C712;TUMOR MALIGNO DEL LOBULO TEMPORAL
C713;TUMOR MALIGNO DEL LOBULO PARIETAL
C714;TUMOR MALIGNO DEL LOBULO OCCIPITAL
C715;TUMOR MALIGNO DEL VENTRICULO CEREBRAL
C716;TUMOR MALIGNO DEL CEREBELO
C717;TUMOR MALIGNO DEL PEDUNCULO CEREBRAL
C718;LESION DE SITIOS CONTIGUOS DEL ENCEFALO
C719;TUMOR MALIGNO DEL ENCEFALO, PARTE NO ESPECIFICADA
C72;TUMOR MALIGNO DE LA MEDULA ESPINAL, DE LOS NERVIOS CRANEALES Y DE OTRAS PARTES DEL SISTEMA NERVIOSO CENTRAL
C720;TUMOR MALIGNO DE LA MEDULA ESPINAL
C721;TUMOR MALIGNO DE LA COLA DE CABALLO
C722;TUMOR MALIGNO DEL NERVIO OLFATORIO
C723;TUMOR MALIGNO DEL NERVIO OPTICO
C724;TUMOR MALIGNO DEL NERVIO ACUSTICO
C725;TUMOR MALIGNO DE OTROS NERVIOS CRANEALES Y LOS NO ESPECIFICADOS
C728;LESION DE SITIOS CONTIGUOS DEL ENCEFALO Y OTRAS PARTES DEL SISTEMA NERVIOSO CENTRAL
C729;TUMOR MALIGNO DEL SISTEMA NERVIOSO CENTRAL, SIN OTRA ESPECIFICACION
C73X;TUMOR MALIGNO DE LA GLANDULA TIROIDES
C74;TUMOR MALIGNO DE LA GLANDULA SUPRARRENAL
C740;TUMOR MALIGNO DE LA CORTEZA DE LA GLANDULA SUPRARRENAL
C741;TUMOR MALIGNO DE LA MEDULA DE LA GLANDULA SUPRARRENAL
C749;TUMOR MALIGNO DE LA GLANDULA SUPRARRENAL, PARTE NO ESPECIFICADA
C75;TUMOR MALIGNO DE OTRAS GLANDULAS ENDOCRINAS Y DE ESTRUCTURAS AFINES
C750;TUMOR MALIGNO DE LA GLANDULA PARATIROIDES
C751;TUMOR MALIGNO DE LA HIPOFISIS
C752;TUMOR MALIGNO DEL CONDUCTO CRANEOFARINGEO
C753;TUMOR MALIGNO DE LA GLANDULA PINEAL
C754;TUMOR MALIGNO DEL CUERPO CAROTIDEO
C755;TUMOR MALIGNO DEL CUERPO AORTICO Y OTROS CUERPOS CROMAFINES
C758;TUMOR MALIGNO PLURIGLANDULAR, NO ESPECIFICADO
C759;TUMOR MALIGNO DE GLANDULA ENDOCRINA NO ESPECIFICADA
C76;TUMOR MALIGNO DE OTROS SITIOS Y DE LOS SITIOS MAL DEFINIDOS
C760;TUMOR MALIGNO DE LA CABEZA, CARA Y CUELLO
C761;TUMOR MALIGNO DEL TORAX
C762;TUMOR MALIGNO DEL ABDOMEN
C763;TUMOR MALIGNO DE LA PELVIS
C764;TUMOR MALIGNO DEL MIEMBRO SUPERIOR
C765;TUMOR MALIGNO DEL MIEMBRO INFERIOR
C767;TUMOR MALIGNO DE OTROS SITIOS MAL DEFINIDOS
C768;LESION DE SITIOS CONTIGUOS MAL DEFINIDOS
C77;TUMOR MALIGNO SECUNDARIO Y EL NO ESPECIFICADO DE LOS GANGLIOS LINFATICOS
C770;TUMOR MALIGNO DE LOS GANGLIOS LINFATICOS DE LA CABEZA, CARA Y CUELLO
C771;TUMOR MALIGNO DE LOS GANGLIOS LINFATICOS INTRATORACICOS
C772;TUMOR MALIGNO DE LOS GANGLIOS LINFATICOS INTRAABDOMINALES
C773;TUMOR MALIGNO DE LOS GANGLIOS LINFATICOS DE LA AXILA Y DEL MIEMBRO SUPERIOR
C774;TUMOR MALIGNO DE LOS GANGLIOS LINFATICOS DE LA REGION INGUINAL Y DEL MIEMBRO INFERIOR
C775;TUMOR MALIGNO DE LOS GANGLIOS LINFATICOS DE LA PELVIS
C778;TUMOR MALIGNO DE LOS GANGLIOS LINFATICOS DE REGIONES MULTIPLES
C779;TUMOR MALIGNO DEL GANGLIO LINFATICO, SITIO NO ESPECIFICADO
C78;TUMOR MALIGNO SECUNDARIO DE LOS ORGANOS RESPIRATORIOS Y DIGESTIVOS
C780;TUMOR MALIGNO SECUNDARIO DEL PULMON
C781;TUMOR MALIGNO SECUNDARIO DEL MEDIASTINO
C782;TUMOR MALIGNO SECUNDARIO DE LA PLEURA
C783;TUMOR MALIGNO SECUNDARIO DE OTROS ORGANOS RESPIRATORIOS Y DE LOS NO ESPECIFICADOS
C784;TUMOR MALIGNO SECUNDARIO DEL INTESTINO DELGADO
C785;TUMOR MALIGNO SECUNDARIO DEL INTESTINO GRUESO Y DEL RECTO
C786;TUMOR MALIGNO SECUNDARIO DEL PERITONEO Y DEL RETROPERITONEO
C787;TUMOR MALIGNO SECUNDARIO DEL HIGADO Y DE LOS CONDUCTOS BILIARES INTRAHEPATICOS
C788;TUMOR MALIGNO SECUNDARIO DE OTROS ORGANOS DIGESTIVOS Y DE LOS NO ESPECIFICADOS
C79;TUMOR MALIGNO SECUNDARIO DE OTROS SITIOS Y DE SITIOS NO ESPECIFICADOS
C790;TUMOR MALIGNO SECUNDARIO DEL RIÑON Y DE LA PELVIS RENAL
C791;TUMOR MALIGNO SECUNDARIO DE LA VEJIGA, Y DE OTROS ORGANOS Y LOS NO ESPECIFICADOS DE LAS VIAS URINARIAS
C792;TUMOR MALIGNO SECUNDARIO DE LA PIEL
C793;TUMOR MALIGNO SECUNDARIO DEL ENCEFALO Y DE LAS MENINGES CEREBRALES
C794;TUMOR MALIGNO SECUNDARIO DE OTRAS PARTES DEL SISTEMA NERVIOSO Y DE LAS NO ESPECIFICADAS
C795;TUMOR MALIGNO SECUNDARIO DE LOS HUESOS Y DE LA MEDULA OSEA
C796;TUMOR MALIGNO SECUNDARIO DEL OVARIO
C797;TUMOR MALIGNO SECUNDARIO DE LA GLANDULA SUPRARRENAL
C798;TUMOR MALIGNO SECUNDARIO DE OTROS SITIOS ESPECIFICADOS
C799;TUMOR MALIGNO SECUNDARIO, SITIO NO ESPECIFICADO
C80;TUMOR MALIGNO DE SITIOS NO ESPECIFICADOS
C800;TUMOR MALIGNO, DE SITIO PRIMARIO DESCONOCIDO, ASI DESCRITO
C809;TUMOR MALIGNO, SITIO PRIMARIO NO ESPECIFICADO
C80X;TUMOR MALIGNO DE SITIOS NO ESPECIFICADOS
C81;LINFOMA DE HODGKIN
C810;LINFOMA DE HODGKIN CON PREDOMINIO LINFOCITICO NODULAR
C811;LINFOMA DE HODGKIN CLASICO CON ESCLEROSIS NODULAR
C812;LINFOMA DE HODGKIN CLASICO CON CELULARIDAD MIXTA
C813;LINFOMA DE HODGKIN CLASICO CON DEPLECION LINFOCITICA
C814;LINFOMA DE HODGKIN CLASICO RICO EN LINFOCITOS
C817;OTROS TIPOS DE LINFOMAS DE HODGKIN CLASICOS
C819;LINFOMA DE HODGKIN, NO ESPECIFICADO
C82;LINFOMA FOLICULAR
C820;LINFOMA FOLICULAR GRADO I
C821;LINFOMA FOLICULAR GRADO II
C822;LINFOMA FOLICULAR GRADO III NO ESPECIFICADO
C823;LINFOMA FOLICULAR GRADO IIIA
C824;LINFOMA FOLICULAR GRADO IIIB
C825;LINFOMA CENTRO FOLICULAR DIFUSO
C826;LINFOMA CENTRO FOLICULAR CUTANEO
C827;OTROS TIPOS ESPECIFICADOS DE LINFOMA FOLICULAR
C829;LINFOMA FOLICULAR, SIN OTRA ESPECIFICACION
C83;LINFOMA NO FOLICULAR
C830;LINFOMA DE CELULAS B PEQUEÑAS
C831;LINFOMA DE CELULAS DEL MANTO
C832;LINFOMA NO HODGKIN MIXTO, DE CELULAS PEQUEÑAS Y GRANDES (DIFUSO)
C833;LINFOMA DE CELULAS GRANDES B DIFUSO
C834;LINFOMA NO HODGKIN INMUNOBLASTICO (DIFUSO)
C835;LINFOMA LINFOBLASTICO (DIFUSO)
C836;LINFOMA NO HODGKIN INDIFERENCIADO (DIFUSO)
C837;LINFOMA DE BURKITT
C838;OTROS TIPOS ESPECIFICADOS DE LINFOMA NO FOLICULAR
C839;LINFOMA NO FOLICULAR (DIFUSO), SIN OTRA ESPECIFICACION
C84;LINFOMA DE CELULAS T/NK MADURAS
C840;MICOSIS FUNGOIDE
C841;ENFERMEDAD DE SEZARY
C842;LINFOMA DE ZONA T
C843;LINFOMA LINFOEPITELIOIDE
C844;LINFOMA PERIFERICO DE CELULAS T, NO CLASIFICADO EN OTRA PARTE
C845;OTROS LINFOMAS DE CELULAS T/NK MADURAS
C846;LINFOMA ANAPLASICO DE CELULAS GRANDES ALK-POSITIVO
C847;LINFOMA ANAPLASICO DE CELULAS GRANDES ALK-NEGATIVO
C848;LINFOMA CUTANEO DE CELULAS T, NO ESPECIFICADO
C849;LINFOMA DE CELULAS T/NK MADURAS, NO ESPECIFICADO
C85;LINFOMA NO HODGKIN DE OTRO TIPO Y EL NO ESPECIFICADO
C850;LINFOSARCOMA
C851;LINFOMA DE CELULAS B, SIN OTRA ESPECIFICACION
C852;LINFOMA MEDIASTINAL DE CELULAS B GRANDES (DEL TIMO)
C857;OTROS TIPOS ESPECIFICADOS DE LINFOMA NO HODGKIN
C859;LINFOMA NO HODGKIN, NO ESPECIFICADO
C86;OTROS TIPOS ESPECIFICADOS DE LINFOMA DE CELULAS T/NK
C860;LINFOMA EXTRANODAL DE CELULAS T/NK, TIPO NASAL
C861;LINFOMA HEPATOESPLENICO DE CELULAS T
C862;LINFOMA DE CELULAS T TIPO ENTEROPATIA (INTESTINAL)
C863;LINFOMA DE CELULAS T TIPO PANICULITIS SUBCUTANEA
C864;LINFOMA BLASTICO DE CELULAS NK
C865;LINFOMA ANGIOINMUNOBLASTICO DE CELULAS T
C866;TRASTORNOS LINFOPROLIFERATIVOS PRIMARIO CUTANEOS DE CELULAS T CD30-POSITIVO
C88;ENFERMEDADES INMUNOPROLIFERATIVAS MALIGNAS
C880;MACROGLOBULINEMIA DE WALDENSTRÖM
C881;ENFERMEDAD DE CADENA PESADA ALFA
C882;OTRAS ENFERMEDADES DE CADENA PESADA
C883;ENFERMEDAD INMUNOPROLIFERATIVA DEL INTESTINO DELGADO
C884;LINFOMA DE CELULAS B EXTRANODAL DE ZONA MARGINAL DE TEJIDO LINFOIDE ASOCIADO A MUCOSAS [LINFOMA TLAM]
C887;OTRAS ENFERMEDADES INMUNOPROLIFERATIVAS MALIGNAS
C889;ENFERMEDAD INMUNOPROLIFERATIVA MALIGNA, SIN OTRA ESPECIFICACION
C90;MIELOMA MULTIPLE Y TUMORES MALIGNOS DE CELULAS PLASMATICAS
C900;MIELOMA MULTIPLE
C901;LEUCEMIA DE CELULAS PLASMATICAS
C902;PLASMOCITOMA EXTRAMEDULAR
C903;PLASMOCITOMA SOLITARIO
C91;LEUCEMIA LINFOIDE
C910;LEUCEMIA LINFOBLASTICA AGUDA [LLA]
C911;LEUCEMIA LINFOCITICA CRONICA DE CELULA TIPO B
C912;LEUCEMIA LINFOCITICA SUBAGUDA
C913;LEUCEMIA PROLINFOCITICA DE CELULA TIPO B
C914;LEUCEMIA DE CELULAS VELLOSAS
C915;LEUCEMIA/LINFOMA DE CELULAS T ADULTAS [HTLV-1-ASOCIADO]
C916;LEUCEMIA PROLINFOCITICA DE CELULAS TIPO T
C917;OTRAS LEUCEMIAS LINFOIDES
C918;LEUCEMIA TIPO BURKITT DE CELULAS B MADURAS
C919;LEUCEMIA LINFOIDE, SIN OTRA ESPECIFICACION
C92;LEUCEMIA MIELOIDE
C920;LEUCEMIA MIELOBLASTICA AGUDA [LMA]
C921;LEUCEMIA MIELOIDE CRONICA [LMC], BCR/ABL-POSITIVO
C922;LEUCEMIA MIELOIDE CRONICA ATIPICA, BCR/ABL-NEGATIVO
C923;SARCOMA MIELOIDE
C924;LEUCEMIA PROMIELOCITICA AGUDA [LPA]
C925;LEUCEMIA MIELOMONOCITICA AGUDA
C926;LEUCEMIA MIELOIDE AGUDA CON ANORMALIDAD 11Q23
C927;OTRAS LEUCEMIAS MIELOIDES
C928;LEUCEMIA MIELOIDE AGUDA CON DISPLASIA MULTILINAJE
C929;LEUCEMIA MIELOIDE, SIN OTRA ESPECIFICACION
C93;LEUCEMIA MONOCITICA
C930;LEUCEMIA MONOCITICA/MONOBLASTICA AGUDA
C931;LEUCEMIA MIELOMONOCITICA CRONICA
C932;LEUCEMIA MONOCITICA SUBAGUDA
C933;LEUCEMIA MIELOMONOCITICA JUVENIL
C937;OTRAS LEUCEMIAS MONOCITICAS
C939;LEUCEMIA MONOCITICA, SIN OTRA ESPECIFICACION
C94;OTRAS LEUCEMIAS DE TIPO CELULAR ESPECIFICADO
C940;LEUCEMIA ERITROIDE AGUDA
C941;ERITREMIA CRONICA
C942;LEUCEMIA MEGACARIOBLASTICA AGUDA
C943;LEUCEMIA DE MASTOCITOS
C944;PANMIELOSIS AGUDA CON MIELOFIBROSIS
C945;MIELOFIBROSIS AGUDA
C946;ENFERMEDAD MIELODISPLASICA Y MIELOPROLIFERATIVA, NO CLASIFICADA EN OTRA PARTE
C947;OTRAS LEUCEMIAS ESPECIFICADAS
C95;LEUCEMIA DE CELULAS DE TIPO NO ESPECIFICADO
C950;LEUCEMIA AGUDA, CELULAS DE TIPO NO ESPECIFICADO
C951;LEUCEMIA CRONICA, CELULAS DE TIPO NO ESPECIFICADO
C952;LEUCEMIA SUBAGUDA, CELULAS DE TIPO NO ESPECIFICADO
C957;OTRAS LEUCEMIAS DE CELULAS DE TIPO NO ESPECIFICADO
C959;LEUCEMIA, NO ESPECIFICADA
C96;OTROS TUMORES MALIGNOS Y LOS NO ESPECIFICADOS DEL TEJIDO LINFATICO, DE LOS ORGANOS HEMATOPOYETICOS Y DE TEJIDOS AFINES
C960;HISTIOCITOSIS DE CELULAS DE LANGERHANS MULTIFOCAL Y MULTISISTEMICA (DISEMINADA) [ENFERMEDAD DE LETTERER-SIWE]
C961;HISTIOCITOSIS MALIGNA
C962;TUMOR MALIGNO DE MASTOCITOS
C963;LINFOMA HISTIOCITICO VERDADERO
C964;SARCOMA DE CELULAS DENDRITICAS (CELULAS ACCESORIAS)
C965;HISTIOCITOSIS DE CELULAS DE LANGERHANS MULTIFOCAL Y UNISISTEMICA
C966;HISTIOCITOSIS DE CELULAS DE LANGERHANS UNIFOCAL
C967;OTROS TUMORES MALIGNOS ESPECIFICADOS DEL TEJIDO LINFATICO, HEMATOPOYETICO Y TEJIDOS AFINES
C968;SARCOMA HISTIOCITICO
C969;TUMOR MALIGNO DEL TEJIDO LINFATICO, HEMATOPOYETICO Y TEJIDOS AFINES, SIN OTRA ESPECIFICACION
C97X;TUMORES MALIGNOS (PRIMARIOS) DE SITIOS MULTIPLES INDEPENDIENTES
D00;CARCINOMA IN SITU DE LA CAVIDAD BUCAL, DEL ESOFAGO Y DEL ESTOMAGO
D000;CARCINOMA IN SITU DEL LABIO, DE LA CAVIDAD BUCAL Y DE LA FARINGE
D001;CARCINOMA IN SITU DEL ESOFAGO
D002;CARCINOMA IN SITU DEL ESTOMAGO
D01;CARCINOMA IN SITU DE OTROS ORGANOS DIGESTIVOS Y DE LOS NO ESPECIFICADOS
D010;CARCINOMA IN SITU DEL COLON
D011;CARCINOMA IN SITU DE LA UNION RECTOSIGMOIDEA
D012;CARCINOMA IN SITU DEL RECTO
D013;CARCINOMA IN SITU DEL ANO Y DEL CONDUCTO ANAL
D014;CARCINOMA IN SITU DE OTRAS PARTES Y DE LAS NO ESPECIFICADAS DEL INTESTINO
D015;CARCINOMA IN SITU DEL HIGADO, DE LA VESICULA BILIAR Y DEL CONDUCTO BILIAR
D017;CARCINOMA IN SITU DE OTRAS PARTES ESPECIFICADAS DE ORGANOS DIGESTIVOS
D019;CARCINOMA IN SITU DE ORGANOS DIGESTIVOS NO ESPECIFICADOS
D02;CARCINOMA IN SITU DEL SISTEMA RESPIRATORIO Y DEL OIDO MEDIO
D020;CARCINOMA IN SITU DE LA LARINGE
D021;CARCINOMA IN SITU DE LA TRAQUEA
D022;CARCINOMA IN SITU DEL BRONQUIO Y DEL PULMON
D023;CARCINOMA IN SITU DE OTRAS PARTES DEL SISTEMA RESPIRATORIO
D024;CARCINOMA IN SITU DE ORGANOS RESPIRATORIOS NO ESPECIFICADOS
D03;MELANOMA IN SITU
D030;MELANOMA IN SITU DEL LABIO
D031;MELANOMA IN SITU DEL PARPADO Y DE LA COMISURA PALPEBRAL
D032;MELANOMA IN SITU DE LA OREJA Y DEL CONDUCTO AUDITIVO EXTERNO
D033;MELANOMA IN SITU DE OTRAS PARTES Y DE LAS NO ESPECIFICADAS DE LA CARA
D034;MELANOMA IN SITU DEL CUERO CABELLUDO Y DEL CUELLO
D035;MELANOMA IN SITU DEL TRONCO
D036;MELANOMA IN SITU DEL MIEMBRO SUPERIOR, INCLUIDO EL HOMBRO
D037;MELANOMA IN SITU DEL MIEMBRO INFERIOR, INCLUIDA LA CADERA
D038;MELANOMA IN SITU DE OTROS SITIOS
D039;MELANOMA IN SITU, SITIO NO ESPECIFICADO
D04;CARCINOMA IN SITU DE LA PIEL
D040;CARCINOMA IN SITU DE LA PIEL DEL LABIO
D041;CARCINOMA IN SITU DE LA PIEL DEL PARPADO Y DE LA COMISURA PALPEBRAL
D042;CARCINOMA IN SITU DE LA PIEL DE LA OREJA Y DEL CONDUCTO AUDITIVO EXTERNO
D043;CARCINOMA IN SITU DE LA PIEL DE OTRAS PARTES Y DE LAS NO ESPECIFICADAS DE LA CARA
D044;CARCINOMA IN SITU DE LA PIEL DEL CUERO CABELLUDO Y CUELLO
D045;CARCINOMA IN SITU DE LA PIEL DEL TRONCO
D046;CARCINOMA IN SITU DE LA PIEL DEL MIEMBRO SUPERIOR, INCLUIDO EL HOMBRO
D047;CARCINOMA IN SITU DE LA PIEL DEL MIEMBRO INFERIOR, INCLUIDA LA CADERA
D048;CARCINOMA IN SITU DE LA PIEL DE OTROS SITIOS ESPECIFICADOS
D049;CARCINOMA IN SITU DE LA PIEL, SITIO NO ESPECIFICADO
D05;CARCINOMA IN SITU DE LA MAMA
D050;CARCINOMA IN SITU LOBULAR
D051;CARCINOMA IN SITU INTRACANALICULAR
D057;OTROS CARCINOMAS IN SITU DE LA MAMA
D059;CARCINOMA IN SITU DE LA MAMA, PARTE NO ESPECIFICADA
D06;CARCINOMA IN SITU DEL CUELLO DEL UTERO
D060;CARCINOMA IN SITU DEL ENDOCERVIX
D061;CARCINOMA IN SITU DEL EXOCERVIX
D067;CARCINOMA IN SITU DE OTRAS PARTES ESPECIFICADAS DEL CUELLO DEL UTERO
D069;CARCINOMA IN SITU DEL CUELLO DEL UTERO, PARTE NO ESPECIFICADA
D07;CARCINOMA IN SITU DE OTROS ORGANOS GENITALES Y DE LOS NO ESPECIFICADOS
D070;CARCINOMA IN SITU DEL ENDOMETRIO
D071;CARCINOMA IN SITU DE LA VULVA
D072;CARCINOMA IN SITU DE LA VAGINA
D073;CARCINOMA IN SITU DE OTROS SITIOS DE ORGANOS GENITALES FEMENINOS Y DE LOS NO ESPECIFICADOS
D074;CARCINOMA IN SITU DEL PENE
D075;CARCINOMA IN SITU DE LA PROSTATA
D076;CARCINOMA IN SITU DE OTROS ORGANOS GENITALES MASCULINOS Y DE LOS NO ESPECIFICADOS
D09;CARCINOMA IN SITU DE OTROS SITIOS Y DE LOS NO ESPECIFICADOS
D090;CARCINOMA IN SITU DE LA VEJIGA
D091;CARCINOMA IN SITU DE OTROS ORGANOS URINARIOS Y DE LOS NO ESPECIFICADOS
D092;CARCINOMA IN SITU DEL OJO
D093;CARCINOMA IN SITU DE LA GLANDULA TIROIDES Y DE OTRAS GLANDULAS ENDOCRINAS
D097;CARCINOMA IN SITU DE OTROS SITIOS ESPECIFICADOS
D099;CARCINOMA IN SITU, SITIO NO ESPECIFICADO
D10;TUMOR BENIGNO DE LA BOCA Y DE LA FARINGE
D100;TUMOR BENIGNO DEL LABIO
D101;TUMOR BENIGNO DE LA LENGUA
D102;TUMOR BENIGNO DEL PISO DE LA BOCA
D103;TUMOR BENIGNO DE OTRAS PARTES Y DE LAS NO ESPECIFICADAS DE LA BOCA
D104;TUMOR BENIGNO DE LA AMIGDALA
D105;TUMOR BENIGNO DE OTRAS PARTES DE LA OROFARINGE
D106;TUMOR BENIGNO DE LA NASOFARINGE
D107;TUMOR BENIGNO DE LA HIPOFARINGE
D109;TUMOR BENIGNO DE LA FARINGE, PARTE NO ESPECIFICADA
D11;TUMOR BENIGNO DE LAS GLANDULAS SALIVALES MAYORES
D110;TUMOR BENIGNO DE LA GLANDULA PAROTIDA
D117;TUMOR BENIGNO DE OTRAS GLANDULAS SALIVALES MAYORES ESPECIFICADAS
D119;TUMOR BENIGNO DE LA GLANDULA SALIVAL MAYOR, SIN OTRA ESPECIFICACION
D12;TUMOR BENIGNO DEL COLON, DEL RECTO, DEL CONDUCTO ANAL Y DEL ANO
D120;TUMOR BENIGNO DEL CIEGO
D121;TUMOR BENIGNO DEL APENDICE
D122;TUMOR BENIGNO DEL COLON ASCENDENTE
D123;TUMOR BENIGNO DEL COLON TRANSVERSO
D124;TUMOR BENIGNO DEL COLON DESCENDENTE
D125;TUMOR BENIGNO DEL COLON SIGMOIDE
D126;TUMOR BENIGNO DEL COLON, PARTE NO ESPECIFICADA
D127;TUMOR BENIGNO DE LA UNION RECTOSIGMOIDEA
D128;TUMOR BENIGNO DEL RECTO
D129;TUMOR BENIGNO DEL CONDUCTO ANAL Y DEL ANO
D13;TUMOR BENIGNO DE OTRAS PARTES Y DE LAS MAL DEFINIDAS DEL SISTEMA DIGESTIVO
D130;TUMOR BENIGNO DEL ESOFAGO
D131;TUMOR BENIGNO DEL ESTOMAGO
D132;TUMOR BENIGNO DEL DUODENO
D133;TUMOR BENIGNO DE OTRAS PARTES Y DE LAS NO ESPECIFICADAS DEL INTESTINO DELGADO
D134;TUMOR BENIGNO DEL HIGADO
D135;TUMOR BENIGNO DE LAS VIAS BILIARES EXTRAHEPATICAS
D136;TUMOR BENIGNO DEL PANCREAS
D137;TUMOR BENIGNO DEL PANCREAS ENDOCRINO
D139;TUMOR BENIGNO DE SITIOS MAL DEFINIDOS DEL SISTEMA DIGESTIVO
D14;TUMOR BENIGNO DEL OIDO MEDIO Y DEL SISTEMA RESPIRATORIO
D140;TUMOR BENIGNO DEL OIDO MEDIO, DE LA CAVIDAD NASAL Y DE LOS SENOS PARANASALES
D141;TUMOR BENIGNO DE LA LARINGE
D142;TUMOR BENIGNO DE LA TRAQUEA
D143;TUMOR BENIGNO DE LOS BRONQUIOS Y DEL PULMON
D144;TUMOR BENIGNO DEL SISTEMA RESPIRATORIO, SITIO NO ESPECIFICADO
D15;TUMOR BENIGNO DE OTROS ORGANOS INTRATORACICOS Y DE LOS NO ESPECIFICADOS
D150;TUMOR BENIGNO DEL TIMO
D151;TUMOR BENIGNO DEL CORAZON
D152;TUMOR BENIGNO DEL MEDIASTINO
D157;TUMOR BENIGNO DE OTROS ORGANOS INTRATORACICOS ESPECIFICADOS
D159;TUMOR BENIGNO DE ORGANO INTRATORACICO NO ESPECIFICADO
D16;TUMOR BENIGNO DEL HUESO Y DEL CARTILAGO ARTICULAR
D160;TUMOR BENIGNO DEL OMOPLATO Y HUESOS LARGOS DEL MIEMBRO SUPERIOR
D161;TUMOR BENIGNO DE LOS HUESOS CORTOS DEL MIEMBRO SUPERIOR
D162;TUMOR BENIGNO DE LOS HUESOS LARGOS DEL MIEMBRO INFERIOR
D163;TUMOR BENIGNO DE LOS HUESOS CORTOS DEL MIEMBRO INFERIOR
D164;TUMOR BENIGNO DE LOS HUESOS DEL CRANEO Y DE LA CARA
D165;TUMOR BENIGNO DEL MAXILAR INFERIOR
D166;TUMOR BENIGNO DE LA COLUMNA VERTEBRAL
D167;TUMOR BENIGNO DE LAS COSTILLAS, ESTERNON Y CLAVICULA
D168;TUMOR BENIGNO DE LOS HUESOS PELVICOS, SACRO Y COCCIX
D169;TUMOR BENIGNO DEL HUESO Y DEL CARTILAGO ARTICULAR, SITIO NO ESPECIFICADO
D17;TUMORES BENIGNOS LIPOMATOSOS
D170;TUMOR BENIGNO LIPOMATOSO DE PIEL Y DE TEJIDO SUBCUTANEO DE CABEZA, CARA Y CUELLO
D171;TUMOR BENIGNO LIPOMATOSO DE PIEL Y DE TEJIDO SUBCUTANEO DEL TRONCO
D172;TUMOR BENIGNO LIPOMATOSO DE PIEL Y DE TEJIDO SUBCUTANEO DE MIEMBROS
D173;TUMOR BENIGNO LIPOMATOSO DE PIEL Y DE TEJIDO SUBCUTANEO DE OTROS SITIOS Y DE LOS NO ESPECIFICADOS
D174;TUMOR BENIGNO LIPOMATOSO DE LOS ORGANOS INTRATORACICOS
D175;TUMOR BENIGNO LIPOMATOSO DE LOS ORGANOS INTRAABDOMINALES
D176;TUMOR BENIGNO LIPOMATOSO DEL CORDON ESPERMATICO
D177;TUMOR BENIGNO LIPOMATOSO DE OTROS SITIOS ESPECIFICADOS
D179;TUMOR BENIGNO LIPOMATOSO, DE SITIO NO ESPECIFICADO
D18;HEMANGIOMA Y LINFANGIOMA DE CUALQUIER SITIO
D180;HEMANGIOMA, DE CUALQUIER SITIO
D181;LINFANGIOMA, DE CUALQUIER SITIO
D19;TUMORES BENIGNOS DEL TEJIDO MESOTELIAL
D190;TUMOR BENIGNO DEL TEJIDO MESOTELIAL DE LA PLEURA
D191;TUMOR BENIGNO DEL TEJIDO MESOTELIAL DEL PERITONEO
D197;TUMOR BENIGNO DEL TEJIDO MESOTELIAL DE OTROS SITIOS ESPECIFICADOS
D199;TUMOR BENIGNO DEL TEJIDO MESOTELIAL, DE SITIO NO ESPECIFICADO
D20;TUMOR BENIGNO DEL TEJIDO BLANDO DEL PERITONEO Y DEL RETROPERITONEO
D200;TUMOR BENIGNO DEL RETROPERITONEO
D201;TUMOR BENIGNO DEL PERITONEO
D21;OTROS TUMORES BENIGNOS DEL TEJIDO CONJUNTIVO Y DE LOS TEJIDOS BLANDOS
D210;TUMOR BENIGNO DEL TEJIDO CONJUNTIVO Y DE OTROS TEJIDOS BLANDOS DE CABEZA, CARA Y CUELLO
D211;TUMOR BENIGNO DEL TEJIDO CONJUNTIVO Y DE OTROS TEJIDOS BLANDOS DEL MIEMBRO SUPERIOR, INCLUIDO EL HOMBRO
D212;TUMOR BENIGNO DEL TEJIDO CONJUNTIVO Y DE OTROS TEJIDOS BLANDOS DEL MIEMBRO INFERIOR, INCLUIDA LA CADERA
D213;TUMOR BENIGNO DEL TEJIDO CONJUNTIVO Y DE OTROS TEJIDOS BLANDOS DEL TORAX
D214;TUMOR BENIGNO DEL TEJIDO CONJUNTIVO Y OTROS TEJIDOS BLANDOS DEL ABDOMEN
D215;TUMOR BENIGNO DEL TEJIDO CONJUNTIVO Y OTROS TEJIDOS BLANDOS DE LA PELVIS
D216;TUMOR BENIGNO DEL TEJIDO CONJUNTIVO Y OTROS TEJIDOS BLANDOS DEL TRONCO, SIN OTRA ESPECIFICACION
D219;TUMOR BENIGNO DEL TEJIDO CONJUNTIVO Y OTROS TEJIDOS BLANDOS, DE SITIO NO ESPECIFICADO
D22;NEVO MELANOCITICO
D220;NEVO MELANOCITICO DEL LABIO
D221;NEVO MELANOCITICO DEL PARPADO, INCLUIDA LA COMISURA PALPEBRAL
D222;NEVO MELANOCITICO DE LA OREJA Y DEL CONDUCTO AUDITIVO EXTERNO
D223;NEVO MELANOCITICO DE OTRAS PARTES Y DE LAS NO ESPECIFICADAS DE LA CARA
D224;NEVO MELANOCITICO DEL CUERO CABELLUDO Y DEL CUELLO
D225;NEVO MELANOCITICO DEL TRONCO
D226;NEVO MELANOCITICO DEL MIEMBRO SUPERIOR, INCLUIDO EL HOMBRO
D227;NEVO MELANOCITICO DEL MIEMBRO INFERIOR, INCLUIDA LA CADERA
D229;NEVO MELANOCITICO, SITIO NO ESPECIFICADO
D23;OTROS TUMORES BENIGNOS DE LA PIEL
D230;TUMOR BENIGNO DE LA PIEL DEL LABIO
D231;TUMOR BENIGNO DE LA PIEL DEL PARPADO, INCLUIDA LA COMISURA PALPEBRAL
D232;TUMOR BENIGNO DE LA PIEL DE LA OREJA Y DEL CONDUCTO AUDITIVO EXTERNO
D233;TUMOR BENIGNO DE LA PIEL DE OTRAS PARTES Y DE LAS NO ESPECIFICADAS DE LA CARA
D234;TUMOR BENIGNO DE LA PIEL DEL CUERO CABELLUDO Y DEL CUELLO
D235;TUMOR BENIGNO DE LA PIEL DEL TRONCO
D236;TUMOR BENIGNO DE LA PIEL DEL MIEMBRO SUPERIOR, INCLUIDO EL HOMBRO
D237;TUMOR BENIGNO DE LA PIEL DEL MIEMBRO INFERIOR, INCLUIDA LA CADERA
D239;TUMOR BENIGNO DE LA PIEL, SITIO NO ESPECIFICADO
D24X;TUMOR BENIGNO DE LA MAMA
D25;LEIOMIOMA DEL UTERO
D250;LEIOMIOMA SUBMUCOSO DEL UTERO
D251;LEIOMIOMA INTRAMURAL DEL UTERO
D252;LEIOMIOMA SUBSEROSO DEL UTERO
D259;LEIOMIOMA DEL UTERO, SIN OTRA ESPECIFICACION
D26;OTROS TUMORES BENIGNOS DEL UTERO
D260;TUMOR BENIGNO DEL CUELLO DEL UTERO
D261;TUMOR BENIGNO DEL CUERPO DEL UTERO
D267;TUMOR BENIGNO DE OTRAS PARTES ESPECIFICADAS DEL UTERO
D269;TUMOR BENIGNO DEL UTERO, PARTE NO ESPECIFICADA
D27X;TUMOR BENIGNO DEL OVARIO
D28;TUMOR BENIGNO DE OTROS ORGANOS GENITALES FEMENINOS Y DE LOS NO ESPECIFICADOS
D280;TUMOR BENIGNO DE LA VULVA
D281;TUMOR BENIGNO DE LA VAGINA
D282;TUMOR BENIGNO DE LA TROMPA DE FALOPIO Y DE LOS LIGAMENTOS UTERINOS
D287;TUMOR BENIGNO DE OTROS SITIOS ESPECIFICADOS DE LOS ORGANOS GENITALES FEMENINOS
D289;TUMOR BENIGNO DE ORGANO GENITAL FEMENINO, SITIO NO ESPECIFICADO
D29;TUMOR BENIGNO DE LOS ORGANOS GENITALES MASCULINOS
D290;TUMOR BENIGNO DEL PENE
D291;TUMOR BENIGNO DE LA PROSTATA
D292;TUMOR BENIGNO DE LOS TESTICULOS
D293;TUMOR BENIGNO DEL EPIDIDIMO
D294;TUMOR BENIGNO DEL ESCROTO
D297;TUMOR BENIGNO DE OTROS ORGANOS GENITALES MASCULINOS
D299;TUMOR BENIGNO DE ORGANO GENITAL MASCULINO, SITIO NO ESPECIFICADO
D30;TUMOR BENIGNO DE LOS ORGANOS URINARIOS
D300;TUMOR BENIGNO DEL RIÑON
D301;TUMOR BENIGNO DE LA PELVIS RENAL
D302;TUMOR BENIGNO DEL URETER
D303;TUMOR BENIGNO DE LA VEJIGA
D304;TUMOR BENIGNO DE LA URETRA
D307;TUMOR BENIGNO DE OTROS ORGANOS URINARIOS
D309;TUMOR BENIGNO DE ORGANO URINARIO NO ESPECIFICADO
D31;TUMOR BENIGNO DEL OJO Y SUS ANEXOS
D310;TUMOR BENIGNO DE LA CONJUNTIVA
D311;TUMOR BENIGNO DE LA CORNEA
D312;TUMOR BENIGNO DE LA RETINA
D313;TUMOR BENIGNO DE LA COROIDES
D314;TUMOR BENIGNO DEL CUERPO CILIAR
D315;TUMOR BENIGNO DE LAS GLANDULAS Y DE LOS CONDUCTOS LAGRIMALES
D316;TUMOR BENIGNO DE LA ORBITA, PARTE NO ESPECIFICADA
D319;TUMOR BENIGNO DEL OJO, PARTE NO ESPECIFICADA
D32;TUMORES BENIGNOS DE LAS MENINGES
D320;TUMOR BENIGNO DE LAS MENINGES CEREBRALES
D321;TUMOR BENIGNO DE LAS MENINGES RAQUIDEAS
D329;TUMOR BENIGNO DE LAS MENINGES, PARTE NO ESPECIFICADA
D33;TUMOR BENIGNO DEL ENCEFALO Y DE OTRAS PARTES DEL SISTEMA NERVIOSO CENTRAL
D330;TUMOR BENIGNO DEL ENCEFALO, SUPRATENTORIAL
D331;TUMOR BENIGNO DEL ENCEFALO, INFRATENTORIAL
D332;TUMOR BENIGNO DEL ENCEFALO, PARTE NO ESPECIFICADA
D333;TUMOR BENIGNO DE LOS NERVIOS CRANEALES
D334;TUMOR BENIGNO DE LA MEDULA ESPINAL
D337;TUMOR BENIGNO DE OTRAS PARTES ESPECIFICADAS DEL SISTEMA NERVIOSO CENTRAL
D339;TUMOR BENIGNO DEL SISTEMA NERVIOSO CENTRAL, SITIO NO ESPECIFICADO
D34X;TUMOR BENIGNO DE LA GLANDULA TIROIDES
D35;TUMOR BENIGNO DE OTRAS GLANDULAS ENDOCRINAS Y DE LAS NO ESPECIFICADAS
D350;TUMOR BENIGNO DE LA GLANDULA SUPRARRENAL
D351;TUMOR BENIGNO DE LA GLANDULA PARATIROIDES
D352;TUMOR BENIGNO DE LA HIPOFISIS
D353;TUMOR BENIGNO DEL CONDUCTO CRANEOFARINGEO
D354;TUMOR BENIGNO DE LA GLANDULA PINEAL
D355;TUMOR BENIGNO DEL CUERPO CAROTIDEO
D356;TUMOR BENIGNO DEL CUERPO AORTICO Y DE OTROS CUERPOS CROMAFINES
D357;TUMOR BENIGNO DE OTRAS GLANDULAS ENDOCRINAS ESPECIFICADAS
D358;TUMOR BENIGNO PLURIGLANDULAR
D359;TUMOR BENIGNO DE GLANDULA ENDOCRINA NO ESPECIFICADA
D36;TUMOR BENIGNO DE OTROS SITIOS Y DE LOS NO ESPECIFICADOS
D360;TUMOR BENIGNO DE LOS GANGLIOS LINFATICOS
D361;TUMOR BENIGNO DE LOS NERVIOS PERIFERICOS Y DEL SISTEMA NERVIOSO AUTONOMO
D367;TUMOR BENIGNO DE OTROS SITIOS ESPECIFICADOS
D369;TUMOR BENIGNO DE SITIO NO ESPECIFICADO
D37;TUMOR DE COMPORTAMIENTO INCIERTO O DESCONOCIDO DE LA CAVIDAD BUCAL Y DE LOS ORGANOS DIGESTIVOS
D370;TUMOR DE COMPORTAMIENTO INCIERTO O DESCONOCIDO DEL LABIO, DE LA CAVIDAD BUCAL Y DE LA FARINGE
D371;TUMOR DE COMPORTAMIENTO INCIERTO O DESCONOCIDO DEL ESTOMAGO
D372;TUMOR DE COMPORTAMIENTO INCIERTO O DESCONOCIDO DEL INTESTINO DELGADO
D373;TUMOR DE COMPORTAMIENTO INCIERTO O DESCONOCIDO DEL APENDICE
D374;TUMOR DE COMPORTAMIENTO INCIERTO O DESCONOCIDO DEL COLON
D375;TUMOR DE COMPORTAMIENTO INCIERTO O DESCONOCIDO DEL RECTO
D376;TUMOR DE COMPORTAMIENTO INCIERTO O DESCONOCIDO DEL HIGADO, DE LA VESICULA BILIAR Y DEL CONDUCTO BILIAR
D377;TUMOR DE COMPORTAMIENTO INCIERTO O DESCONOCIDO DE OTROS ORGANOS DIGESTIVOS ESPECIFICADOS
D379;TUMOR DE COMPORTAMIENTO INCIERTO O DESCONOCIDO DE ORGANOS DIGESTIVOS, SITIO NO ESPECIFICADO
D38;TUMOR DE COMPORTAMIENTO INCIERTO O DESCONOCIDO DEL OIDO MEDIO Y DE LOS ORGANOS RESPIRATORIOS E INTRATORACICOS
D380;TUMOR DE COMPORTAMIENTO INCIERTO O DESCONOCIDO DE LARINGE
D381;TUMOR DE COMPORTAMIENTO INCIERTO O DESCONOCIDO DE LA TRAQUEA, DE LOS BRONQUIOS Y DEL PULMON
D382;TUMOR DE COMPORTAMIENTO INCIERTO O DESCONOCIDO DE LA PLEURA
D383;TUMOR DE COMPORTAMIENTO INCIERTO O DESCONOCIDO DEL MEDIASTINO
D384;TUMOR DE COMPORTAMIENTO INCIERTO O DESCONOCIDO DEL TIMO
D385;TUMOR DE COMPORTAMIENTO INCIERTO O DESCONOCIDO DE OTROS ORGANOS RESPIRATORIOS Y DEL OIDO MEDIO
D386;TUMOR DE COMPORTAMIENTO INCIERTO O DESCONOCIDO DE ORGANOS RESPIRATORIOS, SITIO NO ESPECIFICADO
D39;TUMOR DE COMPORTAMIENTO INCIERTO O DESCONOCIDO DE LOS ORGANOS GENITALES FEMENINOS
D390;TUMOR DE COMPORTAMIENTO INCIERTO O DESCONOCIDO DEL UTERO
D391;TUMOR DE COMPORTAMIENTO INCIERTO O DESCONOCIDO DEL OVARIO
D392;TUMOR DE COMPORTAMIENTO INCIERTO O DESCONOCIDO DE LA PLACENTA
D397;TUMOR DE COMPORTAMIENTO INCIERTO O DESCONOCIDO DE OTROS ORGANOS GENITALES FEMENINOS
D399;TUMOR DE COMPORTAMIENTO INCIERTO O DESCONOCIDO DE ORGANO GENITAL FEMENINO NO ESPECIFICADO
D40;TUMOR DE COMPORTAMIENTO INCIERTO O DESCONOCIDO DE LOS ORGANOS GENITALES MASCULINOS
D400;TUMOR DE COMPORTAMIENTO INCIERTO O DESCONOCIDO DE LA PROSTATA
D401;TUMOR DE COMPORTAMIENTO INCIERTO O DESCONOCIDO DEL TESTICULO
D407;TUMOR DE COMPORTAMIENTO INCIERTO O DESCONOCIDO DE OTROS ORGANOS GENITALES MASCULINOS
D409;TUMOR DE COMPORTAMIENTO INCIERTO O DESCONOCIDO DE ORGANO GENITAL MASCULINO NO ESPECIFICADO
D41;TUMOR DE COMPORTAMIENTO INCIERTO O DESCONOCIDO DE LOS ORGANOS URINARIOS
D410;TUMOR DE COMPORTAMIENTO INCIERTO O DESCONOCIDO DEL RIÑON
D411;TUMOR DE COMPORTAMIENTO INCIERTO O DESCONOCIDO DE LA PELVIS RENAL
D412;TUMOR DE COMPORTAMIENTO INCIERTO O DESCONOCIDO DEL URETER
D413;TUMOR DE COMPORTAMIENTO INCIERTO O DESCONOCIDO DE LA URETRA
D414;TUMOR DE COMPORTAMIENTO INCIERTO O DESCONOCIDO DE LA VEJIGA
D417;TUMOR DE COMPORTAMIENTO INCIERTO O DESCONOCIDO DE OTROS ORGANOS URINARIOS
D419;TUMOR DE COMPORTAMIENTO INCIERTO O DESCONOCIDO DE ORGANO URINARIO NO ESPECIFICADO
D42;TUMOR DE COMPORTAMIENTO INCIERTO O DESCONOCIDO DE LAS MENINGES
D420;TUMOR DE COMPORTAMIENTO INCIERTO O DESCONOCIDO DE LAS MENINGES CEREBRALES
D421;TUMOR DE COMPORTAMIENTO INCIERTO O DESCONOCIDO DE LAS MENINGES RAQUIDEAS
D429;TUMOR DE COMPORTAMIENTO INCIERTO O DESCONOCIDO DE LAS MENINGES, PARTE NO ESPECIFICADA
D43;TUMOR DE COMPORTAMIENTO INCIERTO O DESCONOCIDO DEL ENCEFALO Y DEL SISTEMA NERVIOSO CENTRAL
D430;TUMOR DE COMPORTAMIENTO INCIERTO O DESCONOCIDO DEL ENCEFALO, SUPRATENTORIAL
D431;TUMOR DE COMPORTAMIENTO INCIERTO O DESCONOCIDO DEL ENCEFALO, INFRATENTORIAL
D432;TUMOR DE COMPORTAMIENTO INCIERTO O DESCONOCIDO DEL ENCEFALO, PARTE NO ESPECIFICADA
D433;TUMOR DE COMPORTAMIENTO INCIERTO O DESCONOCIDO DE LOS NERVIOS CRANEALES
D434;TUMOR DE COMPORTAMIENTO INCIERTO O DESCONOCIDO DE LA MEDULA ESPINAL
D437;TUMOR DE COMPORTAMIENTO INCIERTO O DESCONOCIDO DE OTRAS PARTES ESPECIFICADAS DEL SISTEMA NERVIOSO CENTRAL
D439;TUMOR DE COMPORTAMIENTO INCIERTO O DESCONOCIDO DEL SISTEMA NERVIOSO CENTRAL, SITIO NO ESPECIFICADO
D44;TUMOR DE COMPORTAMIENTO INCIERTO O DESCONOCIDO DE LAS GLANDULAS ENDOCRINAS
D440;TUMOR DE COMPORTAMIENTO INCIERTO O DESCONOCIDO DE LA GLANDULA TIROIDES
D441;TUMOR DE COMPORTAMIENTO INCIERTO O DESCONOCIDO DE LA GLANDULA SUPRARRENAL
D442;TUMOR DE COMPORTAMIENTO INCIERTO O DESCONOCIDO DE LA GLANDULA PARATIROIDES
D443;TUMOR DE COMPORTAMIENTO INCIERTO O DESCONOCIDO DE LA GLANDULA HIPOFISIS
D444;TUMOR DE COMPORTAMIENTO INCIERTO O DESCONOCIDO DEL CONDUCTO CRANEOFARINGEO
D445;TUMOR DE COMPORTAMIENTO INCIERTO O DESCONOCIDO DE LA GLANDULA PINEAL
D446;TUMOR DE COMPORTAMIENTO INCIERTO O DESCONOCIDO DEL CUERPO CAROTIDEO
D447;TUMOR DE COMPORTAMIENTO INCIERTO O DESCONOCIDO DEL CUERPO AORTICO Y OTROS CUERPOS CROMAFINES
D448;TUMOR DE COMPORTAMIENTO INCIERTO O DESCONOCIDO CON AFECTACION PLURIGLANDULAR
D449;TUMOR DE COMPORTAMIENTO INCIERTO O DESCONOCIDO DE GLANDULA ENDOCRINA NO ESPECIFICADA
D45X;POLICITEMIA VERA
D46;SINDROMES MIELODISPLASICOS
D460;ANEMIA REFRACTARIA SIN SIDEROBLASTOS EN FORMA DE ANILLO, ASI DESCRITA
D461;ANEMIA REFRACTARIA CON SIDEROBLASTOS EN FORMA DE ANILLO
D462;ANEMIA REFRACTARIA CON EXCESO DE BLASTOS [AREB]
D463;ANEMIA REFRACTARIA CON EXCESO DE BLASTOS CON TRANSFORMACION
D464;ANEMIA REFRACTARIA, SIN OTRA ESPECIFICACION
D465;ANEMIA REFRACTARIA CON DISPLASIA MULTILINAJE
D466;SINDROME MIELODISPLASICO CON ANORMALIDAD CROMOSOMICA AISLADA DEL (5Q)
D467;OTROS SINDROMES MIELODISPLASICOS
D469;SINDROME MIELODISPLASICO, SIN OTRA ESPECIFICACION
D47;OTROS TUMORES DE COMPORTAMIENTO INCIERTO O DESCONOCIDO DEL TEJIDO LINFATICO, DE LOS ORGANOS HEMATOPOYETICOS Y DE TEJIDOS AFINES
D470;TUMOR DE COMPORTAMIENTO INCIERTO O DESCONOCIDO DE LOS MASTOCITOS E HISTIOCITOS
D471;ENFERMEDAD MIELOPROLIFERATIVA CRONICA
D472;GAMMOPATIA MONOCLONAL DE SIGNIFICADO INCIERTO [GMSI]
D473;TROMBOCITOPENIA (HEMORRAGICA) ESENCIAL
D474;OSTEOMIELOFIBROSIS
D475;LEUCEMIA EOSINOFILICA CRONICA [SINDROME HIPEREOSINOFILICO]
D477;OTROS TUMORES ESPECIFICADOS DE COMPORTAMIENTO INCIERTO O DESCONOCIDO DEL TEJIDO LINFATICO, DE LOS ORGANOS HEMATOPOYETICOS Y DE TEJIDOS AFINES
D479;TUMORES DE COMPORTAMIENTO INCIERTO O DESCONOCIDO DEL TEJIDO LINFATICO, DE LOS ORGANOS HEMATOPOYETICOS Y DE TEJIDOS AFINES, NO ESPECIFICADOS
D48;TUMOR DE COMPORTAMIENTO INCIERTO O DESCONOCIDO DE OTROS SITIOS Y DE LOS NO ESPECIFICADOS
D480;TUMOR DE COMPORTAMIENTO INCIERTO O DESCONOCIDO DEL HUESO Y CARTILAGO ARTICULAR
D481;TUMOR DE COMPORTAMIENTO INCIERTO O DESCONOCIDO DEL TEJIDO CONJUNTIVO Y OTRO TEJIDO BLANDO
D482;TUMOR DE COMPORTAMIENTO INCIERTO O DESCONOCIDO DE LOS NERVIOS PERIFERICOS Y DEL SISTEMA NERVIOSO AUTONOMO
D483;TUMOR DE COMPORTAMIENTO INCIERTO O DESCONOCIDO DEL RETROPERITONEO
D484;TUMOR DE COMPORTAMIENTO INCIERTO O DESCONOCIDO DEL PERITONEO
D485;TUMOR DE COMPORTAMIENTO INCIERTO O DESCONOCIDO DE LA PIEL
D486;TUMOR DE COMPORTAMIENTO INCIERTO O DESCONOCIDO DE LA MAMA
D487;TUMOR DE COMPORTAMIENTO INCIERTO O DESCONOCIDO DE OTROS SITIOS ESPECIFICADOS
D489;TUMOR DE COMPORTAMIENTO INCIERTO O DESCONOCIDO, DE SITIO NO ESPECIFICADO
D50;ANEMIAS POR DEFICIENCIA DE HIERRO
D500;ANEMIA POR DEFICIENCIA DE HIERRO SECUNDARIA A PERDIDA DE SANGRE (CRONICA)
D501;DISFAGIA SIDEROPENICA
D508;OTRAS ANEMIAS POR DEFICIENCIA DE HIERRO
D509;ANEMIA POR DEFICIENCIA DE HIERRO SIN OTRA ESPECIFICACION
D51;ANEMIA POR DEFICIENCIA DE VITAMINA B12
D510;ANEMIA POR DEFICIENCIA DE VITAMINA B12 DEBIDA A DEFICIENCIA DEL FACTOR INTRINSECO
D511;ANEMIA POR DEFICIENCIA DE VITAMINA B12 DEBIDA A MALA ABSORCION SELECTIVA DE VITAMINA B12 CON PROTEINURIA
D512;DEFICIENCIA DE TRASCOBALAMINA II
D513;OTRAS ANEMIAS POR DEFICIENCIA DIETETICA DE VITAMINA B12
D518;OTRAS ANEMIAS POR DEFICIENCIA DE VITAMINA B12
D519;ANEMIA POR DEFICIENCIA DE VITAMINA B12, SIN OTRA ESPECIFICACION
D52;ANEMIA POR DEFICIENCIA DE FOLATOS
D520;ANEMIA POR DEFICIENCIA DIETETICA DE FOLATOS
D521;ANEMIA POR DEFICIENCIA DE FOLATOS INDUCIDA POR DROGAS
D528;OTRAS ANEMIAS POR DEFICIENCIA DE FOLATOS
D529;ANEMIA POR DEFICIENCIA DE FOLATOS, SIN OTRA ESPECIFICACION
D53;OTRAS ANEMIAS NUTRICIONALES
D530;ANEMIA POR DEFICIENCIA DE PROTEINAS
D531;OTRAS ANEMIAS MEGALOBLASTICAS, NO CLASIFICADAS EN OTRA PARTE
D532;ANEMIA ESCORBUTICA
D538;OTRAS ANEMIAS NUTRICIONALES ESPECIFICADAS
D539;ANEMIA NUTRICIONAL, NO ESPECIFICADA
D55;ANEMIA DEBIDA A TRASTORNOS ENZIMATICOS
D550;ANEMIA DEBIDA A DEFICIENCIA DE GLUCOSA-6-FOSFATO DESHIDROGENASA [G6FD]
D551;ANEMIA DEBIDA A OTROS TRASTORNOS DEL METABOLISMO DEL GLUTATION
D552;ANEMIA DEBIDA A TRASTORNOS DE LAS ENZIMAS GLUCOLITICAS
D553;ANEMIA DEBIDA A TRASTORNOS DEL METABOLISMO DE LOS NUCLEOTIDOS
D558;OTRAS ANEMIAS DEBIDAS A TRASTORNOS ENZIMATICOS
D559;ANEMIA DEBIDA A TRASTORNOS ENZIMATICOS, SIN OTRA ESPECIFICACION
D56;TALASEMIA
D560;ALFA TALASEMIA
D561;BETA TALASEMIA
D562;DELTA-BETA TALASEMIA
D563;RASGO TALASEMICO
D564;PERSISTENCIA HEREDITARIA DE LA HEMOGLOBINA FETAL [PHHF]
D568;OTRAS TALASEMIAS
D569;TALASEMIA, NO ESPECIFICADA
D57;TRASTORNOS FALCIFORMES
D570;ANEMIA FALCIFORME CON CRISIS
D571;ANEMIA FALCIFORME SIN CRISIS
D572;TRASTORNOS FALCIFORMES HETEROCIGOTOS DOBLES
D573;RASGO DREPANOCITICO
D578;OTROS TRASTORNOS FALCIFORMES
D58;OTRAS ANEMIAS HEMOLITICAS HEREDITARIAS
D580;ESFEROCITOSIS HEREDITARIA
D581;ELIPTOCITOSIS HEREDITARIA
D582;OTRAS HEMOGLOBINOPATIAS
D588;OTRAS ANEMIAS HEMOLITICAS HEREDITARIAS ESPECIFICADAS
D589;ANEMIA HEMOLITICA HEREDITARIA, SIN OTRA ESPECIFICACION
D59;ANEMIA HEMOLITICA ADQUIRIDA
D590;ANEMIA HEMOLITICA AUTOINMUNE INDUCIDA POR DROGAS
D591;OTRAS ANEMIAS HEMOLITICAS AUTOINMUNES
D592;ANEMIA HEMOLITICA NO AUTOINMUNE INDUCIDA POR DROGAS
D593;SINDROME HEMOLITICO-UREMICO
D594;OTRAS ANEMIAS HEMOLITICAS NO AUTOINMUNES
D595;HEMOGLOBINURIA PAROXISTICA NOCTURNA [MARCHIAFAVA- MICHELI]
D596;HEMOGLOBINURIA DEBIDA A HEMOLISIS POR OTRAS CAUSAS EXTERNAS
D598;OTRAS ANEMIAS HEMOLITICAS ADQUIRIDAS
D599;ANEMIA HEMOLITICA ADQUIRIDA, SIN OTRA ESPECIFICACION
D60;APLASIA ADQUIRIDA, EXCLUSIVA DE LA SERIE ROJA [ERITROBLASTOPENIA]
D600;APLASIA CRONICA ADQUIRIDA, EXCLUSIVA DE LA SERIE ROJA
D601;APLASIA TRANSITORIA ADQUIRIDA, EXCLUSIVA DE LA SERIE ROJA
D608;OTRAS APLASIAS ADQUIRIDAS, EXCLUSIVAS DE LA SERIE ROJA
D609;APLASIA ADQUIRIDA, EXCLUSIVA DE LA SERIE ROJA, NO ESPECIFICADA
D61;OTRAS ANEMIAS APLASTICAS
D610;ANEMIA APLASTICA CONSTITUCIONAL
D611;ANEMIA APLASTICA INDUCIDA POR DROGAS
D612;ANEMIA APLASTICA DEBIDA A OTROS AGENTES EXTERNOS
D613;ANEMIA APLASTICA IDIOPATICA
D618;OTRAS ANEMIAS APLASTICAS ESPECIFICADAS
D619;ANEMIA APLASTICA, SIN OTRA ESPECIFICACION
D62X;ANEMIA POSTHEMORRAGICA AGUDA
D63;ANEMIA EN ENFERMEDADES CRONICAS CLASIFICADAS EN OTRA PARTE
D630;ANEMIA EN ENFERMEDAD NEOPLASICA
D638;ANEMIA EN OTRAS ENFERMEDADES CRONICAS CLASIFICADAS EN OTRA PARTE
D64;OTRAS ANEMIAS
D640;ANEMIA SIDEROBLASTICA HEREDITARIA
D641;ANEMIA SIDEROBLASTICA SECUNDARIA A OTRA ENFERMEDAD
D642;ANEMIA SIDEROBLASTICA SECUNDARIA, DEBIDA A DROGAS Y TOXINAS
D643;OTRAS ANEMIAS SIDEROBLASTICAS
D644;ANEMIA DISERITROPOYETICA CONGENITA
D648;OTRAS ANEMIAS ESPECIFICADAS
D649;ANEMIA DE TIPO NO ESPECIFICADO
D65X;COAGULACION INTRAVASCULAR DISEMINADA [SINDROME DE DESFIBRINACION]
D66X;DEFICIENCIA HEREDITARIA DEL FACTOR VIII
D67X;DEFICIENCIA HEREDITARIA DEL FACTOR IX
D68;OTROS DEFECTOS DE LA COAGULACION
D680;ENFERMEDAD DE VON WILLEBRAND
D681;DEFICIENCIA HEREDITARIA DEL FACTOR XI
D682;DEFICIENCIA HEREDITARIA DE OTROS FACTORES DE LA COAGULACION
D683;TRASTORNO HEMORRAGICO DEBIDO A ANTICOAGULANTES CIRCULANTES
D684;DEFICIENCIA ADQUIRIDA DE FACTORES DE LA COAGULACION
D685;TROMBOFILIA PRIMARIA
D686;OTRA TROMBOFILIA
D688;OTROS DEFECTOS ESPECIFICADOS DE LA COAGULACION
D689;DEFECTO DE LA COAGULACION, NO ESPECIFICADO
D69;PURPURA Y OTRAS AFECCIONES HEMORRAGICAS
D690;PURPURA ALERGICA
D691;DEFECTO CUALITATIVOS DE LAS PLAQUETAS
D692;OTRAS PURPURAS NO TROMBOCITOPENICAS
D693;PURPURA TROMBOCITOPENICA IDIOPATICA
D694;OTRAS TROMBOCITOPENIAS PRIMARIAS
D695;TROMBOCITOPENIA SECUNDARIA
D696;TROMBOCITOPENIA NO ESPECIFICADA
D698;OTRAS AFECCIONES HEMORRAGICAS ESPECIFICADAS
D699;AFECCION HEMORRAGICA, NO ESPECIFICADA
D70X;AGRANULOCITOSIS
D71X;TRASTORNOS FUNCIONALES DE LOS POLIMORFONUCLEARES NEUTROFILOS
D72;OTROS TRASTORNOS DE LOS LEUCOCITOS
D720;ANOMALIAS GENETICAS DE LOS LEUCOCITOS
D721;EOSINOFILIA
D728;OTROS TRASTORNOS ESPECIFICADOS DE LOS LEUCOCITOS
D729;TRASTORNO DE LOS LEUCOCITOS, NO ESPECIFICADO
D73;ENFERMEDADES DEL BAZO
D730;HIPOESPLENISMO
D731;HIPERESPLENISMO
D732;ESPLENOMEGALIA CONGESTIVA CRONICA
D733;ABSCESO DEL BAZO
D734;QUISTE DEL BAZO
D735;INFARTO DEL BAZO
D738;OTRAS ENFERMEDADES DEL BAZO
D739;ENFERMEDAD DEL BAZO, NO ESPECIFICADA
D74;METAHEMOGLOBINEMIA
D740;METAHEMOGLOBINEMIA CONGENITA
D748;OTRAS METAHEMOGLOBINEMIAS
D749;METAHEMOGLOBINEMIA, NO ESPECIFICADA
D75;OTRAS ENFERMEDADES DE LA SANGRE Y DE LOS ORGANOS HEMATOPOYETICOS
D750;ERITROCITOSIS FAMILIAR
D751;POLICITEMIA SECUNDARIA
D752;TROMBOCITOSIS ESENCIAL
D758;OTRAS ENFERMEDADES ESPECIFICADAS DE LA SANGRE Y DE LOS ORGANOS HEMATOPOYETICOS
D759;ENFERMEDAD DE LA SANGRE Y DE LOS ORGANOS HEMATOPOYETICOS, NO ESPECIFICADA
D76;OTRAS ENFERMEDADES ESPECIFICADAS CON PARTICIPACION DEL TEJIDO LINFORRETICULAR Y DEL TEJIDO RETICULOHISTIOCITICO
D760;HISTIOCITOSIS DE LAS CELULAS DE LANGERHANS, NO CLASIFICADA EN OTRA PARTE
D761;LINFOHISTIOCITOSIS HEMOFAGOCITICA
D762;SINDROME HEMOFAGOCITICO ASOCIADO A INFECCION
D763;OTROS SINDROMES HISTIOCITICOS
D77X;OTROS TRASTORNOS DE LA SANGRE Y DE LOS ORGANOS HEMATOPOYETICOS EN ENFERMEDADES CLASIFICADAS EN OTRA PARTE
D80;INMUNODEFICIENCIA CON PREDOMINIO DE DEFECTOS DE LOS ANTICUERPOS
D800;HIPOGAMMAGLOBULINEMIA HEREDITARIA
D801;HIPOGAMMAGLOBULINEMIA NO FAMILIAR
D802;DEFICIENCIA SELECTIVA DE INMUNOGLOBULINA A [IGA]
D803;DEFICIENCIA SELECTIVA DE SUBCLASES DE LA INMUNOGLOBULINA G [IGG]
D804;DEFICIENCIA SELECTIVA DE INMUNOGLOBULINA M [IGM]
D805;INMUNODEFICIENCIA CON INCREMENTO DE INMUNOGLOBULINA M [IGM]
D806;DEFICIENCIA DE ANTICUERPOS CON INMUNOGLOBULINAS CASI NORMALES O CON HIPERINMUNOGLOBULINEMIA
D807;HIPOGAMMAGLOBULINEMIA TRANSITORIA DE LA INFANCIA
D808;OTRAS INMUNODEFICIENCIAS CON PREDOMINIO DE DEFECTOS DE LOS ANTICUERPOS
D809;INMUNODEFICIENCIA CON PREDOMINIO DE DEFECTOS DE LOS ANTICUERPOS, NO ESPECIFICADA
D81;INMUNODEFICIENCIAS COMBINADAS
D810;INMUNODEFICIENCIA COMBINADA SEVERA [IDCS] CON DISGENESIA RETICULAR
D811;INMUNODEFICIENCIA COMBINADA SEVERA [IDCS] CON LINFOCITOPENIA T Y B
D812;INMUNODEFICIENCIA COMBINADA SEVERA [IDCS] CON CIFRA BAJA O NORMAL DE LINFOCITOS B
D813;DEFICIENCIA DE LA ADENOSINA DEAMINASA [ADA]
D814;SINDROME DE NEZELOF
D815;DEFICIENCIA DE LA FOSFORILASA PURINONUCLEOSIDA [FPN]
D816;DEFICIENCIA DE LA CLASE I DEL COMPLEJO DE HISTOCOMPATIBILIDAD MAYOR
D817;DEFICIENCIA DE LA CLASE II DEL COMPLEJO DE HISTOCOMPATIBILIDAD MAYOR
D818;OTRAS INMUNODEFICIENCIAS COMBINADAS
D819;INMUNODEFICIENCIA COMBINADA, NO ESPECIFICADA
D82;INMUNODEFICIENCIA ASOCIADA CON OTROS DEFECTOS MAYORES
D820;SINDROME DE WISKOTT-ALDRICH
D821;SINDROME DE DI GEORGE
D822;INMUNODEFICIENCIA CON ENANISMO MICROMELICO [MIEMBROS CORTOS]
D823;INMUNODEFICIENCIA CONSECUTIVA A RESPUESTA DEFECTUOSA HEREDITARIA CONTRA EL VIRUS DE EPSTEIN-BARR
D824;SINDROME DE HIPERINMUNOGLOBULINA E [IGE]
D828;INMUNODEFICIENCIA ASOCIADA CON OTROS DEFECTOS MAYORES ESPECIFICADOS
D829;INMUNODEFICIENCIA ASOCIADA CON DEFECTOS MAYORES NO ESPECIFICADOS
D83;INMUNODEFICIENCIA VARIABLE COMUN
D830;INMUNODEFICIENCIA VARIABLE COMUN CON PREDOMINIO DE ANORMALIDADES EN EL NUMERO Y LA FUNCION DE LOS LINFOCITOS B
D831;INMUNODEFICIENCIA VARIABLE COMUN CON PREDOMINIO DE TRASTORNOS INMUNORREGULADORES DE LOS LINFOCITOS T
D832;INMUNODEFICIENCIA VARIABLE COMUN CON AUTOANTICUERPOS ANTI-B O ANTI-T
D838;OTRAS INMUNODEFICIENCIAS VARIABLES COMUNES
D839;INMUNODEFICIENCIA VARIABLE COMUN, NO ESPECIFICADA
D84;OTRAS INMUNODEFICIENCIAS
D840;DEFECTO DE LA FUNCION DEL ANTIGENO-1 DEL LINFOCITO [LFA-1]
D841;DEFECTO DEL SISTEMA DEL COMPLEMENTO
D848;OTRAS INMUNODEFICIENCIAS ESPECIFICADAS
D849;INMUNODEFICIENCIA, NO ESPECIFICADA
D86;SARCOIDOSIS
D860;SARCOIDOSIS DEL PULMON
D861;SARCOIDOSIS DE LOS GANGLIOS LINFATICOS
D862;SARCOIDOSIS DEL PULMON Y DE LOS GANGLIOS LINFATICOS
D863;SARCOIDOSIS DE LA PIEL
D868;SARCOIDOSIS DE OTROS SITIOS ESPECIFICADOS O DE SITIOS COMBINADOS
D869;SARCOIDOSIS DE SITIO NO ESPECIFICADO
D89;OTROS TRASTORNOS QUE AFECTAN EL MECANISMO DE LA INMUNIDAD, NO CLASIFICADOS EN OTRA PARTE
D890;HIPERGAMMAGLOBULINEMIA POLICLONAL
D891;CRIOGLOBULINEMIA
D892;HIPERGAMMAGLOBULINEMIA, NO ESPECIFICADA
D893;SINDROME DE RECONSTITUCION INMUNE
D898;OTROS TRASTORNOS ESPECIFICADOS QUE AFECTAN EL MECANISMO DE LA INMUNIDAD, NO CLASIFICADOS EN OTRA PARTE
D899;TRASTORNO QUE AFECTA AL MECANISMO DE LA INMUNIDAD, NO ESPECIFICADO
E00;SINDROME CONGENITO DE DEFICIENCIA DE YODO
E000;SINDROME CONGENITO DE DEFICIENCIA DE YODO, TIPO NEUROLOGICO
E001;SINDROME DE DEFICIENCIA CONGENITA DE YODO, TIPO MIXEDEMATOSO
E002;SINDROME CONGENITO DE DEFICIENCIA DE YODO, TIPO MIXTO
E009;SINDROME CONGENITO DE DEFICIENCIA DE YODO, NO ESPECIFICADO
E01;TRASTORNOS TIROIDEOS VINCULADOS A DEFICIENCIA DE YODO Y AFECCIONES RELACIONADAS
E010;BOCIO DIFUSO (ENDEMICO) RELACIONADO CON DEFICIENCIA DE YODO
E011;BOCIO MULTINODULAR (ENDEMICO) RELACIONADO CON DEFICIENCIA DE YODO
E012;BOCIO (ENDEMICO) RELACIONADO CON DEFICIENCIA DE YODO, NO ESPECIFICADO
E018;OTROS TRASTORNOS DE LA TIROIDES RELACIONADOS CON DEFICIENCIA DE YODO Y AFECCIONES SIMILARES
E02X;HIPOTIROIDISMO SUBCLINICO POR DEFICIENCIA DE YODO
E03;OTROS HIPOTIROIDISMOS
E030;HIPOTIROIDISMO CONGENITO CON BOCIO DIFUSO
E031;HIPOTIROIDISMO CONGENITO SIN BOCIO
E032;HIPOTIROIDISMO DEBIDO A MEDICAMENTOS Y A OTRAS SUSTANCIAS EXOGENAS
E033;HIPOTIROIDISMO POSTINFECCIOSO
E034;ATROFIA DE TIROIDES (ADQUIRIDA)
E035;COMA MIXEDEMATOSO
E038;OTROS HIPOTIROIDISMOS ESPECIFICADOS
E039;HIPOTIROIDISMO, NO ESPECIFICADO
E04;OTROS BOCIOS NO TOXICOS
E040;BOCIO DIFUSO NO TOXICO
E041;NODULO TIROIDEO SOLITARIO NO TOXICO
E042;BOCIO MULTINODULAR NO TOXICO
E048;OTROS BOCIOS NO TOXICOS ESPECIFICADOS
E049;BOCIO NO TOXICO, NO ESPECIFICADO
E05;TIROTOXICOSIS [HIPERTIROIDISMO]
E050;TIROTOXICOSIS CON BOCIO DIFUSO
E051;TIROTOXICOSIS CON NODULO SOLITARIO TIROIDEO TOXICO
E052;TIROTOXICOSIS CON BOCIO MULTINODULAR TOXICO
E053;TIROTOXICOSIS POR TEJIDO TIROIDEO ECTOPICO
E054;TIROTOXICOSIS FACTICIA
E055;CRISIS O TORMENTA TIROTOXICA
E058;OTRAS TIROTOXICOSIS
E059;TIROTOXICOSIS, NO ESPECIFICADA
E06;TIROIDITIS
E060;TIROIDITIS AGUDA
E061;TIROIDITIS SUBAGUDA
E062;TIROIDITIS CRONICA CON TIROTOXICOSIS TRANSITORIA
E063;TIROIDITIS AUTOINMUNE
E064;TIROIDITIS INDUCIDA POR DROGAS
E065;OTRAS TIROIDITIS CRONICAS
E069;TIROIDITIS, NO ESPECIFICADA
E07;OTROS TRASTORNOS TIROIDEOS
E070;HIPERSECRECION DE CALCITONINA
E071;BOCIO DISHORMOGENETICO
E078;OTROS TRASTORNOS ESPECIFICADOS DE LA GLANDULA TIROIDES
E079;TRASTORNO DE LA GLANDULA TIROIDES, NO ESPECIFICADO
E10;DIABETES MELLITUS TIPO 1
E100;DIABETES MELLITUS TIPO 1, CON COMA
E101;DIABETES MELLITUS TIPO 1, CON CETOACIDOSIS
E102;DIABETES MELLITUS TIPO 1, CON COMPLICACIONES RENALES
E103;DIABETES MELLITUS TIPO 1, CON COMPLICACIONES OFTALMICAS
E104;DIABETES MELLITUS TIPO 1, CON COMPLICACIONES NEUROLOGICAS
E105;DIABETES MELLITUS TIPO 1, CON COMPLICACIONES CIRCULATORIAS PERIFERICAS
E106;DIABETES MELLITUS TIPO 1, CON OTRAS COMPLICACIONES ESPECIFICADAS
E107;DIABETES MELLITUS TIPO 1, CON COMPLICACIONES MULTIPLES
E108;DIABETES MELLITUS TIPO 1, CON COMPLICACIONES NO ESPECIFICADAS
E109;DIABETES MELLITUS TIPO 1, SIN MENCION DE COMPLICACION
E11;DIABETES MELLITUS TIPO 2
E110;DIABETES MELLITUS TIPO 2, CON COMA
E111;DIABETES MELLITUS TIPO 2, CON CETOACIDOSIS
E112;DIABETES MELLITUS TIPO 2, CON COMPLICACIONES RENALES
E113;DIABETES MELLITUS TIPO 2, CON COMPLICACIONES OFTALMICAS
E114;DIABETES MELLITUS TIPO 2, CON COMPLICACIONES NEUROLOGICAS
E115;DIABETES MELLITUS TIPO 2, CON COMPLICACIONES CIRCULATORIAS PERIFERICAS
E116;DIABETES MELLITUS TIPO 2, CON OTRAS COMPLICACIONES ESPECIFICADAS
E117;DIABETES MELLITUS TIPO 2, CON COMPLICACIONES MULTIPLES
E118;DIABETES MELLITUS TIPO 2, CON COMPLICACIONES NO ESPECIFICADAS
E119;DIABETES MELLITUS TIPO 2, SIN MENCION DE COMPLICACION
E12;DIABETES MELLITUS ASOCIADA CON DESNUTRICION
E120;DIABETES MELLITUS ASOCIADA CON DESNUTRICION, CON COMA
E121;DIABETES MELLITUS ASOCIADA CON DESNUTRICION, CON CETOACIDOSIS
E122;DIABETES MELLITUS ASOCIADA CON DESNUTRICION, CON COMPLICACIONES RENALES
E123;DIABETES MELLITUS ASOCIADA CON DESNUTRICION, CON COMPLICACIONES OFTALMICAS
E124;DIABETES MELLITUS ASOCIADA CON DESNUTRICION, CON COMPLICACIONES NEUROLOGICAS
E125;DIABETES MELLITUS ASOCIADA CON DESNUTRICION, CON COMPLICACIONES CIRCULATORIAS PERIFERICAS
E126;DIABETES MELLITUS ASOCIADA CON DESNUTRICION, CON OTRAS COMPLICACIONES ESPECIFICADAS
E127;DIABETES MELLITUS ASOCIADA CON DESNUTRICION, CON COMPLICACIONES MULTIPLES
E128;DIABETES MELLITUS ASOCIADA CON DESNUTRICION, CON COMPLICACIONES NO ESPECIFICADAS
E129;DIABETES MELLITUS ASOCIADA CON DESNUTRICION, SIN MENCION DE COMPLICACION
E13;OTRAS DIABETES MELLITUS ESPECIFICADAS
E130;OTRAS DIABETES MELLITUS ESPECIFICADAS, CON COMA
E131;OTRAS DIABETES MELLITUS ESPECIFICADAS, CON CETOACIDOSIS
E132;OTRAS DIABETES MELLITUS ESPECIFICADAS, CON COMPLICACIONES RENALES
E133;OTRAS DIABETES MELLITUS ESPECIFICADAS, CON COMPLICACIONES OFTALMICAS
E134;OTRAS DIABETES MELLITUS ESPECIFICADAS, CON COMPLICACIONES NEUROLOGICAS
E135;OTRAS DIABETES MELLITUS ESPECIFICADAS, CON COMPLICACIONES CIRCULATORIAS PERIFERICAS
E136;OTRAS DIABETES MELLITUS ESPECIFICADAS, CON OTRAS COMPLICACIONES ESPECIFICADAS
E137;OTRAS DIABETES MELLITUS ESPECIFICADAS, CON COMPLICACIONES MULTIPLES
E138;OTRAS DIABETES MELLITUS ESPECIFICADAS, CON COMPLICACIONES NO ESPECIFICADAS
E139;OTRAS DIABETES MELLITUS ESPECIFICADAS, SIN MENCION DE COMPLICACION
E14;DIABETES MELLITUS, NO ESPECIFICADA
E140;DIABETES MELLITUS NO ESPECIFICADA, CON COMA
E141;DIABETES MELLITUS NO ESPECIFICADA, CON CETOACIDOSIS
E142;DIABETES MELLITUS NO ESPECIFICADA, CON COMPLICACIONES RENALES
E143;DIABETES MELLITUS NO ESPECIFICADA, CON COMPLICACIONES OFTALMICAS
E144;DIABETES MELLITUS NO ESPECIFICADA, CON COMPLICACIONES NEUROLOGICAS
E145;DIABETES MELLITUS NO ESPECIFICADA, CON COMPLICACIONES CIRCULATORIAS PERIFERICAS
E146;DIABETES MELLITUS NO ESPECIFICADA, CON OTRAS COMPLICACIONES ESPECIFICADAS
E147;DIABETES MELLITUS NO ESPECIFICADA, CON COMPLICACIONES MULTIPLES
E148;DIABETES MELLITUS NO ESPECIFICADA, CON COMPLICACIONES NO ESPECIFICADAS
E149;DIABETES MELLITUS NO ESPECIFICADA, SIN MENCION DE COMPLICACION
E15X;COMA HIPOGLICEMICO NO DIABETICO
E16;OTROS TRASTORNOS DE LA SECRECION INTERNA DEL PANCREAS
E160;HIPOGLICEMIA SIN COMA, INDUCIDA POR DROGAS
E161;OTRAS HIPOGLICEMIAS
E162;HIPOGLICEMIA, NO ESPECIFICADA
E163;SECRECION EXAGERADA DEL GLUCAGON
E164;SECRECION ANORMAL DE GASTRINA
E168;OTROS TRASTORNOS ESPECIFICADOS DE LA SECRECION INTERNA DEL PANCREAS
E169;TRASTORNOS DE LA SECRECION INTERNA DEL PANCREAS, SIN OTRA ESPECIFICACION
E20;HIPOPARATIROIDISMO
E200;HIPOPARATIROIDISMO IDIOPATICO
E201;PSEUDOHIPOPARATIROIDISMO
E208;OTROS TIPOS DE HIPOPARATIROIDISMO
E209;HIPOPARATIROIDISMO, NO ESPECIFICADO
E21;HIPERPARATIROIDISMO Y OTROS TRASTORNOS DE LA GLANDULA PARATIROIDES
E210;HIPERPARATIROIDISMO PRIMARIO
E211;HIPERPARATIROIDISMO SECUNDARIO NO CLASIFICADO EN OTRA PARTE
E212;OTROS TIPOS DE HIPERPARATIROIDISMO
E213;HIPERPARATIROIDISMO, SIN OTRA ESPECIFICACION
E214;OTROS TRASTORNOS ESPECIFICADOS DE LA GLANDULA PARATIROIDES
E215;TRASTORNO DE LA GLANDULA PARATIROIDES, NO ESPECIFICADO
E22;HIPERFUNCION DE LA GLANDULA HIPOFISIS
E220;ACROMEGALIA Y GIGANTISMO HIPOFISARIO
E221;HIPERPROLACTINEMIA
E222;SINDROME DE SECRECION INAPROPIADA DE HORMONA ANITIDIURETICA
E228;OTRAS HIPERFUNCIONES DE LA GLANDULA HIPOFISIS
E229;HIPERFUNCION DE LA GLANDULA HIPOFISIS, NO ESPECIFICADA
E23;HIPOFUNCION Y OTROS TRASTORNOS DE LA GLANDULA HIPOFISIS
E230;HIPOPITUITARISMO
E231;HIPOPITUITARISMO INDUCIDO POR DROGAS
E232;DIABETES INSIPIDA
E233;DISFUNCION HIPOTALAMICA, NO CLASIFICADA EN OTRA PARTE
E236;OTROS TRASTORNOS DE LA GLANDULA HIPOFISIS
E237;TRASTORNO DE LA GLANDULA HIPOFISIS, NO ESPECIFICADO
E24;SINDROME DE CUSHING
E240;ENFERMEDAD DE CUSHING DEPENDIENTE DE LA HIPOFISIS
E241;SINDROME DE NELSON
E242;SINDROME DE CUSHING INDUCIDO POR DROGAS
E243;SINDROME DE ACTH ECTOPICO
E244;SINDROME DE SEUDO-CUSHING INDUCIDO POR ALCOHOL
E248;OTROS TIPOS DE SINDROME DE CUSHING
E249;SINDROME DE CUSHING, NO ESPECIFICADO
E25;TRASTORNOS ADRENOGENITALES
E250;TRASTORNOS ADRENOGENITALES CONGENITOS CON DEFICIENCIA ENZIMATICA
E258;OTROS TRASTORNOS ADRENOGENITALES
E259;TRASTORNO ADRENOGENITAL, NO ESPECIFICADO
E26;HIPERALDOSTERONISMO
E260;HIPERALDOSTERONISMO PRIMARIO
E261;HIPERALDOSTERONISMO SECUNDARIO
E268;OTROS TIPOS DE HIPERALDOSTERONISMO
E269;HIPERALDOSTERONISMO, NO ESPECIFICADO
E27;OTROS TRASTORNOS DE LA GLANDULA SUPRARRENAL
E270;OTRA HIPERACTIVIDAD CORTICOSUPRARRENAL
E271;INSUFICIENCIA CORTICOSUPRARRENAL PRIMARIA
E272;CRISIS ADDISONIANA
E273;INSUFICIENCIA CORTICOSUPRARRENAL INDUCIDA POR DROGAS
E274;OTRAS INSUFICIENCIAS CORTICOSUPRARRENALES Y LAS NO ESPECIFICADAS
E275;HIPERFUNCION DE LA MEDULA SUPRARRENAL
E278;OTROS TRASTORNOS ESPECIFICADOS DE LA GLANDULA SUPRARRENAL
E279;TRASTORNO DE LA GLANDULA SUPRARRENAL, NO ESPECIFICADO
E28;DISFUNCION OVARICA
E280;EXCESO DE ESTROGENOS
E281;EXCESO DE ANDROGENOS
E282;SINDROME DE OVARIO POLIQUISTICO
E283;INSUFICIENCIA OVARICA PRIMARIA
E288;OTRAS DISFUNCIONES OVARICAS
E289;DISFUNCION OVARICA, NO ESPECIFICADA
E29;DISFUNCION TESTICULAR
E290;HIPERFUNCION TESTICULAR
E291;HIPOFUNCION TESTICULAR
E298;OTRAS DISFUNCIONES TESTICULARES
E299;DISFUNCION TESTICULAR, NO ESPECIFICADA
E30;TRASTORNOS DE LA PUBERTAD, NO CLASIFICADOS EN OTRA PARTE
E300;PUBERTAD RETARDADA
E301;PUBERTAD PRECOZ
E308;OTROS TRASTORNOS DE LA PUBERTAD
E309;TRASTORNO DE LA PUBERTAD, NO ESPECIFICADO
E31;DISFUNCION POLIGLANDULAR
E310;INSUFICIENCIA POLIGLANDULAR AUTOINMUNE
E311;HIPERFUNCION POLIGLANDULAR
E318;OTRAS DISFUNCIONES POLIGLANDULARES
E319;DISFUNCION POLIGLANDULAR, NO ESPECIFICADA
E32;ENFERMEDADES DEL TIMO
E320;HIPERPLASIA PERSISTENTE DEL TIMO
E321;ABSCESO DEL TIMO
E328;OTRAS ENFERMEDADES DEL TIMO
E329;ENFERMEDAD DEL TIMO, NO ESPECIFICADA
E34;OTROS TRASTORNOS ENDOCRINOS
E340;SINDROME CARCINOIDE
E341;OTRAS HIPERSECRECIONES DE HORMONAS INTESTINALES
E342;SECRECION HORMONAL ECTOPICA, NO CLASIFICADA EN OTRA PARTE
E343;ENANISMO, NO CLASIFICADO EN OTRA PARTE
E344;ESTATURA ALTA CONSTITUCIONAL
E345;SINDROME DE RESISTENCIA ANDROGENICA
E348;OTROS TRASTORNOS ENDOCRINOS ESPECIFICADOS
E349;TRASTORNO ENDOCRINO, NO ESPECIFICADO
E35;TRASTORNOS ENDOCRINOS EN ENFERMEDADES CLASIFICADAS EN OTRA PARTE
E350;TRASTORNOS DE LA GLANDULA TIROIDES EN ENFERMEDADES CLASIFICADAS EN OTRA PARTE
E351;TRASTORNOS DE LAS GLANDULAS SUPRARRENALES EN ENFERMEDADES CLASIFICADAS EN OTRA PARTE
E358;TRASTORNOS DE OTRAS GLANDULAS ENDOCRINAS EN ENFERMEDADES CLASIFICADAS EN OTRA PARTE
E40X;KWASHIORKOR
E41X;MARASMO NUTRICIONAL
E42X;KWASHIORKOR MARASMATICO
E43X;DESNUTRICION PROTEICOCALORICA SEVERA, NO ESPECIFICADA
E44;DESNUTRICION PROTEICOCALORICA DE GRADO MODERADO Y LEVE
E440;DESNUTRICION PROTEICOCALORICA MODERADA
E441;DESNUTRICION PROTEICOCALORICA LEVE
E45X;RETARDO DEL DESARROLLO DEBIDO A DESNUTRICION PROTEICOCALORICA
E46X;DESNUTRICION PROTEICOCALORICA, NO ESPECIFICADA
E50;DEFICIENCIA DE VITAMINA A
E500;DEFICIENCIA DE VITAMINA A CON XEROSIS CONJUNTIVAL
E501;DEFICIENCIA DE VITAMINA A CON MANCHA DE BITOT Y XEROSIS CONJUNTIVAL
E502;DEFICIENCIA DE VITAMINA A CON XEROSIS CORNEAL
E503;DEFICIENCIA DE VITAMINA A CON ULCERACION CORNEAL Y XEROSIS
E504;DEFICIENCIA DE VITAMINA A CON QUERATOMALACIA
E505;DEFICIENCIA DE VITAMINA A CON CEGUERA NOCTURNA
E506;DEFICIENCIA DE VITAMINA A CON CICATRICES XEROFTALMICAS DE LA CORNEA
E507;OTRAS MANIFESTACIONES OCULARES DE DEFICIENCIA DE VITAMINA A
E508;OTRAS MANIFESTACIONES DE DEFICIENCIA DE VITAMINA A
E509;DEFICIENCIA DE VITAMINA A, NO ESPECIFICADA
E51;DEFICIENCIA DE TIAMINA
E511;BERIBERI
E512;ENCEFALOPATIA DE WERNICKE
E518;OTRAS MANIFESTACIONES DE LA DEFICIENCIA DE TIAMINA
E519;DEFICIENCIA DE TIAMINA, NO ESPECIFICADA
E52X;DEFICIENCIA DE NIACINA [PELAGRA]
E53;DEFICIENCIAS DE OTRAS VITAMINAS DEL GRUPO B
E530;DEFICIENCIA DE RIBOFLAVINA
E531;DEFICIENCIA DE PIRIDOXINA
E538;DEFICIENCIA DE OTRAS VITAMINAS DEL GRUPO B
E539;DEFICIENCIA DE VITAMINA B, NO ESPECIFICADA
E54X;DEFICIENCIA DE ACIDO ASCORBICO
E55;DEFICIENCIA DE VITAMINA D
E550;RAQUITISMO ACTIVO
E559;DEFICIENCIA DE VITAMINA D, NO ESPECIFICADA
E56;OTRAS DEFICIENCIAS DE VITAMINAS
E560;DEFICIENCIA DE VITAMINA E
E561;DEFICIENCIA DE VITAMINA K
E568;DEFICIENCIA DE OTRAS VITAMINAS
E569;DEFICIENCIA DE VITAMINA, NO ESPECIFICADA
E58X;DEFICIENCIA DIETETICA DE CALCIO
E59X;DEFICIENCIA DIETETICA DE SELENIO
E60X;DEFICIENCIA DIETETICA DE ZINC
E61;DEFICIENCIAS DE OTROS ELEMENTOS NUTRICIONALES
E610;DEFICIENCIA DE COBRE
E611;DEFICIENCIA DE HIERRO
E612;DEFICIENCIA DE MAGNESIO
E613;DEFICIENCIA DE MANGANESO
E614;DEFICIENCIA DE CROMO
E615;DEFICIENCIA DE MOLIBDENO
E616;DEFICIENCIA DE VANADIO
E617;DEFICIENCIA DE MULTIPLES ELEMENTOS NUTRICIONALES
E618;DEFICIENCIA DE OTROS ELEMENTOS NUTRICIONALES ESPECIFICADOS
E619;DEFICIENCIA DE OTRO ELEMENTO NUTRICIONAL, NO ESPECIFICADO
E63;OTRAS DEFICIENCIAS NUTRICIONALES
E630;DEFICIENCIA DE ACIDOS GRASOS ESENCIALES [AGE]
E631;DESEQUILIBRIO DE LOS CONSTITUYENTES EN LA DIETA
E638;OTRAS DEFICIENCIAS NUTRICIONALES ESPECIFICADAS
E639;DEFICIENCIA NUTRICIONAL, NO ESPECIFICADA
E64;SECUELAS DE LA DESNUTRICION Y DE OTRAS DEFICIENCIAS NUTRICIONALES
E640;SECUELAS DE LA DESNUTRICION PROTEICOCALORICA
E641;SECUELAS DE LA DEFICIENCIA DE VITAMINA A
E642;SECUELAS DE LA DEFICIENCIA DE VITAMINA C
E643;SECUELAS DEL RAQUITISMO
E648;SECUELAS DE OTRAS DEFICIENCIAS NUTRICIONALES
E649;SECUELAS DE LA DEFICIENCIA NUTRICIONAL NO ESPECIFICADA
E65X;ADIPOSIDAD LOCALIZADA
E66;OBESIDAD
E660;OBESIDAD DEBIDA A EXCESO DE CALORIAS
E661;OBESIDAD INDUCIDA POR DROGAS
E662;OBESIDAD EXTREMA CON HIPOVENTILACION ALVEOLAR
E668;OTROS TIPOS DE OBESIDAD
E669;OBESIDAD, NO ESPECIFICADA
E67;OTROS TIPOS DE HIPERALIMENTACION
E670;HIPERVITAMINOSIS A
E671;HIPERCAROTINEMIA
E672;SINDROME DE MEGAVITAMINA B6
E673;HIPERVITAMINOSIS D
E678;OTROS TIPOS DE HIPERALIMENTACION ESPECIFICADOS
E68X;SECUELAS DE HIPERALIMENTACION
E70;TRASTORNOS DEL METABOLISMO DE LOS AMINOACIDOS AROMATICOS
E700;FENILCETONURIA CLASICA
E701;OTRAS HIPERFENILALANINEMIAS
E702;TRASTORNOS DEL METABOLISMO DE LA TIROSINA
E703;ALBINISMO
E708;OTROS TRASTORNOS DEL METABOLISMO DE LOS AMINOACIDOS AROMATICOS
E709;TRASTORNO DEL METABOLISMO DE LOS AMINOACIDOS AROMATICOS, NO ESPECIFICADO
E71;TRASTORNOS DEL METABOLISMO DE LOS AMINOACIDOS DE CADENA RAMIFICADA Y DE LOS ACIDOS GRASOS
E710;ENFERMEDAD DE LA ORINA EN JARABE DE ARCE
E711;OTROS TRASTORNOS DEL METABOLISMO DE LOS AMINOACIDOS DE CADENA RAMIFICADA
E712;OTROS TRASTORNOS DEL METABOLISMO DE LOS AMINOACIDOS DE CADENA RAMIFICADA, NO ESPECIFICADOS
E713;TRASTORNOS DEL METABOLISMO DE LOS ACIDOS GRASOS
E72;OTROS TRASTORNOS DEL METABOLISMO DE LOS AMINOACIDOS
E720;TRASTORNOS DEL TRANSPORTE DE LOS AMINOACIDOS
E721;TRASTORNOS DEL METABOLISMO DE LOS AMINOACIDOS AZUFRADOS
E722;TRASTORNOS DEL METABOLISMO DEL CICLO DE LA UREA
E723;TRASTORNOS DEL METABOLISMO DE LA LISINA Y LA HIDROXILISINA
E724;TRASTORNOS DEL METABOLISMO DE LA ORNITINA
E725;TRASTORNOS DEL METABOLISMO DE LA GLICINA
E728;OTROS TRASTORNOS ESPECIFICADOS DEL METABOLISMO DE LOS AMINOACIDOS
E729;TRASTORNO DEL METABOLISMO DE LOS AMINOACIDOS, NO ESPECIFICADO
E73;INTOLERANCIA A LA LACTOSA
E730;DEFICIENCIA CONGENITA DE LACTASA
E731;DEFICIENCIA SECUNDARIA DE LACTASA
E738;OTROS TIPOS DE INTOLERANCIA A LA LACTOSA
E739;INTOLERANCIA A LA LACTOSA, NO ESPECIFICADA
E74;OTROS TRASTORNOS DEL METABOLISMO DE LOS CARBOHIDRATOS
E740;ENFERMEDAD DEL ALMACENAMIENTO DE GLUCOGENO
E741;TRASTORNOS DEL METABOLISMO DE LA FRUCTOSA
E742;TRASTORNO DEL METABOLISMO DE LA GALACTOSA
E743;OTROS TRASTORNOS DE LA ABSORCION INTESTINAL DE CARBOHIDRATOS
E744;TRASTORNOS DEL METABOLISMO DEL PIRUVATO Y DE LA GLUCONEOGENESIS
E748;OTROS TRASTORNOS ESPECIFICADOS DEL METABOLISMO DE LOS CARBOHIDRATOS
E749;TRASTORNO DEL METABOLISMO DE LOS CARBOHIDRATOS, NO ESPECIFICADO
E75;TRASTORNOS DEL METABOLISMO DE LOS ESFINGOLIPIDOS Y OTROS TRASTORNOS POR ALMACENAMIENTO DE LIPIDOS
E750;GANGLIOSIDOSIS GM2
E751;OTRAS GANGLIOSIDOSIS
E752;OTRAS ESFINGOLIPIDOSIS
E753;ESFINGOLIPIDOSIS, NO ESPECIFICADA
E754;LIPOFUSCINOSIS CEROIDE NEURONAL
E755;OTROS TRASTORNOS DEL ALMACENAMIENTO DE LIPIDOS
E756;TRASTORNO DEL ALMACENAMIENTO DE LIPIDOS, NO ESPECIFICADO
E76;TRASTORNOS DEL METABOLISMO DE LOS GLUCOSAMINOGLICANOS
E760;MUCOPOLISACARIDOSIS TIPO I
E761;MUCOPOLISACARIDOSIS TIPO II
E762;OTRAS MUCOPOLISACARIDOSIS
E763;MUCOPOLISACARIDOSIS NO ESPECIFICADA
E768;OTROS TRASTORNOS DEL METABOLISMO DE LOS GLUCOSAMINOGLICANOS
E769;TRASTORNO DEL METABOLISMO DE LOS GLUCOSAMINOGLICANOS, NO ESPECIFICADO
E77;TRASTORNOS DEL METABOLISMO DE LAS GLUCOPROTEINAS
E770;DEFECTOS EN LA MODIFICACION POSTRASLACIONAL DE ENZIMAS LISOSOMALES
E771;DEFECTOS DE LA DEGRADACION DE GLUCOPROTEINAS
E778;OTROS TRASTORNOS DEL METABOLISMO DE LAS GLUCOPROTEINAS
E779;TRASTORNOS DEL METABOLISMO DE LAS GLUCOPROTEINAS, NO ESPECIFICADO
E78;TRASTORNOS DEL METABOLISMO DE LAS LIPOPROTEINAS Y OTRAS LIPIDEMIAS
E780;HIPERCOLESTEROLEMIA PURA
E781;HIPERGLICERIDEMIA PURA
E782;HIPERLIPIDEMIA MIXTA
E783;HIPERQUILOMICRONEMIA
E784;OTRA HIPERLIPIDEMIA
E785;HIPERLIPIDEMIA NO ESPECIFICADA
E786;DEFICIENCIA DE LIPOPROTEINAS
E788;OTROS TRASTORNOS DEL METABOLISMO DE LAS LIPOPROTEINAS
E789;TRASTORNO DEL METABOLISMO DE LAS LIPOPROTEINAS, NO ESPECIFICADO
E79;TRASTORNOS DEL METABOLISMO DE LAS PURINAS Y DE LAS PIRIMIDINAS
E790;HIPERURICEMIA SIN SIGNOS DE ARTRITIS INFLAMATORIA Y ENFERMEDAD TOFACEA
E791;SINDROME DE LESCH-NYHAN
E798;OTROS TRASTORNOS DEL METABOLISMO DE LAS PURINAS Y DE LAS PIRIMIDINAS
E799;TRASTORNO DEL METABOLISMO DE LAS PURINAS Y DE LAS PIRIMIDINAS, NO ESPECIFICADO
E80;TRASTORNOS DEL METABOLISMO DE LAS PORFIRINAS Y DE LA BILIRRUBINA
E800;PORFIRIA ERITROPOYETICA HEREDITARIA
E801;PORFIRIA CUTANEA TARDIA
E802;OTRAS PORFIRIAS
E803;DEFECTOS DE CATALASA Y PEROXIDASA
E804;SINDROME DE GILBERT
E805;SINDROME DE CRIGLER-NAJJAR
E806;OTROS TRASTORNOS DEL METABOLISMO DE LA BILIRRUBINA
E807;TRASTORNO DEL METABOLISMO DE LA BILIRRUBINA, NO ESPECIFICADO
E83;TRASTORNOS DEL METABOLISMO DE LOS MINERALES
E830;TRASTORNOS DEL METABOLISMO DEL COBRE
E831;TRASTORNOS DEL METABOLISMO DEL HIERRO
E832;TRASTORNOS DEL METABOLISMO DEL ZINC
E833;TRASTORNOS DEL METABOLISMO DEL FOSFORO Y FOSFATASA
E834;TRASTORNOS DEL METABOLISMO DEL MAGNESIO
E835;TRASTORNOS DEL METABOLISMO DEL CALCIO
E838;OTROS TRASTORNOS DEL METABOLISMO DE LOS MINERALES
E839;TRASTORNO DEL METABOLISMO DE LOS MINERALES, NO ESPECIFICADO
E84;FIBROSIS QUISTICA
E840;FIBROSIS QUISTICA CON MANIFESTACIONES PULMONARES
E841;FIBROSIS QUISTICA CON MANIFESTACIONES INTESTINALES
E848;FIBROSIS QUISTICA CON OTRAS MANIFESTACIONES
E849;FIBROSIS QUISTICA, SIN OTRA ESPECIFICACION
E85;AMILOIDOSIS
E850;AMILOIDOSIS HEREDOFAMILIAR NO NEUROPATICA
E851;AMILOIDOSIS HEREDOFAMILIAR NEUROPATICA
E852;AMILOIDOSIS HEREDOFAMILIAR NO ESPECIFICADA
E853;AMILOIDOSIS SISTEMICA SECUNDARIA
E854;AMILOIDOSIS LIMITADA A UN ORGANO
E858;OTRAS AMILOIDOSIS
E859;AMILOIDOSIS, NO ESPECIFICADA
E86X;DEPLECION DEL VOLUMEN
E87;OTROS TRASTORNOS DE LOS LIQUIDOS, DE LOS ELECTROLITOS Y DEL EQUILIBRIO ACIDO-BASICO
E870;HIPEROSMOLARIDAD E HIPERNATREMIA
E871;HIPOSMOLARIDAD E HIPONATREMIA
E872;ACIDOSIS
E873;ALCALOSIS
E874;TRASTORNOS MIXTOS DEL BALANCE ACIDO-BASICO
E875;HIPERPOTASEMIA
E876;HIPOPOTASMIA
E877;SOBRECARGA DE LIQUIDOS
E878;OTROS TRASTORNOS DEL EQUILIBRIO DE LOS ELECTROLITOS Y DE LOS LIQUIDOS, NO CLASIFICADOS EN OTRA PARTE
E88;OTROS TRASTORNOS METABOLICOS
E880;TRASTORNOS DEL METABOLISMO DE LAS PROTEINAS PLASMATICAS, NO CLASIFICADOS EN OTRA PARTE
E881;LIPODISTROFIA, NO CLASIFICADA EN OTRA PARTE
E882;LIPOMATOSIS, NO CLASIFICADA EN OTRA PARTE
E883;SINDROME DE LISIS TUMORAL
E888;OTROS TRASTORNOS ESPECIFICADOS DEL METABOLISMO
E889;TRASTORNO METABOLICO, NO ESPECIFICADO
E89;TRASTORNOS ENDOCRINOS Y METABOLICOS CONSECUTIVOS A PROCEDIMIENTOS, NO CLASIFICADOS EN OTRA PARTE
E890;HIPOTIROIDISMO CONSECUTIVO A PROCEDIMIENTOS
E891;HIPOINSULINEMIA CONSECUTIVA A PROCEDIMIENTOS
E892;HIPOPARATIROIDISMO CONSECUTIVO A PROCEDIMIENTOS
E893;HIPOPITUITARISMO CONSECUTIVO A PROCEDIMIENTOS
E894;INSUFICIENCIA OVARICA CONSECUTIVA A PROCEDIMIENTOS
E895;HIPOFUNCION TESTICULAR CONSECUTIVA A PROCEDIMIENTOS
E896;HIPOFUNCION ADRENOCORTICAL [MEDULA SUPRARRENAL] CONSECUTIVA A PROCEDIMIENTOS
E898;OTROS TRASTORNOS METABOLICOS Y ENDOCRINOS CONSECUTIVOS A PROCEDIMIENTOS
E899;TRASTORNO ENDOCRINO Y METABOLICO CONSECUTIVO A PROCEDIMIENTOS, NO ESPECIFICADO
E90X;TRASTORNOS NUTRICIONALES Y METABOLICOS EN ENFERMEDADES CLASIFICADAS EN OTRA PARTE
F00;DEMENCIA EN LA ENFERMEDAD DE ALZHEIMER
F000;DEMENCIA EN LA ENFERMEDAD DE ALZHEIMER, DE COMIENZO TEMPRANO
F001;DEMENCIA EN LA ENFERMEDAD DE ALZHEIMER, DE COMIENZO TARDIO
F002;DEMENCIA EN LA ENFERMEDAD DE ALZHEIMER, ATIPICA O DE TIPO MIXTO
F009;DEMENCIA EN LA ENFERMEDAD DE ALZHEIMER, NO ESPECIFICADA
F01;DEMENCIA VASCULAR
F010;DEMENCIA VASCULAR DE COMIENZO AGUDO
F011;DEMENCIA VASCULAR POR INFARTOS MULTIPLES
F012;DEMENCIA VASCULAR SUBCORTICAL
F013;DEMENCIA VASCULAR MIXTA, CORTICAL Y SUBCORTICAL
F018;OTRAS DEMENCIA VASCULARES
F019;DEMENCIA VASCULAR, NO ESPECIFICADA
F02;DEMENCIA EN OTRAS ENFERMEDADES CLASIFICADAS EN OTRA PARTE
F020;DEMENCIA EN LA ENFERMEDAD DE PICK
F021;DEMENCIA EN LA ENFERMEDAD DE CREUTZFELDT-JAKOB
F022;DEMENCIA EN LA ENFERMEDAD DE HUNTINGTON
F023;DEMENCIA EN LA ENFERMEDAD DE PARKINSON
F024;DEMENCIA EN LA ENFERMEDAD POR VIRUS DE LA INMUNODEFICIENCIA HUMANA [VIH]
F028;DEMENCIA EN OTRAS ENFERMEDADES ESPECIFICADAS CLASIFICADAS EN OTRA PARTE
F03X;DEMENCIA , NO ESPECIFICADA
F04X;SINDROME AMNESICO ORGANICO, NO INDUCIDO POR ALCOHOL O POR OTRAS SUSTANCIAS PSICOACTIVAS
F05;DELIRIO, NO INDUCIDO POR ALCOHOL O POR OTRAS SUSTANCIAS PSICOACTIVAS
F050;DELIRIO NO SUPERPUESTO A UN CUADRO DE DEMENCIA, ASI DESCRITO
F051;DELIRIO SUPERPUESTO A UN CUADRO DE DEMENCIA
F058;OTROS DELIRIOS
F059;DELIRIO, NO ESPECIFICADO
F06;OTROS TRASTORNOS MENTALES DEBIDOS A LESION Y DISFUNCION CEREBRAL, Y A ENFERMEDAD FISICA
F060;ALUCINOSIS ORGANICA
F061;TRASTORNO CATATONICO, ORGANICO
F062;TRASTORNO DELIRANTE [ESQUIZOFRENIFORME], ORGANICO
F063;TRASTORNOS DEL HUMOR [AFECTIVOS], ORGANICOS
F064;TRASTORNO DE ANSIEDAD, ORGANICO
F065;TRASTORNO DISOCIATIVO, ORGANICO
F066;TRASTORNO DE LABILIDAD EMOCIONAL [ASTENICO], ORGANICO
F067;TRASTORNO COGNOSCITIVO LEVE
F068;OTROS TRASTORNOS MENTALES ESPECIFICADOS DEBIDOS A LESION Y DISFUNCION CEREBRAL Y A ENFERMEDAD FISICA
F069;TRASTORNO MENTAL NO ESPECIFICADO DEBIDO A LESION Y DISFUNCION CEREBRAL Y A ENFERMEDAD FISICA
F07;TRASTRONOS DE LA PERSONALIDAD Y DEL COMPORTAMIENTO DEBIDOS A ENFERMEDAD, LESION O DISFUNCION CEREBRAL
F070;TRASTORNO DE LA PERSONALIDAD, ORGANICO
F071;SINDROME POSTENCEFALITICO
F072;SINDROME POSTCONCUSIONAL
F078;OTROS TRASTORNOS ORGANICOS DE LA PERSONALIDAD Y DEL COMPORTAMIENTO DEBIDOS A ENFERMEDAD, LESION Y DISFUNCION CEREBRALES
F079;TRASTORNO ORGANICO DE LA PERSONALIDAD Y DEL COMPORTAMIENTO, NO ESPECIFICADO, DEBIDO A ENFERMEDAD, LESION Y DISFUNCION CEREBRAL
F09X;TRASTORNO MENTAL ORGANICO O SINTOMATICO, NO ESPECIFICADO
F10;TRASTORNOS MENTALES Y DEL COMPORTAMIENTO DEBIDOS AL USO DE ALCOHOL
F100;TRASTORNOS MENTALES Y DEL COMPORTAMIENTO DEBIDOS AL USO DE ALCOHOL, INTOXICACION AGUDA
F101;TRASTORNOS MENTALES Y DEL COMPORTAMIENTO DEBIDOS AL USO DE ALCOHOL, USO NOCIVO
F102;TRASTORNOS MENTALES Y DEL COMPORTAMIENTO DEBIDOS AL USO DE ALCOHOL, SINDROME DE DEPENDENCIA
F103;TRASTORNOS MENTALES Y DEL COMPORTAMIENTO DEBIDOS AL USO DE ALCOHOL, ESTADO DE ABSTINENCIA
F104;TRASTORNOS MENTALES Y DEL COMPORTAMIENTO DEBIDOS AL USO DE ALCOHOL, ESTADO DE ABSTINENCIA CON DELIRIO
F105;TRASTORNOS MENTALES Y DEL COMPORTAMIENTO DEBIDOS AL USO DE ALCOHOL, TRASTORNO PSICOTICO
F106;TRASTORNOS MENTALES Y DEL COMPORTAMIENTO DEBIDOS AL USO DE ALCOHOL, SINDROME AMNESICO
F107;TRASTORNOS MENTALES Y DEL COMPORTAMIENTO DEBIDOS AL USO DE ALCOHOL, TRASTORNO PSICOTICO RESIDUAL Y DE COMIENZO TARDIO
F108;TRASTORNOS MENTALES Y DEL COMPORTAMIENTO DEBIDOS AL USO DE ALCOHOL, OTROS TRASTORNOS MENTALES Y DEL COMPORTAMIENTO
F109;TRASTORNOS MENTALES Y DEL COMPORTAMIENTO DEBIDOS AL USO DE ALCOHOL, TRASTORNO MENTAL Y DEL COMPORTAMIENTO, NO ESPECIFICADO
F11;TRASTORNOS MENTALES Y DEL COMPORTAMIENTO DEBIDOS AL USO DE OPIACEOS
F110;TRASTORNOS MENTALES Y DEL COMPORTAMIENTO DEBIDOS AL USO DE OPIACEOS, INTOXICACION AGUDA
F111;TRASTORNOS MENTALES Y DEL COMPORTAMIENTO DEBIDOS AL USO DE OPIACEOS, USO NOCIVO
F112;TRASTORNOS MENTALES Y DEL COMPORTAMIENTO DEBIDOS AL USO DE OPIACEOS, SINDROME DE DEPENDENCIA
F113;TRASTORNOS MENTALES Y DEL COMPORTAMIENTO DEBIDOS AL USO DE OPIACEOS, ESTADO DE ABSTINENCIA
F114;TRASTORNOS MENTALES Y DEL COMPORTAMIENTO DEBIDOS AL USO DE OPIACEOS, ESTADO DE ABSTINENCIA CON DELIRIO
F115;TRASTORNOS MENTALES Y DEL COMPORTAMIENTO DEBIDOS AL USO DE OPIACEOS, TRASTORNO PSICOTICO
F116;TRASTORNOS MENTALES Y DEL COMPORTAMIENTO DEBIDOS AL USO DE OPIACEOS, SINDROME AMNESICO
F117;TRASTORNOS MENTALES Y DEL COMPORTAMIENTO DEBIDOS AL USO DE OPIACEOS, TRASTORNO PSICOTICO RESIDUAL Y DE COMIENZO TARDIO
F118;TRASTORNOS MENTALES Y DEL COMPORTAMIENTO DEBIDOS AL USO DE OPIACEOS, OTROS TRASTORNOS MENTALES Y DEL COMPORTAMIENTO
F119;TRASTORNOS MENTALES Y DEL COMPORTAMIENTO DEBIDOS AL USO DE OPIACEOS, TRASTORNO MENTAL Y DEL COMPORTAMIENTO, NO ESPECIFICADO
F12;TRASTORNOS MENTALES Y DEL COMPORTAMIENTO DEBIDOS AL USO DE CANNABINOIDES
F120;TRASTORNOS MENTALES Y DEL COMPORTAMIENTO DEBIDOS AL USO DE CANNABINOIDES, INTOXICACION AGUDA
F121;TRASTORNOS MENTALES Y DEL COMPORTAMIENTO DEBIDOS AL USO DE CANNABINOIDES, USO NOCIVO
F122;TRASTORNOS MENTALES Y DEL COMPORTAMIENTO DEBIDOS AL USO DE CANNABINOIDES, SINDROME DE DEPENDENCIA
F123;TRASTORNOS MENTALES Y DEL COMPORTAMIENTO DEBIDOS AL USO DE CANNABINOIDES, ESTADO DE ABSTINENCIA
F124;TRASTORNOS MENTALES Y DEL COMPORTAMIENTO DEBIDOS AL USO DE CANNABINOIDES, ESTADO DE ABSTINENCIA CON DELIRIO
F125;TRASTORNOS MENTALES Y DEL COMPORTAMIENTO DEBIDOS AL USO DE CANNABINOIDES, TRASTORNO PSICOTICO
F126;TRASTORNOS MENTALES Y DEL COMPORTAMIENTO DEBIDOS AL USO DE CANNABINOIDES, SINDROME AMNESICO
F127;TRASTORNOS MENTALES Y DEL COMPORTAMIENTO DEBIDOS AL USO DE CANNABINOIDES, TRASTORNO PSICOTICO RESIDUAL Y DE COMIENZO TARDIO
F128;TRASTORNOS MENTALES Y DEL COMPORTAMIENTO DEBIDOS AL USO DE CANNABINOIDES, OTROS TRASTORNOS MENTALES Y DEL COMPORTAMIENTO
F129;TRASTORNOS MENTALES Y DEL COMPORTAMIENTO DEBIDOS AL USO DE CANNABINOIDES, TRASTORNO MENTAL Y DEL COMPORTAMIENTO, NO ESPECIFICADO
F13;TRASTORNOS MENTALES Y DEL COMPORTAMIENTO DEBIDOS AL USO DE SEDANTES O HIPNOTICOS
F130;TRASTORNOS MENTALES Y DEL COMPORTAMIENTO DEBIDOS AL USO DE SEDANTES O HIPNOTICOS, INTOXICACION AGUDA
F131;TRASTORNOS MENTALES Y DEL COMPORTAMIENTO DEBIDOS AL USO DE SEDANTES O HIPNOTICOS, USO NOCIVO
F132;TRASTORNOS MENTALES Y DEL COMPORTAMIENTO DEBIDOS AL USO DE SEDANTES O HIPNOTICOS, SINDROME DE DEPENDENCIA
F133;TRASTORNOS MENTALES Y DEL COMPORTAMIENTO DEBIDOS AL USO DE SEDANTES O HIPNOTICOS, ESTADO DE ABSTINENCIA
F134;TRASTORNOS MENTALES Y DEL COMPORTAMIENTO DEBIDOS AL USO DE SEDANTES O HIPNOTICOS, ESTADO DE ABSTINENCIA CON DELIRIO
F135;TRASTORNOS MENTALES Y DEL COMPORTAMIENTO DEBIDOS AL USO DE SEDANTES O HIPNOTICOS, TRASTORNO PSICOTICO
F136;TRASTORNOS MENTALES Y DEL COMPORTAMIENTO DEBIDOS AL USO DE SEDANTES O HIPNOTICOS, SINDROME AMNESICO
F137;TRASTORNOS MENTALES Y DEL COMPORTAMIENTO DEBIDOS AL USO DE SEDANTES O HIPNOTICOS, TRASTORNO PSICOTICO RESIDUAL Y DE COMIENZO TARDIO
F138;TRASTORNOS MENTALES Y DEL COMPORTAMIENTO DEBIDOS AL USO DE SEDANTES O HIPNOTICOS, OTROS TRASTORNOS MENTALES Y DEL COMPORTAMIENTO
F139;TRASTORNOS MENTALES Y DEL COMPORTAMIENTO DEBIDOS AL USO DE SEDANTES O HIPNOTICOS, TRASTORNOS MENTAL Y DEL COMPORTAMIENTO, NO ESPECIFICADOS
F14;TRASTORNOS MENTALES Y DEL COMPORTAMIENTO DEBIDOS AL USO DE COCAINA
F140;TRASTORNOS MENTALES Y DEL COMPORTAMIENTO DEBIDOS AL USO DE COCAINA, INTOXICACION AGUDA
F141;TRASTORNOS MENTALES Y DEL COMPORTAMIENTO DEBIDOS AL USO DE COCAINA, USO NOCIVO
F142;TRASTORNOS MENTALES Y DEL COMPORTAMIENTO DEBIDOS AL USO DE COCAINA, SINDROME DE DEPENDENCIA
F143;TRASTORNOS MENTALES Y DEL COMPORTAMIENTO DEBIDOS AL USO DE COCAINA, ESTADO DE ABSTINENCIA
F144;TRASTORNOS MENTALES Y DEL COMPORTAMIENTO DEBIDOS AL USO DE COCAINA, ESTADO DE ABSTINENCIA CON DELIRIO
F145;TRASTORNOS MENTALES Y DEL COMPORTAMIENTO DEBIDOS AL USO DE COCAINA, TRASTORNO PSICOTICO
F146;TRASTORNOS MENTALES Y DEL COMPORTAMIENTO DEBIDOS AL USO DE COCAINA, SINDROME AMNESICO
F147;TRASTORNOS MENTALES Y DEL COMPORTAMIENTO DEBIDOS AL USO DE COCAINA, TRASTORNO PSICOTICO RESIDUAL Y DE COMIENZO TARDIO
F148;TRASTORNOS MENTALES Y DEL COMPORTAMIENTO DEBIDOS AL USO DE COCAINA, OTROS TRASTORNOS MENTALES Y DEL COMPORTAMIENTO
F149;TRASTORNOS MENTALES Y DEL COMPORTAMIENTO DEBIDOS AL USO DE COCAINA, TRASTORNO MENTAL Y DEL COMPORTAMIENTO, NO ESPECIFICADO
F15;TRASTORNOS MENTALES Y DEL COMPORTAMIENTO DEBIDOS AL USO DE OTROS ESTIMILANTES, INCLUIDA LA CAFEINA
F150;TRASTORNOS MENTALES Y DEL COMPORTAMIENTO DEBIDOS AL USO DE OTROS ESTIMULANTES, INCLUIDA LA CAFEINA, INTOXICACION AGUDA
F151;TRASTORNOS MENTALES Y DEL COMPORTAMIENTO DEBIDOS AL USO DE OTROS ESTIMULANTES, INCLUIDA LA CAFEINA, USO NOCIVO
F152;TRASTORNOS MENTALES Y DEL COMPORTAMIENTO DEBIDOS AL USO DE OTROS ESTIMULANTES, INCLUIDA LA CAFEINA, SINDROME DE DEPENDENCIA
F153;TRASTORNOS MENTALES Y DEL COMPORTAMIENTO DEBIDOS AL USO DE OTROS ESTIMULANTES, INCLUIDA LA CAFEINA, ESTADO DE ABSTINENCIA
F154;TRASTORNOS MENTALES Y DEL COMPORTAMIENTO DEBIDOS AL USO DE OTROS ESTIMULANTES, INCLUIDA LA CAFEINA, ESTADO DE ABSTINENCIA CON DELIRIO
F155;TRASTORNOS MENTALES Y DEL COMPORTAMIENTO DEBIDOS AL USO DE OTROS ESTIMULANTES, INCLUIDA LA CAFEINA, TRASTORNO PSICOTICO
F156;TRASTORNOS MENTALES Y DEL COMPORTAMIENTO DEBIDOS AL USO DE OTROS ESTIMULANTES, INCLUIDA LA CAFEINA, SINDROME AMNESICO
F157;TRASTORNOS MENTALES Y DEL COMPORTAMIENTO DEBIDOS AL USO DE OTROS ESTIMULANTES, INCLUIDA LA CAFEINA, TRASTORNO PSICOTICO RESIDUAL Y DE COMIENZO TARDIO
F158;TRASTORNOS MENTALES Y DEL COMPORTAMIENTO DEBIDOS AL USO DE OTROS ESTIMULANTES, INCLUIDA LA CAFEINA, OTROS TRASTORNOS MENTALES Y DEL COMPORTAMIENTO
F159;TRASTORNOS MENTALES Y DEL COMPORTAMIENTO DEBIDOS AL USO DE OTROS ESTIMULANTES, INCLUIDA LA CAFEINA, TRASTORNO MENTAL Y DEL COMPORTAMIENTO, NO ESPECIFICADO
F16;TRASTORNOS MENTALES Y DEL COMPORTAMIENTO DEBIDOS AL USO DE ALUCINOGENOS
F160;TRASTORNOS MENTALES Y DEL COMPORTAMIENTO DEBIDOS AL USO DE ALUCINOGENOS, INTOXICACION AGUDA
F161;TRASTORNOS MENTALES Y DEL COMPORTAMIENTO DEBIDOS AL USO DE ALUCINOGENOS, USO NOCIVO
F162;TRASTORNOS MENTALES Y DEL COMPORTAMIENTO DEBIDOS AL USO DE ALUCINOGENOS, SINDROME DE DEPENDENCIA
F163;TRASTORNOS MENTALES Y DEL COMPORTAMIENTO DEBIDOS AL USO DE ALUCINOGENOS, ESTADO DE ABSTINENCIA
F164;TRASTORNOS MENTALES Y DEL COMPORTAMIENTO DEBIDOS AL USO DE ALUCINOGENOS, ESTADO DE ABSTINENCIA CON DELIRIO
F165;TRASTORNOS MENTALES Y DEL COMPORTAMIENTO DEBIDOS AL USO DE ALUCINOGENOS, TRASTORNO PSICOTICO
F166;TRASTORNOS MENTALES Y DEL COMPORTAMIENTO DEBIDOS AL USO DE ALUCINOGENOS, SINDROME AMNESICO
F167;TRASTORNOS MENTALES Y DEL COMPORTAMIENTO DEBIDOS AL USO DE ALUCINOGENOS, TRASTORNO PSICOTICO RESIDUAL Y DE COMIENZO TARDIO
F168;TRASTORNOS MENTALES Y DEL COMPORTAMIENTO DEBIDOS AL USO DE ALUCINOGENOS, OTROS TRASTORNO MENTALES Y DEL COMPORTAMIENTO
F169;TRASTORNOS MENTALES Y DEL COMPORTAMIENTO DEBIDOS AL USO DE ALUCINOGENOS, TRASTORNO MENTAL Y DEL COMPORTAMIENTO, NO ESPECIFICADO
F17;TRASTORNOS MENTALES Y DEL COMPORTAMIENTO DEBIDOS AL USO DE TABACO
F170;TRASTORNOS MENTALES Y DEL COMPORTAMIENTO DEBIDOS AL USO DE TABACO, INTOXICACION AGUDA
F171;TRASTORNOS MENTALES Y DEL COMPORTAMIENTO DEBIDOS AL USO DE TABACO, USO NOCIVO
F172;TRASTORNOS MENTALES Y DEL COMPORTAMIENTO DEBIDOS AL USO DE TABACO, SINDROME DE DEPENDENCIA
F173;TRASTORNOS MENTALES Y DEL COMPORTAMIENTO DEBIDOS AL USO DE TABACO, ESTADO DE ABSTINENCIA
F174;TRASTORNOS MENTALES Y DEL COMPORTAMIENTO DEBIDOS AL USO DE TABACO, ESTADO DE ABSTINENCIA CON DELIRIO
F175;TRASTORNOS MENTALES Y DEL COMPORTAMIENTO DEBIDOS AL USO DE TABACO, TRASTORNO PSICOTICO
F176;TRASTORNOS MENTALES Y DEL COMPORTAMIENTO DEBIDOS AL USO DE TABACO, SINDROME AMNESICO
F177;TRASTORNOS MENTALES Y DEL COMPORTAMIENTO DEBIDOS AL USO DE TABACO, TRASTORNO PSICOTICO RESIDUAL Y DE COMIENZO TARDIO
F178;TRASTORNOS MENTALES Y DEL COMPORTAMIENTO DEBIDOS AL USO DE TABACO, OTROS TRASTORNOS MENTALES Y DEL COMPORTAMIENTO
F179;TRASTORNOS MENTALES Y DEL COMPORTAMIENTO DEBIDOS AL USO DE TABACO, TRASTORNO MENTAL Y DEL COMPORTAMIENTO, NO ESPECIFICADO
F18;TRASTORNOS MENTALES Y DEL COMPORTAMIENTO DEBIDOS AL USO DE DISOLVENTES VOLATILES
F180;TRASTORNOS MENTALES Y DEL COMPORTAMIENTO DEBIDOS AL USO DE DISOLVENTES VOLATILES, INTOXICACION AGUDA
F181;TRASTORNOS MENTALES Y DEL COMPORTAMIENTO DEBIDOS AL USO DE DISOLVENTES VOLATILES, USO NOCIVO
F182;TRASTORNOS MENTALES Y DEL COMPORTAMIENTO DEBIDOS AL USO DE DISOLVENTES VOLATILES, SINDROME DE DEPENDENCIA
F183;TRASTORNOS MENTALES Y DEL COMPORTAMIENTO DEBIDOS AL USO DE DISOLVENTES VOLATILES, ESTADO DE ABSTINENCIA
F184;TRASTORNOS MENTALES Y DEL COMPORTAMIENTO DEBIDOS AL USO DE DISOLVENTES VOLATILES, ESTADO DE ABSTINENCIA CON DELIRIO
F185;TRASTORNOS MENTALES Y DEL COMPORTAMIENTO DEBIDOS AL USO DE DISOLVENTES VOLATILES, TRASTORNO PSICOTICO
F186;TRASTORNOS MENTALES Y DEL COMPORTAMIENTO DEBIDOS AL USO DE DISOLVENTES VOLATILES, SINDROME AMNESICO
F187;TRASTORNOS MENTALES Y DEL COMPORTAMIENTO DEBIDOS AL USO DE DISOLVENTES VOLATILES, TRASTORNO PSICOTICO RESIDUAL Y DE COMIENZO TARDIO
F188;TRASTORNOS MENTALES Y DEL COMPORTAMIENTO DEBIDOS AL USO DE DISOLVENTES VOLATILES, OTROS TRASTORNOS MENTALES Y DEL COMPORTAMIENTO
F189;TRASTORNOS MENTALES Y DEL COMPORTAMIENTO DEBIDOS AL USO DE DISOLVENTES VOLATILES, TRASTORNO MENTAL Y DEL COMPORTAMIENTO, NO ESPECIFICADO
F19;TRASTORNOS MENTALES Y DEL COMPORTAMIENTO DEBIDOS AL USO DE MULTIPLES DROGAS Y AL USO DE OTRAS SUSTANCIAS PSICOACTIVAS
F190;TRASTORNOS MENTALES Y DEL COMPORTAMIENTO DEBIDOS AL USO DE MULTIPLES DROGAS Y AL USO DE OTRAS SUSTANCIAS PSICOACTIVAS, INTOXICACION AGUDA
F191;TRASTORNOS MENTALES Y DEL COMPORTAMIENTO DEBIDOS AL USO DE MULTIPLES DROGAS Y AL USO DE OTRAS SUSTANCIAS PSICOACTIVAS, USO NOCIVO
F192;TRASTORNOS MENTALES Y DEL COMPORTAMIENTO DEBIDOS AL USO DE MULTIPLES DROGAS Y AL USO DE OTRAS SUSTANCIAS PSICOACTIVAS, SINDROME DE DEPENDENDENCIA
F193;TRASTORNOS MENTALES Y DEL COMPORTAMIENTO DEBIDOS AL USO DE MULTIPLES DROGAS Y AL USO DE OTRAS SUSTANCIAS PSICOACTIVAS, ESTADO DE ABSTINENCIA
F194;TRASTORNOS MENTALES Y DEL COMPORTAMIENTO DEBIDOS AL USO DE MULTIPLES DROGAS Y AL USO DE OTRAS SUSTANCIAS PSICOACTIVAS, ESTADO DE ABSTINENCIA CON DELIRIO
F195;TRASTORNOS MENTALES Y DEL COMPORTAMIENTO DEBIDOS AL USO DE MULTIPLES DROGAS Y AL USO DE OTRAS SUSTANCIAS PSICOACTIVAS, TRASTORNO PSICOTICO
F196;TRASTORNOS MENTALES Y DEL COMPORTAMIENTO DEBIDOS AL USO DE MULTIPLES DROGAS Y AL USO DE OTRAS SUSTANCIAS PSICOACTIVAS, SINDROME AMNESICO
F197;TRASTORNOS MENTALES Y DEL COMPORTAMIENTO DEBIDOS AL USO DE MULTIPLES DROGAS Y AL USO DE OTRAS SUSTANCIAS PSICOACTIVAS, TRASTORNO PSICOTICO RESIDUAL Y DE COMIENZO TARDIO
F198;TRASTORNOS MENTALES Y DEL COMPORTAMIENTO DEBIDOS AL USO DE MULTIPLES DROGAS Y AL USO DE OTRAS SUSTANCIAS PSICOACTIVAS, OTROS TRASTORNOS MENTALES Y DEL COMPORTAMIENTO
F199;TRASTORNOS MENTALES Y DEL COMPORTAMIENTO DEBIDOS AL USO DE MULTIPLES DROGAS Y AL USO DE OTRAS SUSTANCIAS PSICOACTIVAS, TRASTORNO MENTAL Y DEL COMPORTAMIENTO, NO ESPECIFICADO
F20;ESQUIZOFRENIA
F200;ESQUIZOFRENIA PARANOIDE
F201;ESQUIZOFRENIA HEBEFRENICA
F202;ESQUIZOFRENIA CATATONICA
F203;ESQUIZOFRENIA INDIFERENCIADA
F204;DEPRESION POSTESQUIZOFRENICA
F205;ESQUIZOFRENIA RESIDUAL
F206;ESQUIZOFRENIA SIMPLE
F208;OTRAS ESQUIZOFRENIAS
F209;ESQUIZOFRENIA, NO ESPECIFICADA
F21X;TRASTORNO ESQUIZOTIPICO
F22;TRASTORNOS DELIRANTES PERSISTENTES
F220;TRASTORNO DELIRANTE
F228;OTROS TRASTORNOS DELIRANTES PERSISTENTES
F229;TRASTORNOS DELIRANTE PERSISTENTE, NO ESPECIFICADO
F23;TRASTORNOS PSICOTICOS AGUDOS Y TRANSITORIOS
F230;TRASTORNO PSICOTICO AGUDO POLIMORFO, SIN SINTOMAS DE ESQUIZOFRENIA
F231;TRASTORNO PSICOTICO AGUDO POLIMORFO, CON SINTOMAS DE ESQUIZOFRENIA
F232;TRASTORNO PSICOTICO AGUDO DE TIPO ESQUIZOFRENICO
F233;OTRO TRASTORNO PSICOTICO AGUDO, CON PREDOMINIO DE IDEAS DELIRANTES
F238;OTROS TRASTORNOS PSICOTICOS AGUDOS Y TRANSITORIOS
F239;TRASTORNO PSICOTICO AGUDO Y TRANSITORIO, NO ESPECIFICADO
F24X;TRASTORNO DELIRANTE INDUCIDO
F25;TRASTORNOS ESQUIZOAFECTIVOS
F250;TRASTORNO ESQUIZOAFECTIVO DE TIPO MANIACO
F251;TRASTORNO ESQUIZOAFECTIVO DE TIPO DEPRESIVO
F252;TRASTORNO ESQUIZOAFECTIVO DE TIPO MIXTO
F258;OTROS TRASTORNOS ESQUIZOAFECTIVOS
F259;TRASTORNO ESQUIZOAFECTIVO, NO ESPECIFICADO
F28X;OTROS TRASTORNOS PSICOTICOS DE ORIGEN NO ORGANICO
F29X;PSICOSIS DE ORIGEN NO ORGANICO, NO ESPECIFICADA
F30;EPISODIO MANIACO
F300;HIPOMANIA
F301;MANIA SIN SINTOMAS PSICOTICOS
F302;MANIA CON SINTOMAS PSICOTICOS
F308;OTROS EPISODIOS MANIACOS
F309;EPISODIO MANIACO, NO ESPECIFICADO
F31;TRASTORNO AFECTIVO BIPOLAR
F310;TRASTORNO AFECTIVO BIPOLAR, EPISODIO HIPOMANIACO PRESENTE
F311;TRASTORNO AFECTIVO BIPOLAR, EPISODIO MANIACO PRESENTE SIN SINTOMAS PSICOTICOS
F312;TRASTORNO AFECTIVO BIPOLAR, EPISODIO MANIACO PRESENTE CON SINTOMAS PSICOTICOS
F313;TRASTORNO AFECTIVO BIPOLAR, EPISODIO DEPRESIVO PRESENTE LEVE O MODERADO
F314;TRASTORNO AFECTIVO BIPOLAR, EPISODIO DEPRESIVO GRAVE PRESENTE SIN SINTOMAS PSICOTICOS
F315;TRASTORNO AFECTIVO BIPOLAR, EPISODIO DEPRESIVO GRAVE PRESENTE CON SINTOMAS PSICOTICOS
F316;TRASTORNO AFECTIVO BIPOLAR, EPISODIO MIXTO PRESENTE
F317;TRASTORNO AFECTIVO BIPOLAR, ACTUALMENTE EN REMISION
F318;OTROS TRASTORNOS AFECTIVOS BIPOLARES
F319;TRASTORNO AFECTIVO BIPOLAR, NO ESPECIFICADO
F32;EPISODIO DEPRESIVO
F320;EPISODIO DEPRESIVO LEVE
F321;EPISODIO DEPRESIVO MODERADO
F322;EPISODIO DEPRESIVO GRAVE SIN SINTOMAS PSICOTICOS
F323;EPISODIO DEPRESIVO GRAVE CON SINTOMAS PSICOTICOS
F328;OTROS EPISODIOS DEPRESIVOS
F329;EPISODIO DEPRESIVO, NO ESPECIFICADO
F33;TRASTORNO DEPRESIVO RECURRENTE
F330;TRASTORNO DEPRESIVO RECURRENTE, EPISODIO LEVE PRESENTE
F331;TRASTORNO DEPRESIVO RECURRENTE, EPISODIO MODERADO PRESENTE
F332;TRASTORNO DEPRESIVO RECURRENTE, EPISODIO DEPRESIVO GRAVE PRESENTE SIN SINTOMAS PSICOTICOS
F333;TRASTORNO DEPRESIVO RECURRENTE, EPISODIO DEPRESIVO GRAVE PRESENTE, CON SINTOMAS PSICOTICOS
F334;TRASTORNO DEPRESIVO RECURRENTE ACTUALMENTE EN REMISION
F338;OTROS TRASTORNOS DEPRESIVOS RECURRENTES
F339;TRASTORNO DEPRESIVO RECURRENTE, NO ESPECIFICADO
F34;TRASTORNO DEL HUMOR [AFECTIVOS] PERSISTENTES
F340;CICLOTIMIA
F341;DISTIMIA
F348;OTROS TRASTORNOS DEL HUMOR [AFECTIVOS] PERSISTENTES
F349;TRASTORNO PERSISTENTE DEL HUMOR [AFECTIVO], NO ESPECIFICADO
F38;OTROS TRASTORNOS DEL HUMOR [AFECTIVOS]
F380;OTROS TRASTORNOS DEL HUMOR [AFECTIVOS], AISLADOS
F381;OTROS TRASTORNOS DEL HUMOR [AFECTIVOS], RECURRENTES
F388;OTROS TRASTORNOS DEL HUMOR [AFECTIVOS], ESPECIFICADOS
F39X;TRASTORNO DEL HUMOR [AFECTIVO], NO ESPECIFICADO
F40;TRASTORNOS FOBICOS DE ANSIEDAD
F400;AGORAFOBIA
F401;FOBIAS SOCIALES
F402;FOBIAS ESPECIFICAS (AISLADAS)
F408;OTROS TRASTORNOS FOBICOS DE ANSIEDAD
F409;TRASTORNO FOBICO DE ANSIEDAD, NO ESPECIFICADO
F41;OTROS TRASTORNOS DE ANSIEDAD
F410;TRASTORNO DE PANICO [ANSIEDAD PAROXISTICA EPISODICA]
F411;TRASTORNO DE ANSIEDAD GENERALIZADA
F412;TRASTORNO MIXTO DE ANSIEDAD Y DEPRESION
F413;OTROS TRASTORNOS DE ANSIEDAD MIXTOS
F418;OTROS TRASTORNOS DE ANSIEDAD ESPECIFICADOS
F419;TRASTORNO DE ANSIEDAD, NO ESPECIFICADO
F42;TRASTORNO OBSESIVO-COMPULSIVO
F420;PREDOMINIO DE PENSAMIENTOS O RUMIACIONES OBSESIVAS
F421;PREDOMINIO DE ACTOS COMPULSIVOS [RITUALES OBSESIVOS]
F422;ACTOS E IDEAS OBSESIVAS MIXTOS
F428;OTROS TRASTORNOS OBSESIVO-COMPULSIVOS
F429;TRASTORNO OBSESIVO-COMPULSIVO, NO ESPECIFICADO
F43;REACCION AL ESTRES GRAVE Y TRASTORNOS DE ADAPTACION
F430;REACCION AL ESTRES AGUDO
F431;TRASTORNO DE ESTRES POSTRAUMATICO
F432;TRASTORNOS DE ADAPTACION
F438;OTRAS REACCIONES AL ESTRES GRAVE
F439;REACCION AL ESTRES GRAVE, NO ESPECIFICADA
F44;TRASTORNOS DISOCIATIVOS [DE CONVERSION]
F440;AMNESIA DISOCIATIVA
F441;FUGA DISOCIATIVA
F442;ESTUPOR DISOCIATIVO
F443;TRASTORNOS DE TRANCE Y DE POSESION
F444;TRASTORNOS DISOCIATIVOS DEL MOVIMIENTO
F445;CONVULSIONES DISOCIATIVAS
F446;ANESTESIA DISOCIATIVA Y PERDIDA SENSORIAL
F447;TRASTORNOS DISOCIATIVOS MIXTOS [Y DE CONVERSION]
F448;OTROS TRASTORNOS DISOCIATIVOS [DE CONVERSION]
F449;TRASTORNO DISOCIATIVO [DE CONVERSION], NO ESPECIFICADO
F45;TRASTORNOS SOMATOMORFOS
F450;TRASTORNO DE SOMATIZACION
F451;TRASTORNO SOMATOMORFO INDIFERENCIADO
F452;TRASTORNO HIPOCONDRIACO
F453;DISFUNCION AUTONOMICA SOMATOMORFA
F454;TRASTORNO DE DOLOR PERSISTENTE SOMATOMORFO
F458;OTROS TRASTORNOS SOMATOMORFOS
F459;TRASTORNO SOMATOMORFO, NO ESPECIFICADO
F48;OTROS TRASTORNOS NEUROTICOS
F480;NEURASTENIA
F481;SINDROME DE DESPERSONALIZACION Y DESVINCULACION DE LA REALIDAD
F488;OTROS TRASTORNOS NEUROTICOS ESPECIFICADOS
F489;TRASTORNO NEUROTICO, NO ESPECIFICADO
F50;TRASTORNOS DE LA INGESTION DE ALIMENTOS
F500;ANOREXIA NERVIOSA
F501;ANOREXIA NERVIOSA ATIPICA
F502;BULIMIA NERVIOSA
F503;BULIMIA NERVIOSA ATIPICA
F504;HIPERFAGIA ASOCIADA CON OTRAS ALTERACIONES PSICOLOGICAS
F505;VOMITOS ASOCIADOS CON OTRAS ALTERACIONES PSICOLOGICAS
F508;OTROS TRASTORNOS DE LA INGESTION DE ALIMENTOS
F509;TRASTORNO DE LA INGESTION DE ALIMENTOS, NO ESPECIFICADO
F51;TRASTORNOS NO ORGANICOS DEL SUEÑO
F510;INSOMNIO NO ORGANICO
F511;HIPERSOMNIO NO ORGANICO
F512;TRASTORNO NO ORGANICO DEL CICLO SUEÑO-VIGILIA
F513;SONAMBULISMO
F514;TERRORES DEL SUEÑO [TERRORES NOCTURNOS]
F515;PESADILLAS
F518;OTROS TRASTORNOS NO ORGANICOS DEL SUEÑO
F519;TRASTORNO NO ORGANICO DEL SUEÑO, NO ESPECIFICADO
F52;DISFUNCION SEXUAL NO OCASIONADA POR TRASTORNO NI ENFERMEDAD ORGANICOS
F520;FALTA O PERDIDA DEL DESEO SEXUAL
F521;AVERSION AL SEXO Y FALTA DE GOCE SEXUAL
F522;FALLA DE LA RESPUESTA GENITAL
F523;DISFUNCION ORGASMICA
F524;EYACULACION PRECOZ
F525;VAGINISMO NO ORGANICO
F526;DISPAREUNIA NO ORGANICA
F527;IMPULSO SEXUAL EXCESIVO
F528;OTRAS DISFUNCIONES SEXUALES, NO OCASIONADAS POR TRASTORNO NI POR ENFERMEDAD ORGANICOS
F529;DISFUNCION SEXUAL NO OCASIONADA POR TRASTORNO NI POR ENFERMEDAD ORGANICOS, NO ESPECIFICADA
F53;TRASTORNOS MENTALES Y DEL COMPORTAMIENTO ASOCIADOS CON EL PUERPERIO, NO CLASIFICADOS EN OTRA PARTE
F530;TRASTORNOS MENTALES Y DEL COMPORTAMIENTO LEVES, ASOCIADOS CON EL PUERPERIO, NO CLASIFICADOS EN OTRA PARTE
F531;TRASTORNOS MENTALES Y DEL COMPORTAMIENTO GRAVES, ASOCIADOS CON EL PUERPERIO, NO CLASIFICADOS EN OTRA PARTE
F538;OTROS TRASTORNOS MENTALES Y DEL COMPORTAMIENTO ASOCIADOS CON EL PUERPERIO, NO CLASIFICADOS EN OTRA PARTE
F539;TRASTORNO MENTAL PUERPERAL, NO ESPECIFICADO
F54X;FACTORES PSICOLOGICOS Y DEL COMPORTAMIENTO ASOCIADOS CON TRASTORNOS O ENFERMEDADES CLASIFICADOS EN OTRA PARTE
F55X;ABUSO DE SUSTANCIAS QUE NO PRODUCEN DEPENDENCIA
F59X;SINDROMES DEL COMPORTAMIENTO ASOCIADOS CON ALTERACIONES FISIOLOGICAS Y FACTORES FISICOS, NO ESPECIFICADOS
F60;TRASTORNOS ESPECIFICOS DE LA PERSONALIDAD
F600;TRASTORNO PARANOIDE DE LA PERSONALIDAD
F601;TRASTORNO ESQUIZOIDE DE LA PERSONALIDAD
F602;TRASTORNO ASOCIAL DE LA PERSONALIDAD
F603;TRASTORNO DE LA PERSONALIDAD EMOCIONALMENTE INESTABLE
F604;TRASTORNO HISTRIONICO DE LA PERSONALIDAD
F605;TRASTORNO ANANCASTICO DE LA PERSONALIDAD
F606;TRASTORNO DE LA PERSONALIDAD ANSIOSA (EVASIVA, ELUSIVA)
F607;TRASTORNO DE LA PERSONALIDAD DEPENDIENTE
F608;OTROS TRASTORNOS ESPECIFICOS DE LA PERSONALIDAD
F609;TRASTORNO DE LA PERSONALIDAD, NO ESPECIFICADO
F61X;TRASTORNOS MIXTOS Y OTROS TRASTORNOS DE LA PERSONALIDAD
F62;CAMBIOS PERDURABLES DE LA PERSONALIDAD, NO ATRIBUIBLES A LESION O A ENFERMEDAD CEREBRAL
F620;CAMBIO PERDURABLE DE LA PERSONALIDAD DESPUES DE UNA EXPERIENCIA CATASTROFICA
F621;CAMBIO PERDURABLE DE LA PERSONALIDAD CONSECUTIVO A UNA ENFERMEDAD PSIQUIATRICA
F628;OTROS CAMBIOS PERDURABLES DE LA PERSONALIDAD
F629;CAMBIO PERDURABLE DE LA PERSONALIDAD, NO ESPECIFICADO
F63;TRASTORNOS DE LOS HABITOS Y DE LOS IMPULSOS
F630;JUEGO PATOLOGICO
F631;PIROMANIA
F632;HURTO PATOLOGICO [CLEPTOMANIA]
F633;TRICOTILOMANIA
F638;OTROS TRASTORNOS DE LOS HABITOS Y DE LOS IMPULSOS
F639;TRASTORNO DE LOS HABITOS Y DE LOS IMPULSOS, NO ESPECIFICADO
F64;TRASTORNOS DE LA IDENTIDAD DE GENERO
F640;TRANSEXUALISMO
F641;TRANSVESTISMO DE ROL DUAL
F642;TRASTORNO DE LA IDENTIDAD DE GENERO EN LA NIÑEZ
F648;OTROS TRASTORNOS DE LA IDENTIDAD DE GENERO
F649;TRASTORNO DE LA IDENTIDAD DE GENERO, NO ESPECIFICADO
F65;TRASTORNOS DE LA PREFERENCIA SEXUAL
F650;FETICHISMO
F651;TRANSVESTISMO FETICHISTA
F652;EXHIBICIONISMO
F653;VOYEURISMO
F654;PEDOFILIA
F655;SADOMASOQUISMO
F656;TRASTORNOS MULTIPLES DE LA PREFERENCIA SEXUAL
F658;OTROS TRASTORNOS DE LA PREFERENCIA SEXUAL
F659;TRASTORNO DE LA PREFERENCIA SEXUAL, NO ESPECIFICADO
F66;TRASTORNOS PSICOLOGICOS Y DEL COMPORTAMIENTO ASOCIADOS CON EL DESARROLLO Y CON LA ORIENTACION SEXUALES
F660;TRASTORNO DE LA MADURACION SEXUAL
F661;ORIENTACION SEXUAL EGODISTONICA
F662;TRASTORNO DE LA RELACION SEXUAL
F668;OTROS TRASTORNOS DEL DESARROLLO PSICOSEXUAL
F669;TRASTORNO DEL DESARROLLO PSICOSEXUAL, NO ESPECIFICADO
F68;OTROS TRASTORNOS DE LA PERSONALIDAD Y DEL COMPORTAMIENTO EN ADULTOS
F680;ELABORACION DE SINTOMAS FISICOS POR CAUSAS PSICOLOGICAS
F681;PRODUCCION INTENCIONAL O SIMULACION DE SINTOMAS O DE INCAPACIDADES, TANTO FISICAS COMO PSICOLOGICAS [TRASTORNO FACTICIO]
F688;OTROS TRASTORNOS ESPECIFICADOS DE LA PERSONALIDAD Y DEL COMPORTAMIENTO EN ADULTOS
F69X;TRASTORNO DE LA PERSONALIDAD Y DEL COMPORTAMIENTO EN ADULTOS, NO ESPECIFICADO
F70;RETRASO MENTAL LEVE
F700;RETRASO MENTAL LEVE, DETERIORO DEL COMPORTAMIENTO NULO O MINIMO
F701;RETRASO MENTAL LEVE, DETERIORO DEL COMPORTAMIENTO SIGNIFICATIVO, QUE REQUIERE ATENCION O TRATAMIENTO
F708;RETRASO MENTAL LEVE, OTROS DETERIOROS DEL COMPORTAMIENTO
F709;RETRASO MENTAL LEVE, DETERIORO DEL COMPORTAMIENTO DE GRADO NO ESPECIFICADO
F71;RETRASO MENTAL MODERADO
F710;RETRASO MENTAL MODERADO, DETERIORO DEL COMPORTAMIENTO NULO O MINIMO
F711;RETRASO MENTAL MODERADO, DETERIORO DEL COMPORTAMIENTO SIGNIFICATIVO, QUE REQUIERE ATENCION O TRATAMIENTO
F718;RETRASO MENTAL MODERADO, OTROS DETERIOROS DEL COMPORTAMIENTO
F719;RETRASO MENTAL MODERADO, DETERIORO DEL COMPORTAMIENTO DE GRADO NO ESPECIFICADO
F72;RETRASO MENTAL GRAVE
F720;RETRASO MENTAL GRAVE, DETERIORO DEL COMPORTAMIENTO NULO O MINIMO
F721;RETRASO MENTAL GRAVE, DETERIORO DEL COMPORTAMIENTO SIGNIFICATIVO, QUE REQUIERE ATENCION O TRATAMIENTO
F728;RETRASO MENTAL GRAVE, OTROS DETERIOROS DEL COMPORTAMIENTO
F729;RETRASO MENTAL GRAVE, DETERIORO DEL COMPORTAMIENTO DE GRADO NO ESPECIFICADO
F73;RETRASO MENTAL PROFUNDO
F730;RETRASO MENTAL PROFUNDO, DETERIORO DEL COMPORTAMIENTO NULO O MINIMO
F731;RETRASO MENTAL PROFUNDO, DETERIORO DEL COMPORTAMIENTO SIGNIFICATIVO, QUE REQUIERE ATENCION O TRATAMIENTO
F738;RETRASO MENTAL PROFUNDO, OTROS DETERIOROS DEL COMPORTAMIENTO
F739;RETRASO MENTAL PROFUNDO, DETERIORO DEL COMPORTAMIENTO DE GRADO NO ESPECIFICADO
F78;OTROS TIPOS DE RETRASO MENTAL
F780;OTROS TIPOS DE RETRASO MENTAL, DETERIORO DEL COMPORTAMIENTO NULO O MINIMO
F781;OTROS TIPOS DE RETRASO MENTAL, DETERIORO DEL COMPORTAMIENTO SIGNIFICATIVO, QUE REQUIERE ATENCION O TRATAMIENTO
F788;OTROS TIPOS DE RETRASO MENTAL, OTROS DETERIOROS DEL COMPORTAMIENTO
F789;OTROS TIPOS DE RETRASO MENTAL, DETERIORO DEL COMPORTAMIENTO DE GRADO NO ESPECIFICADO
F79;RETRASO MENTAL, NO ESPECIFICADO
F790;RETRASO MENTAL, NO ESPECIFICADO, DETERIORO DEL COMPORTAMIENTO NULO O MINIMO
F791;RETRASO MENTAL, NO ESPECIFICADO, DETERIORO DEL COMPORTAMIENTO SIGNIFICATIVO, QUE REQUIERE ATENCION O TRATAMIENTO
F798;RETRASO MENTAL, NO ESPECIFICADO, OTROS DETERIOROS DEL COMPORTAMIENTO
F799;RETRASO MENTAL, NO ESPECIFICADO, DETERIORO DEL COMPORTAMIENTO DE GRADO NO ESPECIFICADO
F80;TRASTORNOS ESPECIFICOS DEL DESARROLLO DEL HABLA Y DEL LENGUAJE
F800;TRASTORNO ESPECIFICO DE LA PRONUNCIACION
F801;TRASTORNO DEL LENGUAJE EXPRESIVO
F802;TRASTORNO DE LA RECEPCION DEL LENGUAJE
F803;AFASIA ADQUIRIDA CON EPILEPSIA [LANDAU-KLEFFNER]
F808;OTROS TRASTORNOS DEL DESARROLLO DEL HABLA Y DEL LENGUAJE
F809;TRASTORNO DEL DESARROLLO DEL HABLA Y DEL LENGUAJE NO ESPECIFICADO
F81;TRASTORNOS ESPECIFICOS DEL DESARROLLO DE LAS HABILIDADES ESCOLARES
F810;TRASTORNO ESPECIFICO DE LA LECTURA
F811;TRASTORNO ESPECIFICO DEL DELETREO [ORTOGRAFIA]
F812;TRASTORNO ESPECIFICO DE LAS HABILIDADES ARITMETICAS
F813;TRASTORNO MIXTO DE LAS HABILIDADES ESCOLARES
F818;OTROS TRASTORNOS DEL DESARROLLO DE LAS HABILIDADES ESCOLARES
F819;TRASTORNO DEL DESARROLLO DE LAS HABILIDADES ESCOLARES, NO ESPECIFICADO
F82X;TRASTORNO ESPECIFICO DEL DESARROLLO DE LA FUNCION MOTRIZ
F83X;TRASTORNOS ESPECIFICOS MIXTOS DEL DESARROLLO
F84;TRASTORNOS GENERALIZADOS DEL DESARROLLO
F840;AUTISMO EN LA NIÑEZ
F841;AUTISMO ATIPICO
F842;SINDROME DE RETT
F843;OTRO TRASTORNO DESINTEGRATIVO DE LA NIÑEZ
F844;TRASTORNO HIPERACTIVO ASOCIADO CON RETRASO MENTAL Y MOVIMIENTOS ESTEREOTIPADOS
F845;SINDROME DE ASPERGER
F848;OTROS TRASTORNOS GENERALIZADOS DEL DESARROLLO
F849;TRASTORNO GENERALIZADO DEL DESARROLLO NO ESPECIFICADO
F88X;OTROS TRASTORNOS DEL DESARROLLO PSICOLOGICO
F89X;TRASTORNO DEL DESARROLLO PSICOLOGICO, NO ESPECIFICADO
F90;TRASTORNOS HIPERCINETICOS
F900;PERTURBACION DE LA ACTIVIDAD Y DE LA ATENCION
F901;TRASTORNO HIPERCINETICO DE LA CONDUCTA
F908;OTROS TRASTORNOS HIPERCINETICOS
F909;TRASTORNO HIPERCINETICO, NO ESPECIFICADO
F91;TRASTORNOS DE LA CONDUCTA
F910;TRASTORNO DE LA CONDUCTA LIMITADO AL CONTEXTO FAMILIAR
F911;TRASTORNO DE LA CONDUCTA INSOCIABLE
F912;TRASTORNO DE LA CONDUCTA SOCIABLE
F913;TRASTORNO OPOSITOR DESAFIANTE
F918;OTROS TRASTORNOS DE LA CONDUCTA
F919;TRASTORNO DE LA CONDUCTA, NO ESPECIFICADO
F92;TRASTORNOS MIXTOS DE LA CONDUCTA Y DE LAS EMOCIONES
F920;TRASTORNO DEPRESIVO DE LA CONDUCTA
F928;OTROS TRASTORNOS MIXTOS DE LA CONDUCTA Y DE LAS EMOCIONES
F929;TRASTORNO MIXTO DE LA CONDUCTA Y DE LAS EMOCIONES, NO ESPECIFICADO
F93;TRASTORNOS EMOCIONALES DE COMIENZO ESPECIFICO EN LA NIÑEZ
F930;TRASTORNO DE ANSIEDAD DE SEPARACION EN LA NIÑEZ
F931;TRASTORNO DE ANSIEDAD FOBICA EN LA NIÑEZ
F932;TRASTORNO DE ANSIEDAD SOCIAL EN LA NIÑEZ
F933;TRASTORNO DE RIVALIDAD ENTRE HERMANOS
F938;OTROS TRASTORNOS EMOCIONALES EN LA NIÑEZ
F939;TRASTORNO EMOCIONAL EN LA NIÑEZ, NO ESPECIFICADO
F94;TRASTORNOS DEL COMPORTAMIENTO SOCIAL DE COMIENZO ESPECIFICO EN LA NIÑEZ Y EN LA ADOLESCENCIA
F940;MUTISMO ELECTIVO
F941;TRASTORNO DE VINCULACION REACTIVA EN LA NIÑEZ
F942;TRASTORNO DE VINCULACION DESINHIBIDA EN LA NIÑEZ
F948;OTROS TRASTORNOS DEL COMPORTAMIENTO SOCIAL EN LA NIÑEZ
F949;TRASTORNO DEL COMPORTAMIENTO SOCIAL EN LA NIÑEZ, NO ESPECIFICADO
F95;TRASTORNOS POR TICS
F950;TRASTORNO POR TIC TRANSITORIO
F951;TRASTORNO POR TIC MOTOR O VOCAL CRONICO
F952;TRASTORNO POR TICS MOTORES Y VOCALES MULTIPLES COMBINADOS [DE LA TOURETTE]
F958;OTROS TRASTORNOS POR TICS
F959;TRASTORNO POR TIC, NO ESPECIFICADO
F98;OTROS TRASTORNOS EMOCIONALES Y DEL COMPORTAMIENTO QUE APARECEN HABITUALMENTE EN LA NIÑEZ Y EN LA ADOLESCENCIA
F980;ENURESIS NO ORGANICA
F981;ENCOPRESIS NO ORGANICA
F982;TRASTORNO DE LA INGESTION ALIMENTARIA EN LA INFANCIA Y LA NIÑEZ
F983;PICA EN LA INFANCIA Y LA NIÑEZ
F984;TRASTORNOS DE LOS MOVIMIENTOS ESTEREOTIPADOS
F985;TARTAMUDEZ [ESPASMOFEMIA]
F986;FARFULLEO
F988;OTROS TRASTORNOS EMOCIONALES Y DEL COMPORTAMIENTO QUE APARECEN HABITUALMENTE EN LA NIÑEZ Y EN LA ADOLESCENCIA
F989;TRASTORNOS NO ESPECIFICADOS, EMOCIONALES Y DEL COMPORTAMIENTO, QUE APARECEN HABITUALMENTE EN LA NIÑEZ Y EN LA ADOLESCENCIA
F99X;TRASTORNO MENTAL, NO ESPECIFICADO
G00;MENINGITIS BACTERIANA, NO CLASIFICADA EN OTRA PARTE
G000;MENINGITIS POR HEMOFILOS
G001;MENINGITIS NEUMOCOCICA
G002;MENINGITIS ESTREPTOCOCICA
G003;MENINGITIS ESTAFILOCOCICA
G008;OTRAS MENINGITIS BACTERIANAS
G009;MENINGITIS BACTERIANA, NO ESPECIFICADA
G01X;MENINGITIS EN ENFERMEDADES BACTERIANAS CLASIFICADAS EN OTRA PARTE
G02;MENINGITIS EN OTRAS ENFERMEDADES INFECCIOSAS Y PARASITARIAS CLASIFICADA EN OTRA PARTE
G020;MENINGITIS EN ENFERMEDADES VIRALES CLASIFICADAS EN OTRA PARTE
G021;MENINGITIS EN MICOSIS
G028;MENINGITIS EN OTRAS ENFERMEDADES INFECCIOSAS Y PARASITARIAS ESPECIFICADAS CLASIFICADAS EN OTRA PARTE
G03;MENINGITIS DEBIDA A OTRAS CAUSAS Y A LAS NO ESPECIFICADAS
G030;MENINGITIS APIOGENA
G031;MENINGITIS CRONICA
G032;MENINGITIS RECURRENTE BENIGNA [MOLLARET]
G038;MENINGITIS DEBIDAS A OTRAS CAUSAS ESPECIFICADAS
G039;MENINGITIS, NO ESPECIFICADA
G04;ENCEFALITIS, MIELITIS Y ENCEFALOMIELITIS
G040;ENCEFALITIS AGUDA DISEMINADA
G041;MIELOPATIA ASOCIADA AL VIRUS LINFOTROPICO DE CELULAS T HUMANAS
G042;MENINGOENCEFALITIS Y MENINGOMIELITIS BACTERIANAS, NO CLASIFICADAS EN OTRA PARTE
G048;OTRAS ENCEFALITIS, MIELITIS Y ENCEFALOMIELITIS
G049;ENCEFALITIS, MIELITIS Y ENCEFALOMIELITIS, NO ESPECIFICADAS
G05;ENCEFALITIS, MIELITIS Y ENCEFALOMIELITIS EN ENFERMEDADES CLASIFICADAS EN OTRA PARTE
G050;ENCEFALITIS, MIELITIS Y ENCEFALOMIELITIS EN ENFERMEDADES BACTERIANAS CLASIFICADAS EN OTRA PARTE
G051;ENCEFALITIS, MIELITIS Y ENCEFALOMIELITIS EN ENFERMEDADES VIRALES CLASIFICADAS EN OTRA PARTE
G052;ENCEFALITIS, MIELITIS Y ENCEFALOMIELITIS EN OTRAS ENFERMEDADES INFECCIOSAS Y PARASITARIAS CLASIFICADAS EN OTRA PARTE
G058;ENCEFALITIS, MIELITIS Y ENCEFALOMIELITIS EN ENFERMEDADES CLASIFICADAS EN OTRA PARTE
G06;ABSCESO Y GRANULOMA INTRACRANEAL E INTRARRAQUIDEO
G060;ABSCESO Y GRANULOMA INTRACRANEAL
G061;ABSCESO Y GRANULOMA INTRARRAQUIDEO
G062;ABSCESO EXTRADURAL Y SUBDURAL, NO ESPECIFICADO
G07X;ABSCESO Y GRANULOMA INTRACRANEAL E INTRARRAQUIDEO EN ENFERMEDADES CLASIFICADAS EN OTRA PARTE
G08X;FLEBITIS Y TROMBOFLEBITIS INTRACRANEAL E INTRARRAQUIDEA
G09X;SECUELAS DE ENFERMEDADES INFLAMATORIAS DEL SISTEMA NERVIOSO CENTRAL
G10X;ENFERMEDAD DE HUNTINGTON
G11;ATAXIA HEREDITARIA
G110;ATAXIA CONGENITA NO PROGRESIVA
G111;ATAXIA CEREBELOSA DE INICIACION TEMPRANA
G112;ATAXIA CEREBELOSA DE INICIACION TARDIA
G113;ATAXIA CEREBELOSA CON REPARACION DEFECTUOSA DEL ADN
G114;PARAPLEJIA ESPASTICA HEREDITARIA
G118;OTRAS ATAXIAS HEREDITARIAS
G119;ATAXIA HEREDITARIA, NO ESPECIFICADA
G12;ATROFIA MUSCULAR ESPINAL Y SINDROMES AFINES
G120;ATROFIA MUSCULAR ESPINAL INFANTIL, TIPO I (WERDNIG-HOFFMAN)
G121;OTRAS ATROFIAS MUSCULARES ESPINALES HEREDITARIAS
G122;ENFERMEDADES DE LAS NEURONAS MOTORAS
G128;OTRAS ATROFIAS MUSCULARES ESPINALES Y SINDROMES AFINES
G129;ATROFIA MUSCULAR ESPINAL, SIN OTRA ESPECIFICACION
G13;ATROFIAS SISTEMICAS QUE AFECTAN PRIMARIAMENTE EL SISTEMA NERVIOSO CENTRAL EN ENFERMEDADES CLASIFICADAS EN OTRA PARTE
G130;NEUROMIOPATIA Y NEUROPATIA PARANEOPLASICA
G131;OTRAS ATROFIAS SISTEMICAS QUE AFECTAN EL SISTEMA NERVIOSO CENTRAL EN ENFERMEDAD NEOPLASICA
G132;ATROFIA SISTEMICA QUE AFECTA PRIMARIAMENTE EL SISTEMA NERVIOSO CENTRAL EN EL MIXEDEMA
G138;ATROFIA SISTEMICA QUE AFECTA PRIMARIAMENTE EL SISTEMA NERVIOSO CENTRAL EN OTRAS ENFERMEDADES CLASIFICADAS EN OTRA PARTE
G14X;SINDROME POSTPOLIO
G20X;ENFERMEDAD DE PARKINSON
G21;PARKINSONISMO SECUNDARIO
G210;SINDROME NEUROLEPTICO MALIGNO
G211;OTRO PARKINSONISMO SECUNDARIO INDUCIDO POR DROGAS
G212;PARKINSONISMO SECUNDARIO DEBIDO A OTROS AGENTES EXTERNOS
G213;PARKINSONISMO POSTENCEFALITICO
G214;PARKINSONISMO VASCULAR
G218;OTROS TIPOS DE PARKINSONISMO SECUNDARIO
G219;PARKINSONISMO SECUNDARIO, NO ESPECIFICADO
G22X;PARKINSONISMO EN ENFERMEDADES CLASIFICADAS EN OTRA PARTE
G23;OTRAS ENFERMEDADES DEGENERATIVAS DE LOS NUCLEOS DE LA BASE
G230;ENFERMEDAD DE HALLERVORDEN-SPATZ
G231;OFTALMOPLEJIA SUPRANUCLEAR PROGRESIVA [STEELE-RICHARDSON-OLSZEWSKI]
G232;ATROFIA SISTEMICA MULTIPLE, TIPO PARKINSONIANA [AMS-P]
G233;ATROFIA MULTISISTEMICA TIPO CEREBELOSA [ASM-C]
G238;OTRAS ENFERMEDADES DEGENERATIVAS ESPECIFICAS DE LOS NUCLEOS DE LA BASE
G239;ENFERMEDAD DEGENERATIVA DE LOS NUCLEOS DE LA BASE, NO ESPECIFICADA
G24;DISTONIA
G240;DISTONIA INDUCIDA POR DROGAS
G241;DISTONIA IDIOPATICA FAMILIAR
G242;DISTONIA IDIOPATICA NO FAMILIAR
G243;TORTICOLIS ESPASMODICA
G244;DISPONIA BUCOFACIAL IDIOPATICA
G245;BLEFAROSPASMO
G248;OTRAS DISTONIAS
G249;DISTONIA, NO ESPECIFICADA
G25;OTROS TRASTORNOS EXTRAPIRAMIDALES Y DEL MOVIMIENTO
G250;TEMBLOR ESENCIAL
G251;TEMBLOR INDUCIDO POR DROGAS
G252;OTRAS FORMAS ESPECIFICADAS DE TEMBLOR
G253;MIOCLONIA
G254;COREA INDUCIDA POR DROGAS
G255;OTRAS COREAS
G256;TICS INDUCIDOS POR DROGAS Y OTROS TICS DE ORIGEN ORGANICO
G258;OTROS TRASTORNOS EXTRAPIRAMIDALES Y DEL MOVIMIENTO
G259;TRASTORNO EXTRAPIRAMIDAL Y DEL MOVIMIENTO, NO ESPECIFICADO
G26X;TRASTORNOS EXTRAPIRAMIDALES Y DEL MOVIMIENTO EN ENFERMEDADES CLASIFICADAS EN OTRA PARTE
G30;ENFERMEDAD DE ALZHEIMER
G300;ENFERMEDAD DE ALZHEIMER DE COMIENZO TEMPRANO
G301;ENFERMEDAD DE ALZHEIMER DE COMIENZO TARDIO
G308;OTROS TIPOS DE ENFERMEDAD DE ALZHEIMER
G309;ENFERMEDAD DE ALZHEIMER, NO ESPECIFICADA
G31;OTRAS ENFERMEDADES DEGENERATIVAS DEL SISTEMA NERVIOSO, NO CLASIFICADAS EN OTRA PARTE
G310;ATROFIA CEREBRAL CIRCUNSCRITA
G311;DEGENERACION CEREBRAL SENIL NO CLASIFICADA EN OTRA PARTE
G312;DEGENERACION DEL SISTEMA NERVIOSO DEBIDA AL ALCOHOL
G318;OTRAS ENFERMEDADES DEGENERATIVAS ESPECIFICADAS DEL SISTEMA NERVIOSO
G319;DEGENERACION DEL SISTEMA NERVIOSO, NO ESPECIFICADA
G32;OTROS TRASTORNOS DEGENERATIVOS DEL SISTEMA NERVIOSO EN ENFERMEDADES CLASIFICADAS EN OTRA PARTE
G320;DEGENERACION COMBINADA SUBAGUDA DE LA MEDULA ESPINAL EN ENFERMEDADES CLASIFICADAS EN OTRA PARTE
G328;OTROS TRASTORNOS DEGENERATIVOS ESPECIFICADOS DEL SISTEMA NERVIOSO EN ENFERMEDADES CLASIFICADAS EN OTRA PARTE
G35X;ESCLEROSIS MULTIPLE
G36;OTRAS DESMIELINIZACIONES DISEMINADAS AGUDAS
G360;NEUROMIELITIS OPTICA [DEVIC]
G361;LEUCOENCEFALITIS HEMORRAGICA AGUDA Y SUBAGUDA [HURST]
G368;OTRAS DESMIELINIZACIONES AGUDAS DISEMINADAS ESPECIFICADAS
G369;DESMIELINIZACION DISEMINADA AGUDA, SIN OTRA ESPECIFICACION
G37;OTRAS ENFERMEDADES DESMIELINIZANTES DEL SISTEMA NERVIOSO CENTRAL
G370;ESCLEROSIS DIFUSA
G371;DESMIELINIZACION CENTRAL DEL CUERPO CALLOSO
G372;MIELINOLISIS CENTRAL PONTINA
G373;MIELITIS TRANSVERSA AGUDA EN ENFERMEDAD DESMIELINIZANTE DEL SISTEMA NERVIOSO CENTRAL
G374;MIELITIS NECROTIZANTE SUBAGUDA
G375;ESCLEROSIS CONCENTRICA (BALO)
G378;OTRAS ENFERMEDADES DESMIELINIZANTES DEL SISTEMA NERVIOSO CENTRAL, ESPECIFICADAS
G379;ENFERMEDAD DESMIELINIZANTE DEL SISTEMA NERVIOSO CENTRAL, NO ESPECIFICADA
G40;EPILEPSIA
G400;EPILEPSIA Y SINDROMES EPILEPTICOS IDIOPATICOS RELACIONADOS CON LOCALIZACIONES (FOCALES)(PARCIALES) Y CON ATAQUES DE INICIO LOCALIZADO
G401;EPILEPSIA Y SINDROMES EPILEPTICOS SINTOMATICOS RELACIONADOS CON LOCALIZACIONES (FOCALES)(PARCIALES) Y CON ATAQUES PARCIALES SIMPLES
G402;EPILEPSIA Y SINDROMES EPILEPTICOS SINTOMATICOS RELACIONADOS CON LOCALIZACIONES (FOCALES)(PARCIALES) Y CON ATAQUES PARCIALES COMPLEJOS
G403;EPILEPSIA Y SINDROMES EPILEPTICOS IDIOPATICOS GENERALIZADOS
G404;OTRAS EPILEPSIAS Y SINDROMES EPILEPTICOS GENERALIZADOS
G405;SINDROMES EPILEPTICOS ESPECIALES
G406;ATAQUES DE GRAN MAL, NO ESPECIFICADOS (CON O SIN PEQUEÑO MAL)
G407;PEQUEÑO MAL, NO ESPECIFICADO (SIN ATAQUE DE GRAN MAL)
G408;OTRAS EPILEPSIAS
G409;EPILEPSIA, TIPO NO ESPECIFICADO
G41;ESTADO DE MAL EPILEPTICO
G410;ESTADO DE GRAN MAL EPILEPTICO
G411;ESTADO DE PEQUEÑO MAL EPILEPTICO
G412;ESTADO DE MAL EPILEPTICO PARCIAL COMPLEJO
G418;OTROS ESTADOS EPILEPTICOS
G419;ESTADO DE MAL EPILEPTICO DE TIPO NO ESPECIFICADO
G43;MIGRAÑA
G430;MIGRAÑA SIN AURA [MIGRAÑA COMUN]
G431;MIGRAÑA CON AURA [MIGRAÑA CLASICA]
G432;ESTADO MIGRAÑOSO
G433;MIGRAÑA COMPLICADA
G438;OTRAS MIGRAÑAS
G439;MIGRAÑA, NO ESPECIFICADA
G44;OTROS SINDROMES DE CEFALEA
G440;SINDROME DE CEFALEA EN RACIMOS
G441;CEFALEA VASCULAR, NCOP
G442;CEFALEA DEBIDA A TENSION
G443;CEFALEA POSTRAUMATICA CRONICA
G444;CEFALEA INDUCIDA POR DROGAS, NO CLASIFICADA EN OTRA PARTE
G448;OTROS SINDROMES DE CEFALEA ESPECIFICADOS
G45;ATAQUES DE ISQUEMIA CEREBRAL TRANSITORIA Y SINDROMES AFINES
G450;SINDROME ARTERIAL VERTEBRO-BASILAR
G451;SINDROME DE LA ARTERIA CAROTIDA (HEMISFERICO)
G452;SINDROMES ARTERIALES PRECEREBRALES BILATERALES Y MULTIPLES
G453;AMAUROSIS FUGAZ
G454;AMNESIA GLOBAL TRANSITORIA
G458;OTRAS ISQUEMIAS CEREBRALES TRANSITORIAS Y SINDROMES AFINES
G459;ISQUEMIA CEREBRAL TRANSITORIA, SIN OTRA ESPECIFICACION
G46;SINDROMES VASCULARES ENCEFALICOS EN ENFERMEDADES CEREBROVASCULARES
G460;SINDROME DE LA ARTERIA CEREBRAL MEDIA
G461;SINDROME DE LA ARTERIA CEREBRAL ANTERIOR
G462;SINDROME DE LA ARTERIA CEREBRAL POSTERIOR
G463;SINDROMES APOPLETICOS DEL TALLO ENCEFALICO
G464;SINDROME DE INFARTO CEREBELOSO
G465;SINDROME LACUNAR MOTOR PURO
G466;SINDROME LACUNAR SENSORIAL PURO
G467;OTROS SINDROMES LACUNARES
G468;OTROS SINDROMES VASCULARES ENCEFALICOS EN ENFERMEDADES CEREBROVASCULARES
G47;TRASTORNOS DEL SUEÑO
G470;TRASTORNOS DEL INICIO Y DEL MANTENIMIENTO DEL SUEÑO [INSOMNIOS]
G471;TRASTORNOS DE SOMNOLENCIA EXCESIVA (HIPERSOMNIOS)
G472;TRASTORNOS DEL RITMO NICTAMERAL
G473;APNEA DEL SUEÑO
G474;NARCOLEPSIA Y CATAPLEXIA
G478;OTROS TRASTORNOS DEL SUEÑO
G479;TRASTORNO DEL SUEÑO, NO ESPECIFICADO
G50;TRASTORNOS DEL NERVIO TRIGEMINO
G500;NEURALGIA DEL TRIGEMINO
G501;DOLOR FACIAL ATIPICO
G508;OTROS TRASTORNOS DEL TRIGEMINO
G509;TRASTORNO DEL TRIGEMINO, NO ESPECIFICADO
G51;TRASTORNOS DEL NERVIO FACIAL
G510;PARALISIS DE BELL
G511;GANGLIONITIS GENICULADA
G512;SINDROME DE MELKERSSON
G513;ESPASMO HEMIFACIAL CLONICO
G514;MIOQUIMIA FACIAL
G518;OTROS TRASTORNOS DEL NERVIO FACIAL
G519;TRASTORNO DEL NERVIO FACIAL, NO ESPECIFICADO
G52;TRASTORNOS DE OTROS NERVIOS CRANEALES
G520;TRASTORNOS DEL NERVIO OLFATORIO
G521;TRASTORNOS DEL NERVIO GLOSOFARINGEO
G522;TRASTORNOS DEL NERVIO VAGO
G523;TRASTORNOS DEL NERVIO HIPOGLOSO
G527;TRASTORNOS DE MULTIPLES NERVIOS CRANEALES
G528;TRASTORNOS DE OTROS NERVIOS CRANEALES ESPECIFICADOS
G529;TRASTORNO DE NERVIO CRANEAL, NO ESPECIFICADO
G53;TRASTORNOS DE LOS NERVIOS CRANEALES EN ENFERMEDADES CLASIFICADAS EN OTRA PARTE
G530;NEURALGIA POSTHERPES ZOSTER
G531;PARALISIS MULTIPLE DE LOS NERVIOS CRANEALES EN ENFERMEDADES INFECCIOSAS Y PARASITARIAS CLASIFICADAS EN OTRA PARTE
G532;PARALISIS MULTIPLE DE LOS NERVIOS CRANEALES, EN LA SARCOIDOSIS
G533;PARALISIS MULTIPLE DE LOS NERVIOS CRANEALES, EN ENFERMEDADES NEOPLASICAS
G538;OTROS TRASTORNOS DE LOS NERVIOS CRANEALES EN OTRAS ENFERMEDADES CLASIFICADAS EN OTRA PARTE
G54;TRASTORNOS DE LAS RAICES Y DE LOS PLEXOS NERVIOSOS
G540;TRASTORNOS DEL PLEXO BRAQUIAL
G541;TRASTORNOS DEL PLEXO LUMBOSACRO
G542;TRASTORNOS DE LA RAIZ CERVICAL, NO CLASIFICADOS EN OTRA PARTE
G543;TRASTORNOS DE LA RAIZ TORACICA, NO CLASIFICADOS EN OTRA PARTE
G544;TRASTORNOS DE LA RAIZ LUMBOSACRA, NO CLASIFICADOS EN OTRA PARTE
G545;AMIOTROFIA NEURALGICA
G546;SINDROME DEL MIEMBRO FANTASMA CON DOLOR
G547;SINDROME DEL MIEMBRO FANTASMA SIN DOLOR
G548;OTROS TRASTORNOS DE LAS RAICES Y PLEXOS NERVIOSOS
G549;TRASTORNO DE LA RAIZ Y PLEXOS NERVIOSOS, NO ESPECIFICADO
G55;COMPRESIONES DE LAS RAICES Y DE LOS PLEXOS NERVIOSOS EN ENFERMEDADES CLASIFICADAS EN OTRA PARTE
G550;COMPRESIONES DE LAS RAICES Y PLEXOS NERVIOSOS EN ENFERMEDADES NEOPLASICAS
G551;COMPRESIONES DE LAS RAICES Y PLEXOS NERVIOSOS EN TRASTORNOS DE LOS DISCOS INTERVERTEBRALES
G552;COMPRESIONES DE LAS RAICES Y PLEXOS NERVIOSOS EN LA ESPONDILOSIS
G553;COMPRESIONES DE LAS RAICES Y PLEXOS NERVIOSOS EN OTRAS DORSOPATIAS
G558;COMPRESIONES DE LAS RAICES Y PLEXOS NERVIOSOS EN OTRAS ENFERMEDADES CLASIFICADAS EN ORTA PARTE
G56;MONONEUROPATIAS DEL MIEMBRO SUPERIOR
G560;SINDROME DEL TUNEL CARPIANO
G561;OTRAS LESIONES DEL NERVIO MEDIANO
G562;LESION DEL NERVIO CUBITAL
G563;LESION DEL NERVIO RADIAL
G564;CAUSALGIA
G568;OTRAS MONONEUROPATIAS DEL MIEMBRO SUPERIOR
G569;MONONEUROPATIA DEL MIEMBRO SUPERIOR, SIN OTRA ESPECIFICACION
G57;MONONEUROPATIAS DEL MIEMBRO INFERIOR
G570;LESION DEL NERVIO CIATICO
G571;MERALGIA PARESTESICA
G572;LESION DEL NERVIO CRURAL
G573;LESION DEL NERVIO CIATICO POPLITEO EXTERNO
G574;LESION DEL NERVIO CIATICO POPLITEO INTERNO
G575;SINDROME DEL TUNEL CALCANEO
G576;LESION DEL NERVIO PLANTAR
G578;OTRAS MONONEUROPATIAS DEL MIEMBRO INFERIOR
G579;MONONEUROPATIA DEL MIEMBRO INFERIOR, SIN OTRA ESPECIFICACION
G58;OTRAS MONONEUROPATIAS
G580;NEUROPATIA INTERCOSTAL
G587;MONONEURITIS MULTIPLE
G588;OTRAS MONONEUROPATIAS ESPECIFICADAS
G589;MONONEUROPATIA, NO ESPECIFICADA
G59;MONONEUROPATIA EN ENFERMEDADES CLASIFICADAS EN OTRA PARTE
G590;MONONEUROPATIA DIABETICA
G598;OTRAS MONONEUROPATIAS EN ENFERMEDADES CLASIFICADAS EN OTRA PARTE
G60;NEUROPATIA HEREDITARIA E IDIOPATICA
G600;NEUROPATIA HEREDITARIA MOTORA Y SENSORIAL
G601;ENFERMEDAD DE REFSUM
G602;NEUROPATIA ASOCIADA CON ATAXIA HEREDITARIA
G603;NEUROPATIA PROGRESIVA IDIOPATICA
G608;OTRAS NEUROPATIAS HEREDITARIAS E IDIOPATICAS
G609;NEUROPATIA HEREDITARIA E IDIOPATICA, SIN OTRA ESPECIFICACION
G61;POLINEUOPATIA INFLAMATORIA
G610;SINDROME DE GUILLAIN-BARRE
G611;NEUROPATIA AL SUERO
G618;OTRAS POLINEUROPATIAS INFLAMATORIAS
G619;POLINEUROPATIA INFLAMATORIA, NO ESPECIFICADA
G62;OTRAS POLINEUROPATIAS
G620;POLINEUROPATIA INDUCIDA POR DROGAS
G621;POLINEUROPATIA ALCOHOLICA
G622;POLINEUROPATIA DEBIDA A OTRO AGENTE TOXICO
G628;OTRAS POLINEUROPATIAS ESPECIFICADAS
G629;POLINEUROPATIA, NO ESPECIFICADA
G63;POLINEUROPATIAS EN ENFERMEDADES CLASIFICADAS EN OTRA PARTE
G630;POLINEUROPATIA EN ENFERMEDADES INFECCIOSAS Y PARASITARIAS CLASIFICADAS EN OTRA PARTE
G631;POLINEUROPATIA EN ENFERMEDAD NEOPLASICA
G632;POLINEUROPATIA DIABETICA
G633;POLINEUROPATIA EN OTRAS ENFERMEDADES ENDOCRINAS Y METABOLICAS
G634;POLINEUROPATIA EN DEFICIENCIA NUTRICIONAL
G635;POLINEUROPATIA EN TRASTORNOS DEL TEJIDO CONECTIVO SISTEMICO
G636;POLINEUROPATIA EN OTROS TRASTORNOS OSTEOMUSCULARES
G638;POLINEUROPATIA EN OTRAS ENFERMEDADES CLASIFICADAS EN OTRA PARTE
G64X;OTROS TRASTORNOS DEL SISTEMA NERVIOSO PERIFERICO
G70;MIASTENIA GRAVIS Y OTROS TRASTORNOS NEUROMUSCULARES
G700;MIASTENIA GRAVIS
G701;TRASTORNOS TOXICOS NEUROMUSCULARES
G702;MIASTENIA CONGENITA O DEL DESARROLLO
G708;OTROS TRASTORNOS NEUROMUSCULARES ESPECIFICADOS
G709;TRASTORNO NEUROMUSCULAR, NO ESPECIFICADO
G71;TRASTORNOS MUSCULARES PRIMARIOS
G710;DISTROFIA MUSCULAR
G711;TRASTORNOS MIOTONICOS
G712;MIOPATIAS CONGENITAS
G713;MIOPATIA MITOCONDRICA, NO CLASIFICADA EN OTRA PARTE
G718;OTROS TRASTORNOS PRIMARIOS DE LOS MUSCULOS
G719;TRASTORNO PRIMARIO DEL MUSCULO, TIPO NO ESPECIFICADO
G72;OTRAS MIOPATIAS
G720;MIOPATIA INDUCIDA POR DROGAS
G721;MIOPATIA ALCOHOLICA
G722;MIOPATIA DEBIDA A OTROS AGENTES TOXICOS
G723;PARALISIS PERIODICA
G724;MIOPATIA INFLAMATORIA, NO CLASIFICADA EN OTRA PARTE
G728;OTRAS MIOPATIAS ESPECIFICADAS
G729;MIOPATIA, NO ESPECIFICADA
G73;TRASTORNOS DEL MUSCULO Y DE LA UNION NEUROMUSCULAR EN ENFERMEDADES CLASIFICADAS EN OTRA PARTE
G730;SINDROMES MIASTENICOS EN ENFERMEDADES ENDOCRINAS
G731;SINDROME DE EATON-LAMBERT (C00-D48†)
G732;OTROS SINDROMES MIASTENICOS EN ENFERMEDAD NEOPLASICA
G733;SINDROMES MIASTENICOS EN OTRAS ENFERMEDADES CLASIFICADAS EN OTRA PARTE
G734;MIOPATIA EN ENFERMEDADES INFECCIOSAS Y PARASITARIAS CLASIFICADAS EN OTRA PARTE
G735;MIOPATIA EN ENFERMEDADES ENDOCRINAS
G736;MIOPATIA EN ENFERMEDADES METABOLICAS
G737;MIOPATIA EN OTRAS ENFERMEDADES CLASIFICADAS EN OTRA PARTE
G80;PARALISIS CEREBRAL
G800;PARALISIS CEREBRAL ESPASTICA CUADRIPLEJICA
G801;PARALISIS CEREBRAL ESPASTICA DIPLEJICA
G802;PARALISIS CEREBRAL ESPASTICA HEMIPLEJICA
G803;PARALISIS CEREBRAL DISCINETICA
G804;PARALISIS CEREBRAL ATAXICA
G808;OTROS TIPOS DE PARALISIS CEREBRAL
G809;PARALISIS CEREBRAL, SIN OTRA ESPECIFICACION
G81;HEMIPLEJIA
G810;HEMIPLEJIA FLACIDA
G811;HEMIPLEJIA ESPASTICA
G819;HEMIPLEJIA, NO ESPECIFICADA
G82;PARAPLEJIA Y CUADRIPLEJIA
G820;PARAPLEJIA FLACIDA
G821;PARAPLEJIA ESPASTICA
G822;PARAPLEJIA, NO ESPECIFICADA
G823;CUADRIPLEJIA FLACIDA
G824;CUADRIPLEJIA ESPASTICA
G825;CUADRIPLEJIA, NO ESPECIFICADA
G83;OTROS SINDROMES PARALITICOS
G830;DIPLEJIA DE LOS MIEMBROS SUPERIORES
G831;MONOPLEJIA DE MIEMBRO INFERIOR
G832;MONOPLEJIA DE MIEMBRO SUPERIOR
G833;MONOPLEJIA, NO ESPECIFICADA
G834;SINDROME DE LA COLA DE CABALLO
G835;SINDROME DE ENCLAUSTRAMIENTO
G838;OTROS SINDROMES PARALITICOS ESPECIFICADOS
G839;SINDROME PARALITICO, NO ESPECIFICADO
G90;TRASTORNOS DEL SISTEMA NERVIOSO AUTONOMO
G900;NEUROPATIA AUTONOMA PERIFERICA IDIOPATICA
G901;DISAUTONOMIA FAMILIAR [SINDROME DE RILEY-DAY]
G902;SINDROME DE HORNER
G903;DEGENERACION DE SISTEMAS MULTIPLES
G904;DISREFLEXIA AUTONOMICA
G908;OTROS TRASTORNOS DEL SISTEMA NERVIOSO AUTONOMO
G909;TRASTORNO DEL SISTEMA NERVIOSO AUTONOMO, NO ESPECIFICADO
G91;HIDROCEFALO
G910;HIDROCEFALO COMUNICANTE
G911;HIDROCEFALO OBSTRUCTIVO
G912;HIDROCEFALO DE PRESION NORMAL
G913;HIDROCEFALO POSTRAUMATICO, SIN OTRA ESPECIFICACION
G918;OTROS TIPOS DE HIDROCEFALO
G919;HIDROCEFALO, NO ESPECIFICADO
G92X;ENCEFALOPATIA TOXICA
G93;OTROS TRASTORNOS DEL ENCEFALO
G930;QUISTE CEREBRAL
G931;LESION CEREBRAL ANOXICA, NO CLASIFICADA EN OTRA PARTE
G932;HIPERTENSION INTRACRANEAL BENIGNA
G933;SINDROME DE FATIGA POSTVIRAL
G934;ENCEFALOPATIA NO ESPECIFICADA
G935;COMPRESION DEL ENCEFALO
G936;EDEMA CEREBRAL
G937;SINDROME DE REYE
G938;OTROS TRASTORNOS ESPECIFICADOS DEL ENCEFALO
G939;TRASTORNO DEL ENCEFALO, NO ESPECIFICADO
G94;OTROS TRASTORNOS DEL ENCEFALO EN ENFERMEDADES CLASIFICADAS EN OTRA PARTE
G940;HIDROCEFALO EN ENFERMEDADES INFECCIOSAS Y PARASITARIAS CLASIFICADAS EN OTRA PARTE
G941;HIDROCEFALO EN ENFERMEDAD NEOPLASICA
G942;HIDROCEFALO EN OTRAS ENFERMEDADES CLASIFICADAS EN OTRA PARTE
G948;OTROS TRASTORNOS ENCEFALICOS ESPECIFICADOS EN ENFERMEDADES CLASIFICADAS EN OTRA PARTE
G95;OTRAS ENFERMEDADES DE LA MEDULA ESPINAL
G950;SIRINGOMIELIA Y SIRINGOBULBIA
G951;MIELOPATIAS VASCULARES
G952;COMPRESION MEDULAR, NO ESPECIFICADA
G958;OTRAS ENFERMEDADES ESPECIFICADAS DE LA MEDULA ESPINAL
G959;ENFERMEDAD DE LA MEDULA ESPINAL, NO ESPECIFICADA
G96;OTROS TRASTORNOS DEL SISTEMA NERVIOSO CENTRAL
G960;PERDIDA DE LIQUIDO CEFALORRAQUIDEO
G961;TRASTORNOS DE LAS MENINGES, NO CLASIFICADOS EN OTRA PARTE
G968;OTROS TRASTORNOS ESPECIFICADOS DEL SISTEMA NERVIOSO CENTRAL
G969;TRASTORNO DEL SISTEMA NERVIOSO CENTRAL, NO ESPECIFICADO
G97;TRASTORNOS DEL SISTEMA NERVIOSO CONSECUTIVOS A PROCEDIMIENTOS, NO CLASIFICADOS EN OTRA PARTE
G970;PERDIDA DE LIQUIDO CEFALORRAQUIDEO POR PUNCION ESPINAL
G971;OTRA REACCION A LA PUNCION ESPINAL Y LUMBAR
G972;HIPOTENSION INTRACRANEAL POSTERIOR A ANASTOMOSIS VENTRICULAR
G978;OTROS TRASTORNOS DEL SISTEMA NERVIOSO CONSECUTIVOS A PROCEDIMIENTOS
G979;TRASTORNOS NO ESPECIFICADOS DEL SISTEMA NERVIOSO, CONSECUTIVOS A PROCEDIMIENTOS
G98X;OTROS TRASTORNOS DEL SISTEMA NERVIOSO, NO CLASIFICADOS EN OTRA PARTE
G99;OTROS TRASTORNOS DEL SISTEMA NERVIOSO EN ENFERMEDADES CLASIFICADAS EN OTRA PARTE
G990;NEUROPATIA AUTONOMICA EN ENFERMEDADES METABOLICA Y ENDOCRINAS
G991;OTROS TRASTORNOS DEL SISTEMA NERVIOSO AUTONOMO EN OTRAS ENFERMEDADES CLASIFICADAS EN OTRA PARTE
G992;MIELOPATIA EN ENFERMEDADES CLASIFICADAS EN OTRA PARTE
G998;OTROS TRASTORNOS ESPECIFICADOS DEL SISTEMA NERVIOSO EN ENFERMEDADES CLASIFICADAS EN OTRA PARTE
H00;ORZUELO Y CALACIO
H000;ORZUELO Y OTRAS INFLAMACIONES PROFUNDAS DEL PARPADO
H001;CALACIO [CHALAZION]
H01;OTRAS INFLAMACIONES DEL PARPADO
H010;BLEFARITIS
H011;DERMATOSIS NO INFECCIOSA DEL PARPADO
H018;OTRAS INFLAMACIONES ESPECIFICADAS DEL PARPADO
H019;INFLAMACION DEL PARPADO, NO ESPECIFICADA
H02;OTROS TRASTORNOS DE LOS PARPADOS
H020;ENTROPION Y TRIQUIASIS PALPEBRAL
H021;ECTROPION DEL PARPADO
H022;LAGOFTALMOS
H023;BLEFAROCALASIA
H024;BLEFAROPTOSIS
H025;OTROS TRASTORNOS FUNCIONALES DEL PARPADO
H026;XANTELASMA DEL PARPADO
H027;OTROS TRASTORNOS DEGENERATIVOS DEL PARPADO Y DEL AREA PERIOCULAR
H028;OTROS TRASTORNOS ESPECIFICADOS DEL PARPADO
H029;TRASTORNO DEL PARPADO, NO ESPECIFICADO
H03;TRASTORNOS DEL PARPADO EN ENFERMEDADES CLASIFICADAS EN OTRA PARTE
H030;INFECCION O INFESTACION PARASITARIA DEL PARPADO EN ENFERMEDADES CLASIFICADAS EN OTRA PARTE
H031;COMPROMISO DEL PARPADO EN ENFERMEDADES INFECCIOSAS CLASIFICADAS EN OTRA PARTE
H038;COMPROMISO DEL PARPADO EN ENFERMEDADES CLASIFICADAS EN OTRA PARTE
H04;TRASTORNOS DEL APARATO LAGRIMAL
H040;DACRIOADENITIS
H041;OTROS TRASTORNOS DE LA GLANDULA LAGRIMAL
H042;EPIFORA
H043;INFLAMACION AGUDA Y LA NO ESPECIFICADA DE LAS VIAS LAGRIMALES
H044;INFLAMACION CRONICA DE LAS VIAS LAGRIMALES
H045;ESTENOSIS E INSUFICIENCIA DE LAS VIAS LAGRIMALES
H046;OTROS CAMBIOS DE LAS VIAS LAGRIMALES
H048;OTROS TRASTORNOS ESPECIFICADOS DEL APARATO LAGRIMAL
H049;TRASTORNO DEL APARATO LAGRIMAL, NO ESPECIFICADO
H05;TRASTORNOS DE LA ORBITA
H050;INFLAMACION AGUDA DE LA ORBITA
H051;TRASTORNOS INFLAMATORIOS CRONICOS DE LA ORBITA
H052;AFECCIONES EXOFTALMICAS
H053;DEFORMIDAD DE LA ORBITA
H054;ENOFTALMIA
H055;RETENCION DE CUERPO EXTRAÑO (ANTIGUO), CONSECUTIVA A HERIDA PENETRANTE DE LA ORBITA
H058;OTROS TRASTORNOS DE LA ORBITA
H059;TRASTORNO DE LA ORBITA, NO ESPECIFICADO
H06;TRASTORNOS DEL APARATO LAGRIMAL Y DE LA ORBITA EN ENFERMEDADES CLASIFICADAS EN OTRA PARTE
H060;TRASTORNOS DEL APARATO LAGRIMAL EN ENFERMEDADES CLASIFICADAS EN OTRA PARTE
H061;INFECCION E INFESTACION PARASITARIAS DE LA ORBITA EN ENFERMEDADES CLASIFICADAS EN OTRA PARTE
H062;EXOFTALMIA HIPERTIROIDEA
H063;OTROS TRASTORNOS DE LA ORBITA EN ENFERMEDADES CLASIFICADAS EN OTRA PARTE
H10;CONJUNTIVITIS
H100;CONJUNTIVITIS MUCOPURULENTA
H101;CONJUNTIVITIS ATOPICA AGUDA
H102;OTRAS CONJUNTIVITIS AGUDAS
H103;CONJUNTIVITIS AGUDA, NO ESPECIFICADA
H104;CONJUNTIVITIS CRONICA
H105;BLEFAROCONJUNTIVITIS
H108;OTRAS CONJUNTIVITIS
H109;CONJUNTIVITIS, NO ESPECIFICADA
H11;OTROS TRASTORNOS DE LA CONJUNTIVA
H110;PTERIGION
H111;DEGENERACIONES Y DEPOSITOS CONJUNTIVALES
H112;CICATRICES CONJUNTIVALES
H113;HEMORRAGIA CONJUNTIVAL
H114;OTROS TRASTORNOS VASCULARES Y QUISTES CONJUNTIVALES
H118;OTROS TRASTORNOS ESPECIFICADOS DE LA CONJUNTIVA
H119;TRASTORNO DE LA CONJUNTIVA, NO ESPECIFICADO
H13;TRASTORNOS DE LA CONJUNTIVA EN ENFERMEDADES CLASIFICADAS EN OTRA PARTE
H130;INFECCION FILARICA DE LA CONJUNTIVA
H131;CONJUNTIVITIS EN ENFERMEDADES INFECCIOSAS Y PARASITARIAS CLASIFICADAS EN OTRA PARTE
H132;CONJUNTIVITIS EN OTRAS ENFERMEDADES CLASIFICADAS EN OTRA PARTE
H133;PENFIGOIDE OCULAR
H138;OTROS TRASTORNOS DE LA CONJUNTIVA EN ENFERMEDADES CLASIFICADAS EN OTRA PARTE
H15;TRASTORNOS DE LA ESCLEROTICA
H150;ESCLERITIS
H151;EPISCLERITIS
H158;OTROS TRASTORNOS DE LA ESCLEROTICA
H159;TRASTORNO DE LA ESCLEROTICA, NO ESPECIFICADO
H16;QUERATITIS
H160;ULCERA DE LA CORNEA
H161;OTRAS QUERATITIS SUPERFICIALES SIN CONJUNTIVITIS
H162;QUERATOCONJUNTIVITIS
H163;QUERATITIS INTERSTICIAL Y PROFUNDA
H164;NEOVASCULARIZACION DE LA CORNEA
H168;OTRAS QUERATITIS
H169;QUERATITIS,NO ESPECIFICADA
H17;OPACIDADES Y CICATRICES CORNEALES
H170;LEUCOMA ADHERENTE
H171;OTRAS OPACIDADES CENTRALES DE LA CORNEA
H178;OTRAS OPACIDADES O CICATRICES DE LA CORNEA
H179;CICATRIZ U OPACIDAD DE LA CORNEA, NO ESPECIFICADA
H18;OTROS TRASTORNOS DE LA CORNEA
H180;PIGMENTACIONES Y DEPOSITOS EN LA CORNEA
H181;QUERATOPATIA VESICULAR
H182;OTROS EDEMAS DE LA CORNEA
H183;CAMBIOS EN LAS MEMBRANAS DE LA CORNEA
H184;DEGENERACION DE LA CORNEA
H185;DISTROFIA HEREDITARIA DE LA CORNEA
H186;QUERATOCONO
H187;OTRAS DEFORMIDADES DE LA CORNEA
H188;OTROS TRASTORNOS ESPECIFICADOS DE LA CORNEA
H189;TRASTORNO DE LA CORNEA, NO ESPECIFICADO
H19;TRASTORNOS DE LA ESCLEROTICA Y DE LA CORNEA EN ENFERMEDADES CLASIFICADAS EN OTRA PARTE
H190;ESCLERITIS Y EPISCLERITIS EN ENFERMEDADES CLASIFICADAS EN OTRA PARTE
H191;QUERATITIS Y QUERATOCONJUNTIVITIS POR HERPES SIMPLE
H192;QUERATITIS Y QUERATOCONJUNTIVITIS EN ENFERMEDADES INFECCIOSAS Y PARASITARIAS, CLASIFICADAS EN OTRA PARTE
H193;QUERATITIS Y QUERATOCONJUNTIVITIS EN OTRAS ENFERMEDADES CLASIFICADAS EN OTRA PARTE
H198;OTROS TRASTORNOS DE LA ESCLEROTICA Y DE LA CORNEA EN ENFERMEDADES CLASIFICADAS EN OTRA PARTE
H20;IRIDOCICLITIS
H200;IRIDOCICLITIS AGUDA Y SUBAGUDA
H201;IRIDOCICLITIS CRONICA
H202;IRIDOCICLITIS INDUCIDA POR TRASTORNO DEL CRISTALINO
H208;OTRAS IRIDOCICLITIS ESPECIFICADAS
H209;IRIDOCICLITIS, NO ESPECIFICADA
H21;OTROS TRASTORNOS DEL IRIS Y DEL CUERPO CILIAR
H210;HIFEMA
H211;OTROS TRASTORNOS VASCULARES DEL IRIS Y DEL CUERPO CILIAR
H212;DEGENERACION DEL IRIS Y DEL CUERPO CILIAR
H213;QUISTE DEL IRIS, DEL CUERPO CILIAR Y DE LA CAMARA ANTERIOR
H214;MEMBRANAS PUPILARES
H215;OTRAS ADHERENCIAS Y DESGARROS DEL IRIS Y DEL CUERPO CILIAR
H218;OTROS TRASTORNOS ESPECIFICADOS DEL IRIS Y DEL CUERPO CILIAR
H219;TRASTORNO DEL IRIS Y DEL CUERPO CILIAR, NO ESPECIFICADO
H22;TRASTORNOS DEL IRIS Y DEL CUERPO CILIAR EN ENFERMEDADES CLASIFICADAS EN OTRA PARTE
H220;IRIDOCICLITIS EN ENFERMEDADES INFECCIOSAS Y PARASITARIAS CLASIFICADAS EN OTRA PARTE
H221;IRIDOCICLITIS EN OTRAS ENFERMEDADES CLASIFICADAS EN OTRA PARTE
H228;OTROS TRASTORNOS DEL IRIS Y DEL CUERPO CILIAR EN ENFERMEDADES CLASIFICADAS EN OTRA PARTE
H25;CATARATA SENIL
H250;CATARATA SENIL INCIPIENTE
H251;CATARATA SENIL NUCLEAR
H252;CATARATA SENIL, TIPO MORGAGNIAN
H258;OTRAS CATARATAS SENILES
H259;CATARATA SENIL, NO ESPECIFICADA
H26;OTRAS CATARATAS
H260;CATARATA INFANTIL, JUVENIL Y PRESENIL
H261;CATARATA TRAUMATICA
H262;CATARATA COMPLICADA
H263;CATARATA INDUCIDA POR DROGAS
H264;CATARATA RESIDUAL
H268;OTRAS FORMAS ESPECIFICADAS DE CATARATA
H269;CATARATA, NO ESPECIFICADA
H27;OTROS TRASTORNOS DEL CRISTALINO
H270;AFAQUIA
H271;LUXACION DEL CRISTALINO
H278;OTROS TRASTORNOS ESPECIFICADOS DEL CRISTALINO
H279;TRASTORNO DEL CRISTALINO, NO ESPECIFICADO
H28;CATARATA Y OTROS TRASTORNOS DEL CRISTALINO EN ENFERMEDADES CLASIFICADAS EN OTRA PARTE
H280;CATARATA DIABETICA
H281;CATARATA EN OTRAS ENFERMEDADES ENDOCRINAS, NUTRICIONALES Y METABOLICAS CLASIFICADAS EN OTRA PARTE
H282;CATARATA EN OTRAS ENFERMEDADES CLASIFICADAS EN OTRA PARTE
H288;OTROS TRASTORNOS DEL CRISTALINO EN ENFERMEDADES CLASIFICADAS EN OTRA PARTE
H30;INFLAMACION CORIORRETINIANA
H300;CORIORRETINITIS FOCAL
H301;CORIORRETINITIS DISEMINADA
H302;CICLITIS POSTERIOR
H308;OTRAS CORIORRETINITIS
H309;CORIORRETINITIS, NO ESPECIFICADA
H31;OTROS TRASTORNOS DE LA COROIDES
H310;CICATRICES CORIORRETINIANAS
H311;DEGENERACION COROIDEA
H312;DISTROFIA COROIDEA HEREDITARIA
H313;HEMORRAGIA Y RUPTURA DE LA COROIDES
H314;DESPRENDIMIENTO DE LA COROIDES
H318;OTROS TRASTORNOS ESPECIFICADOS DE LA COROIDES
H319;TRASTORNO DE LA COROIDES, NO ESPECIFICADO
H32;TRASTORNOS CORIORRETINIANOS EN ENFERMEDADES CLASIFICADAS EN OTRA PARTE
H320;INFLAMACION CORIORRETINIANA EN ENFERMEDADES INFECCIOSAS Y PARASITARIAS CLASIFICADAS EN OTRA PARTE
H328;OTROS TRASTORNOS CORIORRETINIANOS EN ENFERMEDADES CLASIFICADAS EN OTRA PARTE
H33;DESPRENDIMIENTO Y DESGARRO DE LA RETINA
H330;DESPRENDIMIENTO DE LA RETINA CON RUPTURA
H331;RETINOSQUISIS Y QUISTES DE LA RETINA
H332;DESPRENDIMIENTO SEROSO DE LA RETINA
H333;DESGARRO DE LA RETINA SIN DESPRENDIMIENTO
H334;DESPRENDIMIENTO DE LA RETINA POR TRACCION
H335;OTROS DESPRENDIMIENTOS DE LA RETINA
H34;OCLUSION VASCULAR DE LA RETINA
H340;OCLUSION ARTERIAL TRANSITORIA DE LA RETINA
H341;OCLUSION DE LA ARTERIA CENTRAL DE LA RETINA
H342;OTRAS FORMAS DE OCLUSION DE LA ARTERIA DE LA RETINA
H348;OTRAS OCLUSIONES VASCULARES RETINIANAS
H349;OCLUSION VASCULAR RETINIANA, SIN OTRA ESPECIFICACION
H35;OTROS TRASTORNOS DE LA RETINA
H350;RETINOPATIAS DEL FONDO Y CAMBIOS VASCULARES RETINIANOS
H351;RETINOPATIA DE LA PREMATURIDAD
H352;OTRAS RETINOPATIAS PROLIFERATIVAS
H353;DEGENERACION DE LA MACULA Y DEL POLO POSTERIOR DEL OJO
H354;DEGENERACION PERIFERICA DE LA RETINA
H355;DISTROFIA HEREDITARIA DE LA RETINA
H356;HEMORRAGIA RETINIANA
H357;SEPARACION DE LAS CAPAS DE LA RETINA
H358;OTROS TRASTORNOS ESPECIFICADOS DE LA RETINA
H359;TRASTORNO DE LA RETINA, NO ESPECIFICADO
H36;TRASTORNOS DE LA RETINA EN ENFERMEDADES CLASIFICADAS EN OTRA PARTE
H360;RETINOPATIA DIABETICA
H368;OTROS TRASTORNOS DE LA RETINA EN ENFERMEDADES CLASIFICADAS EN OTRA PARTE
H40;GLAUCOMA
H400;SOSPECHA DE GLAUCOMA
H401;GLAUCOMA PRIMARIO DE ANGULO ABIERTO
H402;GLAUCOMA PRIMARIO DE ANGULO CERRADO
H403;GLAUCOMA SECUNDARIO A TRAUMATISMO OCULAR
H404;GLAUCOMA SECUNDARIO A INFLAMACION OCULAR
H405;GLAUCOMA SECUNDARIO A OTROS TRASTORNOS DEL OJO
H406;GLAUCOMA SECUNDARIO A DROGAS
H408;OTROS GLAUCOMAS
H409;GLAUCOMA, NO ESPECIFICADO
H42;GLAUCOMA EN ENFERMEDADES CLASIFICADAS EN OTRA PARTE
H420;GLAUCOMA EN ENFERMEDADES ENDOCRINAS, NUTRICIONALES Y METABOLICAS CLASIFICADAS EN OTRA PARTE
H428;GLAUCOMA EN OTRAS ENFERMEDADES CLASIFICADAS EN OTRA PARTE
H43;TRASTORNOS DEL CUERPO VITREO
H430;PROLAPSO DEL VITREO
H431;HEMORRAGIA DEL VITREO
H432;DEPOSITOS CRISTALINOS EN EL CUERPO VITREO
H433;OTRAS OPACIDADES VITREAS
H438;OTROS TRASTORNOS DEL CUERPO VITREO
H439;TRASTORNO DEL CUERPO VITREO, NO ESPECIFICADO
H44;TRASTORNOS DEL GLOBO OCULAR
H440;ENDOFTALMITIS PURULENTA
H441;OTRAS ENDOFTALMITIS
H442;MIOPIA DEGENERATIVA
H443;OTROS TRASTORNOS DEGENERATIVOS DEL GLOBO OCULAR
H444;HIPOTONIA OCULAR
H445;AFECCIONES DEGENERATIVAS DEL GLOBO OCULAR
H446;RETENCION INTRAOCULAR DE CUERPO EXTRAÑO MAGNETICO (ANTIGUO)
H447;RETENCION INTRAOCULAR DE CUERPO EXTRAÑO NO MAGNETICO (ANTIGUO)
H448;OTROS TRASTORNOS DEL GLOBO OCULAR
H449;TRASTORNO DEL GLOBO OCULAR, NO ESPECIFICADO
H45;TRASTORNOS DEL CUERPO VITREO Y DEL GLOBO OCULAR EN ENFERMEDADES CLASIFICADAS EN OTRA PARTE
H450;HEMORRAGIA DEL VITREO EN ENFERMEDADES CLASIFICADAS EN OTRA PARTE
H451;ENDOFTALMITIS EN ENFERMEDADES CLASIFICADAS EN OTRA PARTE
H458;OTROS TRASTORNOS DEL CUERPO VITREO Y DEL GLOBO OCULAR EN ENFERMEDADES CLASIFICADAS EN OTRA PARTE
H46X;NEURITIS OPTICA
H47;OTROS TRASTORNOS DEL NERVIO OPTICO [II PAR] Y DE LAS VIAS OPTICAS
H470;TRASTORNOS DEL NERVIO OPTICO, NO CLASIFICADOS EN OTRA PARTE
H471;PAPILEDEMA, NO ESPECIFICADO
H472;ATROFIA OPTICA
H473;OTROS TRASTORNOS DEL DISCO OPTICO
H474;TRASTORNOS DEL QUIASMA OPTICO
H475;TRASTORNOS DE OTRAS VIAS OPTICAS
H476;TRASTORNOS DE LA CORTEZA VISUAL
H477;TRASTORNO DE LAS VIAS OPTICAS, NO ESPECIFICADO
H48;TRASTORNOS DEL NERVIO OPTICO [II PAR] Y DE LAS VIAS OPTICAS EN ENFERMEDADES CLASIFICADAS EN OTRA PARTE
H480;ATROFIA OPTICA EN ENFERMEDADES CLASIFICADAS EN OTRA PARTE
H481;NEURITIS RETROBULBAR EN ENFERMEDADES CLASIFICADAS EN OTRA PARTE
H488;OTROS TRASTORNOS DEL NERVIO OPTICO Y DE LAS VIAS OPTICAS EN ENFERMEDADES CLASIFICADAS EN OTRA PARTE
H49;ESTRABISMO PARALITICO
H490;PARALISIS DEL NERVIO MOTOR OCULAR COMUN [III PAR]
H491;PARALISIS DEL NERVIO PATETICO [IV PAR]
H492;PARALISIS DEL NERVIO MOTOR OCULAR EXTERNO [VI PAR]
H493;OFTALMOPLEJIA TOTAL (EXTERNA)
H494;OFTALMOPLEJIA EXTERNA PROGRESIVA
H498;OTROS ESTRABISMOS PARALITICOS
H499;ESTRABISMO PARALITICO, NO ESPECIFICADO
H50;OTROS ESTRABISMOS
H500;ESTRABISMO CONCOMITANTE CONVERGENTE
H501;ESTRABISMO CONCOMITANTE DIVERGENTE
H502;ESTRABISMO VERTICAL
H503;HETEROTROPIA INTERMITENTE
H504;OTRAS HETEROTROPIAS O LAS NO ESPECIFICADAS
H505;HETEROFORIA
H506;ESTRABISMO MECANICO
H508;OTROS ESTRABISMOS ESPECIFICADOS
H509;ESTRABISMO, NO ESPECIFICADO
H51;OTROS TRASTORNOS DE LOS MOVIMIENTOS BINOCULARES
H510;PARALISIS DE LA CONJUGACION DE LA MIRADA
H511;EXCESO E INSUFICIENCIA DE LA CONVERGENCIA OCULAR
H512;OFTALMOPLEJIA INTERNUCLEAR
H518;OTROS TRASTORNOS ESPECIFICADOS DE LOS MOVIMIENTOS BINOCULARES
H519;TRASTORNO DEL MOVIMIENTO BINOCULAR, NO ESPECIFICADO
H52;TRASTORNOS DE LA ACOMODACION Y DE LA REFRACCION
H520;HIPERMETROPIA
H521;MIOPIA
H522;ASTIGMATISMO
H523;ANISOMETROPIA Y ANISEICONIA
H524;PRESBICIA
H525;TRASTORNOS DE LA ACOMODACION
H526;OTROS TRASTORNOS DE LA REFRACCION
H527;TRASTORNO DE LA REFRACCION, NO ESPECIFICADO
H53;ALTERACIONES DE LA VISION
H530;AMBLIOPIA EX ANOPSIA
H531;ALTERACIONES VISUALES SUBJETIVAS
H532;DIPLOPIA
H533;OTROS TRASTORNOS DE LA VISION BINOCULAR
H534;DEFECTOS DEL CAMPO VISUAL
H535;DEFICIENCIA DE LA VISION CROMATICA
H536;CEGUERA NOCTURNA
H538;OTRAS ALTERACIONES VISUALES
H539;ALTERACION VISUAL, NO ESPECIFICADA
H54;CEGUERA Y DEFICIENCIA VISUAL (BINICULAR O MONOCULAR)
H540;CEGUERA BINOCULAR
H541;DEFICIENCIA VISUAL SEVERA, BINOCULAR
H542;DEFICIENCIA VISUAL MODERADA, BINOCULAR
H543;DEFICIENCIA VISUAL LEVE O AUSENTE, BINOCULAR
H544;CEGUERA MONOCULAR
H545;DEFICIENCIA VISUAL SEVERA, MONOCULAR
H546;DEFICIENCIA VISUAL MODERADA, MONOCULAR
H547;DISMINUCION DE LA AGUDEZA VISUAL, SIN ESPECIFICACION
H549;DEFICIENCIA VISUAL NO ESPECIFICADA (BINOCULAR)
H55X;NISTAGMO Y OTROS MOVIMIENTOS OCULARES IRREGULARES
H57;OTROS TRASTORNOS DEL OJO Y SUS ANEXOS
H570;ANOMALIAS DE LA FUNCION PUPILAR
H571;DOLOR OCULAR
H578;OTROS TRASTORNOS ESPECIFICADOS DEL OJO Y SUS ANEXOS
H579;TRASTORNO DEL OJO Y SUS ANEXOS, NO ESPECIFICADO
H58;OTROS TRASTORNOS DEL OJO Y SUS ANEXOS EN ENFERMEDADES CLASIFICADAS EN OTRA PARTE
H580;ANOMALIAS DE LA FUNCION PUPILAR EN ENFERMEDADES CLASIFICADAS EN OTRA PARTE
H581;ALTERACIONES DE LA VISION EN ENFERMEDADES CLASIFICADAS EN OTRA PARTE
H588;OTROS TRASTORNOS ESPECIFICADOS DEL OJO EN ENFERMEDADES CLASIFICADAS EN OTRA PARTE
H59;TRASTORNOS DEL OJO Y SUS ANEXOS CONSECUTIVOS A PROCEDIMIENTOS, NO CLASIFICADOS EN OTRA PARTE
H590;QUERATOPATIA (BULLOSA AFAQUICA) CONSECUTIVA A CIRUGIA DE CATARATA
H598;OTROS TRASTORNOS DEL OJO Y SUS ANEXOS, CONSECUTIVOS A PROCEDIMIENTOS
H599;TRASTORNO NO ESPECIFICADO DEL OJO Y SUS ANEXOS, CONSECUTIVO A PROCEDIMIENTOS
H60;OTITIS EXTERNA
H600;ABSCESO DEL OIDO EXTERNO
H601;CELULITIS DEL OIDO EXTERNO
H602;OTITIS EXTERNA MALIGNA
H603;OTRAS OTITIS EXTERNAS INFECCIOSAS
H604;COLESTEATOMA DEL OIDO EXTERNO
H605;OTITIS EXTERNA AGUDA, NO INFECCIOSA
H608;OTRAS OTITIS EXTERNAS
H609;OTITIS EXTERNA, SIN OTRA ESPECIFICACION
H61;OTROS TRASTORNOS DEL OIDO EXTERNO
H610;PERICONDRITIS DEL OIDO EXTERNO
H611;AFECCIONES NO INFECCIOSAS DEL PABELLON AUDITIVO
H612;CERUMEN IMPACTADO
H613;ESTENOSIS ADQUIRIDA DEL CONDUCTO AUDITIVO EXTERNO
H618;OTROS TRASTORNOS ESPECIFICADOS DEL OIDO EXTERNO
H619;TRASTORNO DEL OIDO EXTERNO, NO ESPECIFICADO
H62;TRASTORNOS DEL OIDO EXTERNO EN ENFERMEDADES CLASIFICADAS EN OTRA PARTE
H620;OTITIS EXTERNA EN ENFERMEDADES BACTERIANAS CLASIFICADAS EN OTRA PARTE
H621;OTITITS EXTERNA EN ENFERMEDADES VIRALES CLASIFICADAS EN OTRA PARTE
H622;OTITITS EXTERNA EN MICOSIS
H623;OTITITS EXTERNA EN OTRAS ENFERMEDADES INFECCIOSAS Y PARASITARIAS CLASIFICADAS EN OTRA PARTE
H624;OTITITS EXTERNA EN OTRAS ENFERMEDADES CLASIFICADAS EN OTRA PARTE
H628;OTROS TRASTORNOS DEL OIDO EXTERNO EN ENFERMEDADES CLASIFICADAS EN OTRA PARTE
H65;OTITIS MEDIA NO SUPURATIVA
H650;OTITIS MEDIA AGUDA SEROSA
H651;OTRA OTITIS MEDIA AGUDA, NO SUPURATIVA
H652;OTITIS MEDIA CRONICA SEROSA
H653;OTITIS MEDIA CRONICA MUCOIDE
H654;OTRAS OTITIS MEDIAS CRONICAS NO SUPURATIVAS
H659;OTITIS MEDIA NO SUPURATIVA, SIN OTRA ESPECIFICACION
H66;OTITIS MEDIA SUPURATIVA Y LA NO ESPECIFICADA
H660;OTITIS MEDIA SUPURATIVA AGUDA
H661;OTITIS MEDIA TUBOTIMPANICA SUPURATIVA CRONICA
H662;OTITIS MEDIA SUPURATIVA CRONICA ATICOANTRAL
H663;OTRAS OTITIS MEDIAS CRONICAS SUPURATIVAS
H664;OTITIS MEDIA SUPURATIVA, SIN OTRA ESPECIFICACION
H669;OTITIS MEDIA, NO ESPECIFICADA
H67;OTITIS MEDIA EN ENFERMEDADES CLASIFICADAS EN OTRA PARTE
H670;OTITIS MEDIA EN ENFERMEDADES BACTERIANAS CLASIFICADAS EN OTRA PARTE
H671;OTITIS MEDIA EN ENFERMEDADES VIRALES CLASIFICADAS EN OTRA PARTE
H678;OTITIS MEDIA EN OTRAS ENFERMEDADES CLASIFICADAS EN OTRA PARTE
H68;INFLAMACION Y OBSTRUCCION DE LA TROMPA DE EUSTAQUIO
H680;SALPINGITIS EUSTAQUIANA
H681;OBSTRUCCION DE LA TROMPA DE EUSTAQUIO
H69;OTROS TRASTORNOS DE LA TROMPA DE EUSTAQUIO
H690;DISTENSION DE LA TROMPA DE EUSTAQUIO
H698;OTROS TRASTORNOS ESPECIFICADOS DE LA TROMPA DE EUSTAQUIO
H699;TRASTORNO DE LA TROMPA DE EUSTAQUIO, NO ESPECIFICADO
H70;MASTOIDITIS Y AFECCIONES RELACIONADAS
H700;MASTOIDITIS AGUDA
H701;MASTOIDITIS CRONICA
H702;PETROSITIS
H708;OTRAS MASTOIDITIS Y AFECCIONES RELACIONADAS
H709;MASTOIDITIS, NO ESPECIFICADA
H71X;COLESTEATOMA DEL OIDO MEDIO
H72;PERFORACION DE LA MEMBRANA TIMPANICA
H720;PERFORACION CENTRAL DE LA MEMBRANA TIMPANICA
H721;PERFORACION ATICA DE LA MEMBRANA TIMPANICA
H722;OTRAS PERFORACIONES MARGINALES DE LA MEMBRANA TIMPANICA
H728;OTRAS PERFORACIONES DE LA MEMBRANA TIMPANICA
H729;PERFORACION DE LA MEMBRANA TIMPANICA, SIN OTRA ESPECIFICACION
H73;OTROS TRASTORNOS DE LA MEMBRANA TIMPANICA
H730;MIRINGITIS AGUDA
H731;MIRINGITIS CRONICA
H738;OTROS TRASTORNOS ESPECIFICADOS DE LA MEMBRANA TIMPANICA
H739;TRASTORNO DE LA MEMBRANA TIMPANICA, NO ESPECIFICADO
H74;OTROS TRASTORNOS DEL OIDO MEDIO Y DE LA APOFISIS MASTOIDES
H740;TIMPANOSCLEROSIS
H741;ENFERMEDAD ADHESIVA DEL OIDO MEDIO
H742;DISCONTINUIDAD Y DISLOCACION DE LOS HUESECILLOS DEL OIDO
H743;OTRAS ANORMALIDADES ADQUIRIDAS DE LOS HUESECILLOS DEL OIDO
H744;POLIPO DEL OIDO MEDIO
H748;OTROS TRASTORNOS ESPECIFICADOS DEL OIDO MEDIO Y DE LA APOFISIS MASTOIDES
H749;TRASTORNO DEL OIDO MEDIO Y DE LA APOFISIS MASTOIDES, NO ESPECIFICADO
H75;OTROS TRASTORNOS DEL OIDO MEDIO Y DE LA APOFISIS MASTOIDES EN ENFERMEDADES CLASIFICADAS EN OTRA PARTE
H750;MASTOIDITIS EN ENFERMEDADES INFECCIOSAS Y PARASITARIAS CLASIFICADAS EN OTRA PARTE
H758;OTROS TRASTORNOS ESPECIFICADOS DEL OIDO MEDIO Y DE LA APOFISIS MASTOIDES EN ENFERMEDADES CLASIFICADAS EN OTRA PARTE
H80;OTOSCLEROSIS
H800;OTOSCLEROSIS QUE AFECTA LA VENTANA OVAL, NO OBLITERANTE
H801;OTOSCLEROSIS QUE AFECTA LA VENTANA OVAL, OBLITERANTE
H802;OTOSCLEROSIS COCLEAR
H808;OTRAS OTOSCLEROSIS
H809;OTOSCLEROSIS, NO ESPECIFICADA
H81;TRASTORNOS DE LA FUNCION VESTIBULAR
H810;ENFERMEDAD DE MENIERE
H811;VERTIGO PAROXISTICO BENIGNO
H812;NEURONITIS VESTIBULAR
H813;OTROS VERTIGOS PERIFERICOS
H814;VERTIGO DE ORIGEN CENTRAL
H818;OTROS TRASTORNOS DE LA FUNCION VESTIBULAR
H819;TRASTORNO DE LA FUNCION VESTIBULAR, NO ESPECIFICADO
H82X;SINDROMES VERTIGINOSOS EN ENFERMEDADES CLASIFICADAS EN OTRA PARTE
H83;OTROS TRASTORNOS DEL OIDO INTERNO
H830;LABERINTITIS
H831;FISTULA DEL LABERINTO
H832;DISFUNCION DEL LABERINTO
H833;EFECTOS DEL RUIDO SOBRE EL OIDO INTERNO
H838;OTROS TRASTORNOS ESPECIFICADOS DEL OIDO INTERNO
H839;TRASTORNO DEL OIDO INTERNO, NO ESPECIFICADO
H90;HIPOCAUSIA CONDUCTIVA Y NEUROSENSORIAL
H900;HIPOACUSIA CONDUCTIVA BILATERAL
H901;HIPOACUSIA CONDUCTIVA, UNILATERAL CON AUDICION IRRESTRICTA CONTRALATERAL
H902;HIPOACUSIA CONDUCTIVA, SIN OTRA ESPECIFICACION
H903;HIPOACUSIA NEUROSENSORIAL, BILATERAL
H904;HIPOACUSIA NEUROSENSORIAL, UNILATERAL CON AUDICION IRRESTRICTA CONTRALATERAL
H905;HIPOACUSIA NEUROSENSORIAL, SIN OTRA ESPECIFICACION
H906;HIPOACUSIA MIXTA CONDUCTIVA Y NEUROSENSORIAL, BILATERAL
H907;HIPOACUSIA MIXTA CONDUCTIVA Y NEUROSENSORIAL, UNILATERAL CON AUDICION IRRESTRICTA CONTRALATERAL
H908;HIPOACUSIA MIXTA CONDUCTIVA Y NEUROSENSORIAL, NO ESPECIFICADA
H91;OTRAS HIPOACUSIAS
H910;HIPOACUSIA OTOTOXICA
H911;PRESBIACUSIA
H912;HIPOACUSIA SUBITA IDIOPATICA
H913;SORDOMUDEZ, NO CLASIFICADA EN OTRA PARTE
H918;OTRAS HIPOACUSIAS ESPECIFICADAS
H919;HIPOACUSIA, NO ESPECIFICADA
H92;OTALGIA Y SECRECION DEL OIDO
H920;OTALGIA
H921;OTORREA
H922;OTORRAGIA
H93;OTROS TRASTORNOS DEL OIDO, NO CLASIFICADOS EN OTRA PARTE
H930;TRASTORNOS DEGENERATIVOS Y VASCULARES DEL OIDO
H931;TINNITUS
H932;OTRAS PERCEPCIONES AUDITIVAS ANORMALES
H933;TRASTORNOS DEL NERVIO AUDITIVO
H938;OTROS TRASTORNOS ESPECIFICADOS DEL OIDO
H939;TRASTORNO DEL OIDO, NO ESPECIFICADO
H94;OTROS TRASTORNOS DEL OIDO EN ENFERMEDADES CLASIFICADAS EN OTRA PARTE
H940;NEURITIS DEL NERVIO AUDITIVO EN ENFERMEDADES INFECCIOSAS Y PARASITARIAS CLASIFICADAS EN OTRA PARTE
H948;OTROS TRASTORNOS ESPECIFICADOS DEL OIDO EN ENFERMEDADES CLASIFICADAS EN OTRA PARTE
H95;TRASTORNOS DEL OIDO Y DE LA APOFISIS MASTOIDES CONSECUTIVOS A PROCEDIMIENTOS, NO CLASIFICADOS EN OTRA PARTE
H950;COLESTEATOMA RECURRENTE DE LA CAVIDAD RESULTANTE DE LA MASTOIDECTOMIA
H951;OTROS TRASTORNOS POSTERIORES A LA MASTOIDECTOMIA
H958;OTROS TRASTORNOS DEL OIDO Y DE LA APOFISIS MASTOIDES, CONSECUTIVOS A PROCEDIMIENTOS
H959;TRASTORNOS NO ESPECIFICADOS DEL OIDO Y DE LA APOFISIS MASTOIDES, CONSECUTIVOS A PROCEDIMIENTOS
I00X;FIEBRE REUMATICA SIN MENCION DE COMPLICACION CARDIACA
I01;FIEBRE REUMATICA CON COMPLICACION CARDIACA
I010;PERICARDITIS REUMATICA AGUDA
I011;ENDOCARDITIS REUMATICA AGUDA
I012;MIOCARDITIS REUMATICA AGUDA
I018;OTRAS ENFERMEDADES REUMATICAS AGUDAS DEL CORAZON
I019;ENFERMEDAD REUMATICA AGUDA DEL CORAZON, NO ESPECIFICADA
I02;COREA REUMATICA
I020;COREA REUMATICA CON COMPLICACION CARDIACA
I029;COREA REUMATICA SIN MENCION DE COMPLICACION CARDIACA
I05;ENFERMEDADES REUMATICAS DE LA VALVULA MITRAL
I050;ESTENOSIS MITRAL
I051;INSUFICIENCIA MITRAL REUMATICA
I052;ESTENOSIS MITRAL CON INSUFICIENCIA
I058;OTRAS ENFERMEDADES DE LA VALVULA MITRAL
I059;ENFERMEDAD VALVULAR MITRAL, NO ESPECIFICADA
I06;ENFERMEDADES REUMATICAS DE LA VALVULA AORTICA
I060;ESTENOSIS AORTICA REUMATICA
I061;INSUFICIENCIA AORTICA REUMATICA
I062;ESTENOSIS AORTICA REUMATICA CON INSUFICIENCIA
I068;OTRAS ENFERMEDADES REUMATICAS DE LA VALVULA AORTICA
I069;ENFERMEDAD VALVULAR AORTICA REUMATICA, NO ESPECIFICADA
I07;ENFERMEDADES REUMATICAS DE LA VALVULA TRICUSPIDE
I070;ESTENOSIS TRICUSPIDE
I071;INSUFICIENCIA TRICUSPIDE
I072;ESTENOSIS E INSUFICIENCIA TRICUSPIDE
I078;OTRAS ENFERMEDADES DE LA VALVULA TRICUSPIDE
I079;ENFERMEDAD DE LA VALVULA TRICUSPIDE, NO ESPECIFICADA
I08;ENFERMEDADES VALVULARES MULTIPLES
I080;TRASTORNOS DE LAS VALVULAS MITRAL Y AORTICA
I081;TRASTORNOS DE LAS VALVULAS MITRAL Y TRICUSPIDE
I082;TRASTORNOS DE LAS VALVULAS AORTICA Y TRICUSPIDE
I083;TRASTORNOS COMBINADOS DE LAS VALVULAS MITRAL, TRICUSPIDE Y AORTICA
I088;OTRAS ENFERMEDADES DE MULTIPLES VALVULAS
I089;ENFERMEDAD DE MULTIPLES VALVULAS, NO ESPECIFICADA
I09;OTRAS ENFERMEDADES REUMATICAS DEL CORAZON
I090;MIOCARDITIS REUMATICA
I091;ENFERMEDADES REUMATICAS DEL ENDOCARDIO, VALVULA NO ESPECIFICADA
I092;PERICARDITIS REUMATICA CRONICA
I098;OTRAS ENFERMEDADES REUMATICAS ESPECIFICADAS DEL CORAZON
I099;ENFERMEDAD REUMATICA DEL CORAZON, NO ESPECIFICADA
I10X;HIPERTENSION ESENCIAL (PRIMARIA)
I11;ENFERMEDAD CARDIACA HIPERTENSIVA
I110;ENFERMEDAD CARDIACA HIPERTENSIVA CON INSUFICIENCIA CARDIACA (CONGESTIVA)
I119;ENFERMEDAD CARDIACA HIPERTENSIVA SIN INSUFICIENCIA CARDIACA (CONGESTIVA)
I12;ENFERMEDAD RENAL HIPERTENSIVA
I120;ENFERMEDAD RENAL HIPERTENSIVA CON INSUFICIENCIA RENAL
I129;ENFERMEDAD RENAL HIPERTENSIVA SIN INSUFICIENCIA RENAL
I13;ENFERMEDAD CARDIORRENAL HIPERTENSIVA
I130;ENFERMEDAD CARDIORRENAL HIPERTENSIVA CON INSUFICIENCIA CARDIACA (CONGESTIVA)
I131;ENFERMEDAD CARDIORRENAL HIPERTENSIVA CON INSUFICIENCIA RENAL
I132;ENFERMEDAD CARDIORRENAL HIPERTENSIVA CON INSUFICIENCIA CARDIACA (CONGESTIVA) E INSUFICIENCIA RENAL
I139;ENFERMEDAD CARDIORRENAL HIPERTENSIVA, NO ESPECIFICADA
I15;HIPERTENSION SECUNDARIA
I150;HIPERTENSION RENOVASCULAR
I151;HIPERTENSION SECUNDARIA A OTROS TRASTORNOS RENALES
I152;HIPERTENSION SECUNDARIA A TRASTORNOS ENDOCRINOS
I158;OTROS TIPOS DE HIPERTENSION SECUNDARIA
I159;HIPERTENSION SECUNDARIA, NO ESPECIFICADA
I20;ANGINA DE PECHO
I200;ANGINA INESTABLE
I201;ANGINA DE PECHO CON ESPASMO DOCUMENTADO
I208;OTRAS FORMAS ESPECIFICADAS DE ANGINA DE PECHO
I209;ANGINA DE PECHO, NO ESPECIFICADA
I21;INFARTO AGUDO DEL MIOCARDIO
I210;INFARTO TRANSMURAL AGUDO DEL MIOCARDIO DE LA PARED ANTERIOR
I211;INFARTO TRANSMURAL AGUDO DEL MIOCARDIO DE LA PARED INFERIOR
I212;INFARTO AGUDO TRANSMURAL DEL MIOCARDIO DE OTROS SITIOS
I213;INFARTO TRANSMURAL AGUDO DEL MIOCARDIO, DE SITIO NO ESPECIFICADO
I214;INFARTO SUBENDOCARDICO AGUDO DEL MIOCARDIO
I219;INFARTO AGUDO DEL MIOCARDIO, SIN OTRA ESPECIFICACION
I22;INFARTO SUBSECUENTE DEL MIOCARDIO
I220;INFARTO SUBSECUENTE DEL MIOCARDIO DE LA PARED ANTERIOR
I221;INFARTO SUBSECUENTE DEL MIOCARDIO DE LA PARED INFERIOR
I228;INFARTO SUBSECUENTE DEL MIOCARDIO DE OTROS SITIOS
I229;INFARTO SUBSECUENTE DEL MIOCARDIO, DE PARTE NO ESPECIFICADA
I23;CIERTAS COMPLICACIONES PRESENTES POSTERIORES AL INFARTO AGUDO DEL MIOCARDIO
I230;HEMOPERICARDIO COMO COMPLICACION PRESENTE POSTERIOR AL INFARTO AGUDO DEL MIOCARDIO
I231;DEFECTO DEL TABIQUE AURICULAR COMO COMPLICACION PRESENTE POSTERIOR AL INFARTO DEL MIOCARDIO
I232;DEFECTO DEL TABIQUE VENTRICULAR COMO COMPLICACION PRESENTE POSTERIOR AL INFARTO DEL MIOCARDIO
I233;RUPTURA DE LA PARED CARDIACA SIN HEMOPERICARDIO COMO COMPLICACION PRESENTE POSTERIOR AL INFARTO AGUDO DEL MIOCARDIO
I234;RUPTURA DE LAS CUERDAS TENDINOSAS COMO COMPLICACION PRESENTE POSTERIOR AL INFARTO AGUDO DEL MIOCARDIO
I235;RUPTURA DE MUSCULO PAPILAR COMO COMPLICACION PRESENTE POSTERIOR AL INFARTO AGUDO DEL MIOCARDIO
I236;TROMBOSIS DE LA AURICULA, APENDICE AURICULAR Y VENTRICULO COMO COMPLICACION PRESENTE POSTERIOR AL INFARTO AGUDO DEL MIOCARDIO
I238;OTRAS COMPLICACIONES PRESENTES POSTERIORES AL INFARTO AGUDO DEL MIOCARDIO
I24;OTRAS ENFERMEDADES ISQUEMICAS AGUDAS DEL CORAZON
I240;TROMBOSIS CORONARIA QUE NO RESULTA EN INFARTO DEL MIOCARDIO
I241;SINDROME DE DRESSLER
I248;OTRAS FORMAS DE ENFERMEDAD ISQUEMICA AGUDA DEL CORAZON
I249;ENFERMEDAD ISQUEMICA AGUDA DEL CORAZON, NO ESPECIFICADA
I25;ENFERMEDAD ISQUEMICA CRONICA DEL CORAZON
I250;ENFERMEDAD CARDIOVASCULAR ATEROSCLEROTICA, ASI DESCRITA
I251;ENFERMEDAD ATEROSCLEROTICA DEL CORAZON
I252;INFARTO ANTIGUO DEL MIOCARDIO
I253;ANEURISMA CARDIACO
I254;ANEURISMA DE ARTERIA CORONARIA
I255;CARDIOMIOPATIA ISQUEMICA
I256;ISQUEMIA SILENTE DEL MIOCARDIO
I258;OTRAS FORMAS DE ENFERMEDAD ISQUEMICA CRONICA DEL CORAZON
I259;ENFERMEDAD ISQUEMICA CRONICA DEL CORAZON, NO ESPECIFICADA
I26;EMBOLIA PULMONAR
I260;EMBOLIA PULMONAR CON MENCION DE CORAZON PULMONAR AGUDO
I269;EMBOLIA PULMONAR SIN MENCION DE CORAZON PULMONAR AGUDO
I27;OTRAS ENFERMEDADES CARDIOPULMONARES
I270;HIPERTENSION PULMONAR PRIMARIA
I271;ENFERMEDAD CIFOSCOLIOTICA DEL CORAZON
I272;OTRAS HIPERTENSIONES PULMONARES SECUNDARIAS
I278;OTRAS ENFERMEDADES CARDIOPULMONARES ESPECIFICADAS
I279;ENFERMEDAD PULMONAR DEL CORAZON, NO ESPECIFICADA
I28;OTRAS ENFERMEDADES DE LOS VASOS PULMONARES
I280;FISTULA ARTERIOVENOSA DE LOS VASOS PULMONARES
I281;ANEURISMA DE LA ARTERIA PULMONAR
I288;OTRAS ENFERMEDADES ESPECIFICADAS DE LOS VASOS PULMONARES
I289;ENFERMEDAD DE LOS VASOS PULMONARES, NO ESPECIFICADA
I30;PERICARDITIS AGUDA
I300;PERICARDITIS IDIOPATICA AGUDA INESPECIFICA
I301;PERICARDITIS INFECCIOSA
I308;OTRAS FORMAS DE PERICARDITIS AGUDA
I309;PERICARDITIS AGUDA, NO ESPECIFICADA
I31;OTRAS ENFERMEDADES DEL PERICARDIO
I310;PERICARDITIS CRONICA ADHESIVA
I311;PERICARDITIS CONSTRICTIVA CRONICA
I312;HEMOPERICARDIO, NO CLASIFICADO EN OTRA PARTE
I313;DERRAME PERICARDICO (NO INFLAMATORIO)
I318;OTRAS ENFERMEDADES ESPECIFICADAS DEL PERICARDIO
I319;ENFERMEDAD DEL PERICARDIO, NO ESPECIFICADA
I32;PERICARDITIS EN ENFERMEDADES CLASIFICADAS EN OTRA PARTE
I320;PERICARDITIS EN ENFERMEDADES BACTERIANAS CLASIFICADAS EN OTRA PARTE
I321;PERICARDITIS EN OTRAS ENFERMEDADES INFECCIOSAS Y PARASITARIAS CLASIFICADAS EN OTRA PARTE
I328;PERICARDITIS EN OTRAS ENFERMEDADES CLASIFICADAS EN OTRAS PARTE
I33;ENDOCARDITIS AGUDA Y SUBAGUDA
I330;ENDOCARDITIS INFECCIOSA AGUDA Y SUBAGUDA
I339;ENDOCARDITIS AGUDA, NO ESPECIFICADA
I34;TRASTORNOS NO REUMATICOS DE LA VALVULA MITRAL
I340;INSUFICIENCIA (DE LA VALVULA) MITRAL
I341;PROLAPSO (DE LA VALVULA) MITRAL
I342;ESTENOSIS (DE LA VALVULA) MITRAL, NO REUMATICA
I348;OTROS TRASTORNOS NO REUMATICOS DE LA VALVULA MITRAL
I349;TRASTORNO MITRAL NO REUMATICO, NO ESPECIFICADO
I35;TRASTORNOS NO REUMATICOS DE LA VALVULA AORTICA
I350;ESTENOSIS (DE LA VALVULA) AORTICA
I351;INSUFICIENCIA (DE LA VALVULA) AORTICA
I352;ESTENOSIS (DE LA VALVULA) AORTICA CON INSUFICIENCIA
I358;OTROS TRASTORNOS DE LA VALVULA AORTICA
I359;TRASTORNO DE LA VALVULA AORTICA, NO ESPECIFICADO
I36;TRASTORNOS NO REUMATICOS DE LA VALVULA TRICUSPIDE
I360;ESTENOSIS NO REUMATICA (DE LA VALVULA) TRICUSPIDE
I361;INSUFICIENCIA NO REUMATICA (DE LA VALVULA) TRICUSPIDE
I362;ESTENOSIS CON INSUFICIENCIA NO REUMATICA (DE LA VALVULA) TRICUSPIDE
I368;OTROS TRASTORNOS NO REUMATICOS DE LA VALVULA TRICUSPIDE
I369;TRASTORNO NO REUMATICO DE LA VALVULA TRICUSPIDE, NO ESPECIFICADO
I37;TRASTORNOS DE LA VALVULA PULMONAR
I370;ESTENOSIS DE LA VALVULA PULMONAR
I371;INSUFICIENCIA DE LA VALVULA PULMONAR
I372;ESTENOSIS DE LA VALVULA PULMONAR CON INSUFICIENCIA
I378;OTROS TRASTORNOS DE LA VALVULA PULMONAR
I379;TRASTORNO DE LA VALVULA PULMONAR, NO ESPECIFICADO
I38X;ENDOCARDITIS, VALVULA NO ESPECIFICADA
I39;ENDOCARDITIS Y TRASTORNOS VALVULARES EN ENFERMEDADES CLASIFICADAS EN OTRA PARTE
I390;TRASTORNOS DE LA VALVULA MITRAL EN ENFERMEDADES CLASIFICADAS EN OTRA PARTE
I391;TRASTORNOS DE LA VALVULA AORTICA EN ENFERMEDADES CLASIFICADAS EN OTRA PARTE
I392;TRASTORNOS DE LA VALVULA TRICUSPIDE EN ENFERMEDADES CLASIFICADAS EN OTRA PARTE
I393;TRASTORNOS DE LA VALVULA PULMONAR EN ENFERMEDADES CLASIFICADAS EN OTRA PARTE
I394;TRASTORNOS VALVULARES MULTIPLES EN ENFERMEDADES CLASIFICADAS EN OTRAS PARTE
I398;ENDOCARDITIS, VALVULA NO ESPECIFICADA, EN ENFERMEDADES CLASIFICADAS EN OTRA PARTE
I40;MIOCARDITIS AGUDA
I400;MIOCARDITIS INFECCIOSA
I401;MIOCARDITIS AISLADA
I408;OTRAS MIOCARDITIS AGUDAS
I409;MIOCARDITIS AGUDA, NO ESPECIFICADA
I41;MIOCARDITIS EN ENFERMEDADES CLASIFICADAS EN OTRA PARTE
I410;MIOCARDITIS EN ENFERMEDADES BACTERIANAS CLASIFICADAS EN OTRA PARTE
I411;MIOCARDITIS EN ENFERMEDADES VIRALES CLASIFICADAS EN OTRA PARTE
I412;MIOCARDITIS EN OTRAS ENFERMEDADES INFECCIOSAS Y PARASITARIAS CLASIFICADAS EN OTRA PARTE
I418;MIOCARDITIS EN OTRAS ENFERMEDADES CLASIFICADAS EN OTRA PARTE
I42;CARDIOMIOPATIA
I420;CARDIOMIOPATIA DILATADA
I421;CARDIOMIOPATIA HIPERTROFICA OBSTRUCTIVA
I422;OTRAS CARDIOMIOPATIAS HIPERTROFICAS
I423;ENFERMEDAD ENDOMIOCARDICA (EOSINOFILICA)
I424;FIBROELASTOSIS ENDOCARDICA
I425;OTRAS CARDIOMIOPATIAS RESTRICTIVAS
I426;CARDIOMIOPATIA ALCOHOLICA
I427;CARDIOMIOPATIA DEBIDA A DROGAS Y OTROS AGENTES EXTERNOS
I428;OTRAS CARDIOMIOPATIAS
I429;CARDIOMIOPATIA, NO ESPECIFICADA
I43;CARDIOMIOPATIA EN ENFERMEDADES CLASIFICADAS EN OTRA PARTE
I430;CARDIOMIOPATIA EN ENFERMEDADES INFECCIOSAS Y PARASITARIAS CLASIFICADAS EN OTRA PARTE
I431;CARDIOMIOPATIA EN ENFERMEDADES METABOLICAS
I432;CARDIOMIOPATIA EN ENFERMEDADES NUTRICIONALES
I438;CARDIOMIOPATIA EN OTRAS ENFERMEDADES CLASIFICADAS EN OTRA PARTE
I44;BLOQUEO AURICULOVENTRICULAR Y DE RAMA IZQUIERDA DEL HAZ
I440;BLOQUEO AURICULOVENTRICULAR DE PRIMER GRADO
I441;BLOQUEO AURICULOVENTRICULAR DE SEGUNDO GRADO
I442;BLOQUEO AURICULOVENTRICULAR COMPLETO
I443;OTROS TIPOS DE BLOQUEO AURICULOVENTRICULAR Y LOS NO ESPECIFICADOS
I444;BLOQUEO FASCICULAR ANTERIOR IZQUIERDO
I445;BLOQUEO FASCICULAR POSTERIOR IZQUIERDO
I446;OTROS TIPOS DE BLOQUEO FASCICULAR Y LOS NO ESPECIFICADOS
I447;BLOQUEO DE RAMA IZQUIERDA DEL HAZ, SIN OTRA ESPECIFICACION
I45;OTROS TRASTORNOS DE LA CONDUCCION
I450;BLOQUEO FASCICULAR DERECHO
I451;OTROS TIPOS DE BLOQUEO DE RAMA DERECHA DEL HAZ Y LOS NO ESPECIFICADOS
I452;BLOQUEO BIFASCICULAR
I453;BLOQUEO TRIFASCICULAR
I454;BLOQUEO INTRAVENTRICULAR NO ESPECIFICADO
I455;OTROS TIPOS ESPECIFICADOS DE BLOQUEO DEL CORAZON
I456;SINDROME DE PREEXCITACION
I458;OTROS TRASTORNOS ESPECIFICADOS DE LA CONDUCCION
I459;TRASTORNO DE LA CONDUCCION, NO ESPECIFICADO
I46;PARO CARDIACO
I460;PARO CARDIACO CON RESUCITACION EXITOSA
I461;MUERTE CARDIACA SUBITA, ASI DESCRITA
I469;PARO CARDIACO, NO ESPECIFICADO
I47;TAQUICARDIA PAROXISTICA
I470;ARRITMIA POR REENTRADA VENTRICULAR
I471;TAQUICARDIA SUPRAVENTRICULAR
I472;TAQUICARDIA VENTRICULAR
I479;TAQUICARDIA PAROXISTICA, NO ESPECIFICADA
I48;FIBRILACION Y ALETEO AURICULAR
I480;FIBRILACION AURICULAR PAROXISTICA
I481;FIBRILACION AURICULAR PERSISTENTE
I482;FIBRILACION AURICULAR CRONICA
I483;ALETEO AURICULAR TIPICO
I484;ALETEO AURICULAR ATIPICO
I489;FIBRILACION Y ALETEO AURICULAR, NO ESPECIFICADO
I48X;FIBRILACION Y ALETEO AURICULAR
I49;OTRAS ARRITMIAS CARDIACAS
I490;FIBRILACION Y ALETEO VENTRICULAR
I491;DESPOLARIZACION AURICULAR PREMATURA
I492;DESPOLARIZACION PREMATURA NODAL
I493;DESPOLARIZACION VENTRICULAR PREMATURA
I494;OTROS TIPOS DE DESPOLARIZACION PREMATURA Y LOS NO ESPECIFICADOS
I495;SINDROME DEL SENO ENFERMO
I498;OTRAS ARRITMIAS CARDIACAS ESPECIFICADAS
I499;ARRITMIA CARDIACA, NO ESPECIFICADA
I50;INSUFICIENCIA CARDIACA
I500;INSUFICIENCIA CARDIACA CONGESTIVA
I501;INSUFICIENCIA VENTRICULAR IZQUIERDA
I509;INSUFICIENCIA CARDIACA, NO ESPECIFICADA
I51;COMPLICACIONES Y DESCRIPCIONES MAL DEFINIDAS DE ENFERMEDAD CARDIACA
I510;DEFECTO DEL TABIQUE CARDIACO, ADQUIRIDO
I511;RUPTURA DE CUERDA TENDINOSA, NO CLASIFICADA EN OTRA PARTE
I512;RUPTURA DE MUSCULO PAPILAR, NO CLASIFICADA EN OTRA PARTE
I513;TROMBOSIS INTRACARDIACA, NO CLASIFICADA EN OTRA PARTE
I514;MIOCARDITIS, NO ESPECIFICADA
I515;DEGENERACION MIOCARDICA
I516;ENFERMEDAD CARDIOVASCULAR, NO ESPECIFICADA
I517;CARDIOMEGALIA
I518;OTRAS ENFERMEDADES CARDIACAS MAL DEFINIDAS
I519;ENFERMEDAD CARDIACA, NO ESPECIFICADA
I52;OTROS TRASTORNOS CARDIACOS EN ENFERMEDADES CLASIFICADAS EN OTRA PARTE
I520;OTROS TRASTORNOS CARDIACOS EN ENFERMEDADES BACTERIANAS CLASIFICADAS EN OTRA PARTE
I521;OTROS TRASTORNOS CARDIACOS EN OTRAS ENFERMEDADES INFECCIOSAS Y PARASITARIAS CLASIFICADAS EN OTRA PARTE
I528;OTROS TRASTORNOS CARDIACOS EN OTRAS ENFERMEDADES CLASIFICADAS EN OTRA PARTE
I60;HEMORRAGIA SUBARACNOIDEA
I600;HEMORRAGIA SUBARACNOIDEA DE SIFON Y BIFURCACION CAROTIDEA
I601;HEMORRAGIA SUBARACNOIDEA DE ARTERIA CEREBRAL MEDIA
I602;HEMORRAGIA SUBARACNOIDEA DE ARTERIA COMUNICANTE ANTERIOR
I603;HEMORRAGIA SUBARACNOIDEA DE ARTERIA COMUNICANTE POSTERIOR
I604;HEMORRAGIA SUBARACNOIDEA DE ARTERIA BASILAR
I605;HEMORRAGIA SUBARACNOIDEA DE ARTERIA VERTEBRAL
I606;HEMORRAGIA SUBARACNOIDEA DE OTRAS ARTERIAS INTRACRANEALES
I607;HEMORRAGIA SUBARACNOIDEA DE ARTERIA INTRACRANEAL NO ESPECIFICADA
I608;OTRAS HEMORRAGIAS SUBARACNOIDEAS
I609;HEMORRAGIA SUBARACNOIDEA, NO ESPECIFICADA
I61;HEMORRAGIA INTRAENCEFALICA
I610;HEMORRAGIA INTRACEREBRAL EN HEMISFERIO, SUBCORTICAL
I611;HEMORRAGIA INTRACEREBRAL EN HEMISFERIO, CORTICAL
I612;HEMORRAGIA INTRACEREBRAL EN HEMISFERIO, NO ESPECIFICADA
I613;HEMORRAGIA INTRAENCEFALICA EN TALLO CEREBRAL
I614;HEMORRAGIA INTRAENCEFALICA EN CEREBELO
I615;HEMORRAGIA INTRAENCEFALICA, INTRAVENTRICULAR
I616;HEMORRAGIA INTRAENCEFALICA DE LOCALIZACIONES MULTIPLES
I618;OTRAS HEMORRAGIAS INTRAENCEFALICAS
I619;HEMORRAGIA INTRAENCEFALICA, NO ESPECIFICADA
I62;OTRAS HEMORRAGIAS INTRACRANEALES NO TRAUMATICAS
I620;HEMORRAGIA SUBDURAL (AGUDA) (NO TRAUMATICA)
I621;HEMORRAGIA EXTRADURAL NO TRAUMATICA
I629;HEMORRAGIA INTRACRANEAL (NO TRAUMATICA), NO ESPECIFICADA
I63;INFARTO CEREBRAL
I630;INFARTO CEREBRAL DEBIDO A TROMBOSIS DE ARTERIAS PRECEREBRALES
I631;INFARTO CEREBRAL DEBIDO A EMBOLIA DE ARTERIAS PRECEREBRALES
I632;INFARTO CEREBRAL DEBIDO A OCLUSION O ESTENOSIS NO ESPECIFICADA DE ARTERIAS PRECEREBRALES
I633;INFARTO CEREBRAL DEBIDO A TROMBOSIS DE ARTERIAS CEREBRALES
I634;INFARTO CEREBRAL DEBIDO A EMBOLIA DE ARTERIAS CEREBRALES
I635;INFARTO CEREBRAL DEBIDO A OCLUSION O ESTENOSIS NO ESPECIFICADA DE ARTERIAS CEREBRALES
I636;INFARTO CEREBRAL DEBIDO A TROMBOSIS DE VENAS CEREBRALES, NO PIOGENO
I638;OTROS INFARTOS CEREBRALES
I639;INFARTO CEREBRAL, NO ESPECIFICADO
I64X;ACCIDENTE VASCULAR ENCEFALICO AGUDO, NO ESPECIFICADO COMO HEMORRAGICO O ISQUEMICO
I65;OCLUSION Y ESTENOSIS DE LAS ARTERIAS PRECEREBRALES SIN OCASIONAR INFARTO CEREBRAL
I650;OCLUSION Y ESTENOSIS DE ARTERIA VERTEBRAL
I651;OCLUSION Y ESTENOSIS DE ARTERIA BASILAR
I652;OCLUSION Y ESTENOSIS DE ARTERIA CAROTIDA
I653;OCLUSION Y ESTENOSIS MULTIPLE BILATERAL DE ARTERIAS PRECEREBRALES
I658;OCLUSION Y ESTENOSIS DE OTRAS ARTERIAS PRECEREBRALES
I659;OCLUSION Y ESTENOSIS DE ARTERIA PRECEREBRAL NO ESPECIFICADA
I66;OCLUSION Y ESTENOSIS DE LAS ARTERIAS CEREBRALES SIN OCASIONAR INFARTO CEREBRAL
I660;OCLUSION Y ESTENOSIS DE LA ARTERIA CEREBRAL MEDIA
I661;OCLUSION Y ESTENOSIS DE LA ARTERIA CEREBRAL ANTERIOR
I662;OCLUSION Y ESTENOSIS DE LA ARTERIA CEREBRAL POSTERIOR
I663;OCLUSION Y ESTENOSIS DE ARTERIAS CEREBELOSAS
I664;OCLUSION Y ESTENOSIS MULTIPLE BILATERAL DE ARTERIAS CEREBRALES
I668;OCLUSION Y ESTENOSIS DE OTRAS ARTERIAS CEREBRALES
I669;OCLUSION Y ESTENOSIS DE ARTERIA CEREBRAL NO ESPECIFICADA
I67;OTRAS ENFERMEDADES CEREBROVASCULARES
I670;DISECCION DE ARTERIAS CEREBRALES, SIN RUPTURA
I671;ANEURISMA CEREBRAL, SIN RUPTURA
I672;ATEROSCLEROSIS CEREBRAL
I673;LEUCOENCEFALOPATIA VASCULAR PROGRESIVA
I674;ENCEFALOPATIA HIPERTENSIVA
I675;ENFERMEDAD DE MOYAMOYA
I676;TROMBOSIS APIOGENA DEL SISTEMA VENOSO INTRACRANEAL
I677;ARTERITIS CEREBRAL, NO CLASIFICADA EN OTRA PARTE
I678;OTRAS ENFERMEDADES CEREBROVASCULARES ESPECIFICADAS
I679;ENFERMEDAD CEREBROVASCULAR, NO ESPECIFICADA
I68;TRASTORNOS CEREBROVASCULARES EN ENFERMEDADES CLASIFICADAS EN OTRA PARTE
I680;ANGIOPATIA CEREBRAL AMILOIDE
I681;ARTERITIS CEREBRAL EN ENFERMEDADES INFECCIOSAS Y PARASITARIAS CLASIFICADAS EN OTRA PARTE
I682;ARTERITIS CEREBRAL EN OTRAS ENFERMEDADES CLASIFICADAS EN OTRA PARTE
I688;OTROS TRASTORNOS CEREBROVASCULARES EN ENFERMEDADES CLASIFICADAS EN OTRA PARTE
I69;SECUELAS DE ENFERMEDAD CEREBROVASCULAR
I690;SECUELAS DE HEMORRAGIA SUBARACNOIDEA
I691;SECUELAS DE HEMORRAGIA INTRAENCEFALICA
I692;SECUELAS DE OTRAS HEMORRAGIAS INTRACRANEALES NO TRAUMATICAS
I693;SECUELAS DE INFARTO CEREBRAL
I694;SECUELAS DE ACCIDENTE VASCULAR ENCEFALICO, NO ESPECIFICADO COMO HEMORRAGICO O ISQUEMICO
I698;SECUELAS DE OTRAS ENFERMEDADES CEREBROVASCULARES Y DE LAS NO ESPECIFICADAS
I70;ATEROSCLEROSIS
I700;ATEROSCLEROSIS DE LA AORTA
I701;ATEROSCLEROSIS DE LA ARTERIA RENAL
I702;ATEROSCLEROSIS DE LAS ARTERIAS DE LOS MIEMBROS
I708;ATEROSCLEROSIS DE OTRAS ARTERIAS
I709;ATEROSCLEROSIS GENERALIZADA Y LA NO ESPECIFICADA
I71;ANEURISMA Y DISECCION AORTICOS
I710;DISECCION DE AORTA (CUALQUIER PARTE)
I711;RUPTURA DE ANEURISMA DE LA AORTA TORACICA
I712;ANEURISMA DE LA AORTA TORACICA, SIN MENCION DE RUPTURA
I713;RUPTURA DE ANEURISMA DE LA AORTA ABDOMINAL
I714;ANEURISMA DE LA AORTA ABDOMINAL, SIN MENCION DE RUPTURA
I715;RUPTURA DE ANEURISMA DE LA AORTA TORACOABDOMINAL
I716;ANEURISMA DE LA AORTA TORACOABDOMINAL, SIN MENCION DE RUPTURA
I718;RUPTURA DE ANEURISMA AORTICO, SITIO NO ESPECIFICADO
I719;ANEURISMA DE LA AORTA, SITIO NO ESPECIFICADO, SIN MENCION DE RUPTURA
I72;OTROS ANEURISMAS Y ANEURISMAS DISECANTES
I720;ANEURISMA Y DISECCION DE LA ARTERIA CAROTIDA
I721;ANEURISMA Y DISECCION DE ARTERIA DEL MIEMBRO SUPERIOR
I722;ANEURISMA Y DISECCION DE ARTERIA RENAL
I723;ANEURISMA Y DISECCION DE ARTERIA ILIACA
I724;ANEURISMA Y DISECCION DE ARTERIA DEL MIEMBRO INFERIOR
I725;ANEURISMA Y DISECCION DE OTRAS ARTERIAS PRECEREBRALES
I726;ANEURISMA Y DISECCION DE ARTERIA VERTEBRAL
I728;ANEURISMA Y DISECCION DE OTRAS ARTERIAS ESPECIFICADAS
I729;ANEURISMA Y DISECCION DE SITIO NO ESPECIFICADO
I73;OTRAS ENFERMEDADES VASCULARES PERIFERICAS
I730;SINDROME DE RAYNAUD
I731;TROMBOANGEITIS OBLITERANTE [BUERGER]
I738;OTRAS ENFERMEDADES VASCULARES PERIFERICAS ESPECIFICADAS
I739;ENFERMEDAD VASCULAR PERIFERICA, NO ESPECIFICADA
I74;EMBOLIA Y TROMBOSIS ARTERIALES
I740;EMBOLIA Y TROMBOSIS DE LA AORTA ABDOMINAL
I741;EMBOLIA Y TROMBOSIS DE OTRAS PORCIONES Y LAS NO ESPECIFICADAS DE LA AORTA
I742;EMBOLIA Y TROMBOSIS DE ARTERIAS DE LOS MIEMBROS SUPERIORES
I743;EMBOLIA Y TROMBOSIS DE ARTERIAS DE LOS MIEMBROS INFERIORES
I744;EMBOLIA Y TROMBOSIS DE ARTERIAS DE LOS MIEMBROS, NO ESPECIFICADAS
I745;EMBOLIA Y TROMBOSIS DE ARTERIA ILIACA
I748;EMBOLIA Y TROMBOSIS DE OTRAS ARTERIAS
I749;EMBOLIA Y TROMBOSIS DE ARTERIA NO ESPECIFICADA
I77;OTROS TRASTORNOS ARTERIALES O ARTERIOLARES
I770;FISTULA ARTERIOVENOSA, ADQUIRIDA
I771;ESTRECHEZ ARTERIAL
I772;RUPTURA ARTERIAL
I773;DISPLASIA FIBROMUSCULAR ARTERIAL
I774;SINDROME DE COMPRESION DEL TRONCO CELIACO
I775;NECROSIS ARTERIAL
I776;ARTERITIS, NO ESPECIFICADA
I778;OTROS TRASTORNOS ESPECIFICADOS DE ARTERIAS Y ARTERIOLAS
I779;TRASTORNO DE ARTERIAS Y ARTERIOLAS, NO ESPECIFICADO
I78;ENFERMEDADES DE LOS VASOS CAPILARES
I780;TELANGIECTASIA HEMORRAGICA HEREDITARIA
I781;NEVO, NO NEOPLASICO
I788;OTRAS ENFERMEDADES DE LOS CAPILARES
I789;ENFERMEDAD DE LOS VASOS CAPILARES, NO ESPECIFICADA
I79;TRASTORNOS DE LAS ARTERIAS, DE LAS ARTERIOLAS Y DE LOS VASOS CAPILARES EN ENFERMEDADES CLASIFICADAS EN OTRA PARTE
I790;ANEURISMA DE LA AORTA EN ENFERMEDADES CLASIFICADAS EN OTRA PARTE
I791;AORTITIS EN ENFERMEDADES CLASIFICADAS EN OTRA PARTE
I792;ANGIOPATIA PERIFERICA EN ENFERMEDADES CLASIFICADAS EN OTRA PARTE
I798;OTROS TRASTORNOS DE ARTERIAS, ARTERIOLAS Y VASOS CAPILARES EN ENFERMEDADES CLASIFICADAS EN OTRA PARTE
I80;FLEBITIS Y TROMBOFLEBITIS
I800;FLEBITIS Y TROMBOFLEBITIS DE VASOS SUPERFICIALES DE LOS MIEMBROS INFERIORES
I801;FLEBITIS Y TROMBOFLEBITIS DE LA VENA FEMORAL
I802;FLEBITIS Y TROMBOFLEBITIS DE OTROS VASOS PROFUNDOS DE LOS MIEMBROS INFERIORES
I803;FLEBITIS Y TROMBOFLEBITIS DE LOS MIEMBROS INFERIORES, NO ESPECIFICADA
I808;FLEBITIS Y TROMBOFLEBITIS DE OTROS SITIOS
I809;FLEBITIS Y TROMBOFLEBITIS DE SITIO NO ESPECIFICADO
I81X;TROMBOSIS DE LA VENA PORTA
I82;OTRAS EMBOLIAS Y TROMBOSIS VENOSAS
I820;SINDROME DE BUDD-CHIARI
I821;TROMBOFLEBITIS MIGRATORIA
I822;EMBOLIA Y TROMBOSIS DE VENA CAVA
I823;EMBOLIA Y TROMBOSIS DE VENA RENAL
I828;EMBOLIA Y TROMBOSIS DE OTRAS VENAS ESPECIFICADAS
I829;EMBOLIA Y TROMBOSIS DE VENA NO ESPECIFICADA
I83;VENAS VARICOSAS DE LOS MIEMBROS INFERIORES
I830;VENAS VARICOSAS DE LOS MIEMBROS INFERIORES CON ULCERA
I831;VENAS VARICOSAS DE LOS MIEMBROS INFERIORES CON INFLAMACION
I832;VENAS VARICOSAS DE LOS MIEMBROS INFERIORES CON ULCERA E INFLAMACION
I839;VENAS VARICOSAS DE LOS MIEMBROS INFERIORES SIN ULCERA NI INFLAMACION
I84;HEMORROIDES
I840;HEMORROIDES INTERNAS TROMBOSADAS
I841;HEMORROIDES INTERNAS CON OTRAS COMPLICACIONES
I842;HEMORROIDES INTERNAS SIN COMPLICACION
I843;HEMORROIDES EXTERNAS TROMBOSADAS
I844;HEMORROIDES EXTERNAS CON OTRAS COMPLICACIONES
I845;HEMORROIDES EXTERNAS SIN COMPLICACION
I846;PROMINENCIAS CUTANEAS, RESIDUO DE HEMORROIDES
I847;HEMORROIDES TROMBOSADAS NO ESPECIFICADAS
I848;HEMORROIDES NO ESPECIFICADAS, CON OTRAS COMPLICACIONES
I849;HEMORROIDES NO ESPECIFICADAS, SIN COMPLICACION
I85;VARICES ESOFAGICAS
I850;VARICES ESOFAGICAS CON HEMORRAGIA
I859;VARICES ESOFAGICAS SIN HEMORRAGIA
I86;VARICES DE OTROS SITIOS
I860;VARICES SUBLINGUALES
I861;VARICES ESCROTALES
I862;VARICES PELVICAS
I863;VARICES DE LA VULVA
I864;VARICES GASTRICAS
I868;VARICES EN OTROS SITIOS ESPECIFICADOS
I87;OTROS TRASTORNOS DE LAS VENAS
I870;SINDROME POSTROMBOTICO
I871;COMPRESION DE VENA
I872;INSUFICIENCIA VENOSA (CRONICA) (PERIFERICA)
I878;OTROS TRASTORNOS VENOSOS ESPECIFICADOS
I879;TRASTORNO VENOSO, NO ESPECIFICADO
I88;LINFADENITIS INESPECIFICA
I880;LINFADENITIS MESENTERICA INESPECIFICA
I881;LINFADENITIS CRONICA, EXCEPTO LA MESENTERICA
I888;OTRAS LINFADENITIS INESPECIFICAS
I889;LINFADENITIS INESPECIFICA NO ESPECIFICADA
I89;OTROS TRASTORNOS NO INFECCIOSOS DE LOS VASOS Y GANGLIOS LINFATICOS
I890;LINFEDEMA, NO CLASIFICADO EN OTRA PARTE
I891;LINFANGITIS
I898;OTROS TRASTORNOS ESPECIFICADOS NO INFECCIOSOS DE LOS VASOS Y GANGLIOS LINFATICOS
I899;TRASTORNO NO INFECCIOSO DE VASOS Y GANGLIOS LINFATICOS, NO ESPECIFICADO
I95;HIPOTENSION
I950;HIPOTENSION IDIOPATICA
I951;HIPOTENSION ORTOSTATICA
I952;HIPOTENSION DEBIDA A DROGAS
I958;OTROS TIPOS DE HIPOTENSION
I959;HIPOTENSION, NO ESPECIFICADA
I97;TRASTORNOS DEL SISTEMA CIRCULATORIO CONSECUTIVOS A PROCEDIMIENTOS, NO CLASIFICADOS EN OTRA PARTE
I970;SINDROME DE POSTCARDIOTOMIA
I971;OTRAS ALTERACIONES FUNCIONALES CONSECUTIVAS A CIRUGIA CARDIACA
I972;SINDROME DE LINFEDEMA POSTMASTECTOMIA
I978;OTROS TRASTORNOS DEL SISTEMA CIRCULATORIO CONSECUTIVOS A PROCEDIMIENTOS, NO CLASIFICADOS EN OTRA PARTE
I979;TRASTORNO NO ESPECIFICADO DEL SISTEMA CIRCULATORIO CONSECUTIVO A PROCEDIMIENTOS
I98;OTROS TRASTORNOS DEL SISTEMA CIRCULATORIO EN ENFERMEDADES CLASIFICADAS EN OTRA PARTE
I980;SIFILIS CARDIOVASCULAR
I981;TRASTORNOS CARDIOVASCULARES EN OTRAS ENFERMEDADES INFECCIOSAS Y PARASITARIAS CLASIFICADAS EN OTRA PARTE
I982;VARICES ESOFAGICAS SIN HEMORRAGIA EN ENFERMEDADES CLASIFICADAS EN OTRA PARTE
I983;VARICES ESOFAGICAS CON HEMORRAGIA EN ENFERMEDADES CLASIFICADAS EN OTRA PARTE
I988;OTROS TRASTORNOS ESPECIFICADOS DEL APARATO CIRCULATORIO EN ENFERMEDADES CLASIFICADAS EN OTRA PARTE
I99X;OTROS TRASTORNOS Y LOS NO ESPECIFICADOS DEL SISTEMA CIRCULATORIO
J00X;RINOFARINGITIS AGUDA [RESFRIADO COMUN]
J01;SINUSITIS AGUDA
J010;SINUSITIS MAXILAR AGUDA
J011;SINUSITIS FRONTAL AGUDA
J012;SINUSITIS ETMOIDAL AGUDA
J013;SINUSITIS ESFENOIDAL AGUDA
J014;PANSINUSITIS AGUDA
J018;OTRAS SINUSITIS AGUDAS
J019;SINUSITIS AGUDA, NO ESPECIFICADA
J02;FARINGITIS AGUDA
J020;FARINGITIS ESTREPTOCOCICA
J028;FARINGITIS AGUDA DEBIDA A OTROS MICROORGANISMOS ESPECIFICADOS
J029;FARINGITIS AGUDA, NO ESPECIFICADA
J03;AMIGDALITIS AGUDA
J030;AMIGDALITIS ESTREPTOCOCICA
J038;AMIGDALITIS AGUDA DEBIDA A OTROS MICROORGANISMOS ESPECIFICADOS
J039;AMIGDALITIS AGUDA, NO ESPECIFICADA
J04;LARINGITIS Y TRAQUEITIS AGUDAS
J040;LARINGITIS AGUDA
J041;TRAQUEITIS AGUDA
J042;LARINGOTRAQUEITIS AGUDA
J05;LARINGITIS OBSTRUCTIVA AGUDA [CRUP] Y EPIGLOTITIS
J050;LARINGITIS OBSTRUCTIVA, AGUDA [CRUP]
J051;EPIGLOTITIS AGUDA
J06;INFECCIONES AGUDAS DE LAS VIAS RESPIRATORIAS SUPERIORES, DE SITIOS MULTIPLES O NO ESPECIFICADOS
J060;LARINGOFARINGITIS AGUDA
J068;OTRAS INFECCIONES AGUDAS DE SITIOS MULTIPLES DE LAS VIAS RESPIRATORIAS SUPERIORES
J069;INFECCION AGUDA DE LAS VIAS RESPIRATORIAS SUPERIORES, NO ESPECIFICADA
J09X;INFLUENZA DEBIDA A VIRUS DE LA INFLUENZA ZOONOYICO O PANDEMICO IDENTIFICADOS
J10;INFLUENZA DEBIDA A OTRO VIRUS DE LA INFLUENZA ESTACIONAL IDENTIFICADO
J100;INFLUENZA CON NEUMONIA, DEBIDA A OTRO VIRUS DE LA INFLUENZA ESTACIONAL IDENTIFICADO
J101;INFLUENZA CON OTRAS MANIFESTACIONES RESPIRATORIAS, DEBIDA A OTRO VIRUS DE LA INFLUENZA ESTACIONAL IDENTIFICADO
J108;INFLUENZA, CON OTRAS MANIFESTACIONES, DEBIDA A OTRO VIRUS DE LA INFLUENZA ESTACIONAL IDENTIFICADO
J11;INFLUENZA DEBIDA A VIRUS NO IDENTIFICADO
J110;INFLUENZA CON NEUMONIA, VIRUS NO IDENTIFICADO
J111;INFLUENZA CON OTRAS MANIFESTACIONES RESPIRATORIAS, VIRUS NO IDENTIFICADO
J118;INFLUENZA CON OTRAS MANIFESTACIONES, VIRUS NO IDENTIFICADO
J12;NEUMONIA VIRAL, NO CLASIFICADA EN OTRA PARTE
J120;NEUMONIA DEBIDA A ADENOVIRUS
J121;NEUMONIA DEBIDA A VIRUS SINCITIAL RESPIRATORIO
J122;NEUMONIA DEBIDA A VIRUS PARAINFLUENZA
J123;NEUMONIA DEBIDA A METANEUMOVIRUS HUMANO
J128;NEUMONIA DEBIDA A OTROS VIRUS
J129;NEUMONIA VIRAL, NO ESPECIFICADA
J13X;NEUMONIA DEBIDA A STREPTOCOCCUS PNEUMONIAE
J14X;NEUMONIA DEBIDA A HAEMOPHILUS INFLUENZAE
J15;NEUMONIA BACTERIANA, NO CLASIFICADA EN OTRA PARTE
J150;NEUMONIA DEBIDA A KLEBSIELLA PNEUMONIAE
J151;NEUMONIA DEBIDA A PSEUDOMONAS
J152;NEUMONIA DEBIDA A ESTAFILOCOCOS
J153;NEUMONIA DEBIDA A ESTREPTOCOCOS DEL GRUPO B
J154;NEUMONIA DEBIDA A OTROS ESTREPTOCOCOS
J155;NEUMONIA DEBIDA A ESCHERICHIA COLI
J156;NEUMONIA DEBIDA A OTRAS BACTERIAS AEROBICAS GRAMNEGATIVAS
J157;NEUMONIA DEBIDA A MYCOPLASMA PNEUMONIAE
J158;OTRAS NEUMONIAS BACTERIANAS
J159;NEUMONIA BACTERIANA, NO ESPECIFICADA
J16;NEUMONIA DEBIDA A OTROS MICROORGANISMOS INFECCIOSOS, NO CLASIFICADOS EN OTRA PARTE
J160;NEUMONIA DEBIDA A CLAMIDIAS
J168;NEUMONIA DEBIDA A OTROS MICROORGANISMOS INFECCIOSOS ESPECIFICADOS
J17;NEUMONIA EN ENFERMEDADES CLASIFICADAS EN OTRA PARTE
J170;NEUMONIA EN ENFERMEDADES BACTERIANAS CLASIFICADAS EN OTRA PARTE
J171;NEUMONIA EN ENFERMEDADES VIRALES CLASIFICADAS EN OTRA PARTE
J172;NEUMONIA EN MICOSIS
J173;NEUMONIA EN ENFERMEDADES PARASITARIAS
J178;NEUMONIA EN OTRAS ENFERMEDADES CLASIFICADAS EN OTRA PARTE
J18;NEUMONIA, ORGANISMO NO ESPECIFICADO
J180;BRONCONEUMONIA, NO ESPECIFICADA
J181;NEUMONIA LOBAR, NO ESPECIFICADA
J182;NEUMONIA HIPOSTATICA, NO ESPECIFICADA
J188;OTRAS NEUMONIAS, DE MICROORGANISMO NO ESPECIFICADO
J189;NEUMONIA, NO ESPECIFICADA
J20;BRONQUITIS AGUDA
J200;BRONQUITIS AGUDA DEBIDA A MYCOPLASMA PNEUMONIAE
J201;BRONQUITIS AGUDA DEBIDA A HAEMOPHILUS INFLUENZAE
J202;BRONQUITIS AGUDA DEBIDA A ESTREPTOCOCOS
J203;BRONQUITIS AGUDA DEBIDA A VIRUS COXSACKIE
J204;BRONQUITIS AGUDA DEBIDA A VIRUS PARAINFLUENZA
J205;BRONQUITIS AGUDA DEBIDA A VIRUS SINCITIAL RESPIRATORIO
J206;BRONQUITIS AGUDA DEBIDA A RINOVIRUS
J207;BRONQUITIS AGUDA DEBIDA A VIRUS ECHO
J208;BRONQUITIS AGUDA DEBIDA A OTROS MICROORGANISMOS ESPECIFICADOS
J209;BRONQUITIS AGUDA, NO ESPECIFICADA
J21;BRONQUIOLITIS AGUDA
J210;BRONQUIOLITIS AGUDA DEBIDA A VIRUS SINCITIAL RESPIRATORIO
J211;BRONQUIOLITIS AGUDA DEBIDA A METANEUMOVIRUS HUMANO
J218;BRONQUIOLITIS AGUDA DEBIDA A OTROS MICROORGANISMOS ESPECIFICADOS
J219;BRONQUIOLITIS AGUDA, NO ESPECIFICADA
J22X;INFECCION AGUDA NO ESPECIFICADA DE LAS VIAS RESPIRATORIAS INFERIORES
J30;RINITIS ALERGICA Y VASOMOTORA
J300;RINITIS VASOMOTORA
J301;RINITIS ALERGICA DEBIDA AL POLEN
J302;OTRA RINITIS ALERGICA ESTACIONAL
J303;OTRAS RINITIS ALERGICAS
J304;RINITIS ALERGICA, NO ESPECIFICADA
J31;RINITIS, RINOFARINGITIS Y FARINGITIS CRONICAS
J310;RINITIS CRONICA
J311;RINOFARINGITIS CRONICA
J312;FARINGITIS CRONICA
J32;SINUSITIS CRONICA
J320;SINUSITIS MAXILAR CRONICA
J321;SINUSITIS FRONTAL CRONICA
J322;SINUSITIS ETMOIDAL CRONICA
J323;SINUSITIS ESFENOIDAL CRONICA
J324;PANSINUSITIS CRONICA
J328;OTRAS SINUSITIS CRONICAS
J329;SINUSITIS CRONICA, NO ESPECIFICADA
J33;POLIPO NASAL
J330;POLIPO DE LA CAVIDAD NASAL
J331;DEGENERACION POLIPOIDE DE SENO PARANASAL
J338;OTROS POLIPOS DE LOS SENOS PARANASALES
J339;POLIPO NASAL, NO ESPECIFICADO
J34;OTROS TRASTORNOS DE LA NARIZ Y DE LOS SENOS PARANASALES
J340;ABSCESO, FURUNCULO Y CARBUNCO DE LA NARIZ
J341;QUISTE Y MUCOCELE DE LA NARIZ Y DEL SENO PARANASAL
J342;DESVIACION DEL TABIQUE NASAL
J343;HIPERTROFIA DE LOS CORNETES NASALES
J348;OTROS TRASTORNOS ESPECIFICADOS DE LA NARIZ Y DE LOS SENOS PARANASALES
J35;ENFERMEDADES CRONICAS DE LAS AMIGDALAS Y DE LAS ADENOIDES
J350;AMIGDALITIS CRONICA
J351;HIPERTROFIA DE LAS AMIGDALAS
J352;HIPERTROFIA DE LAS ADENOIDES
J353;HIPERTROFIA DE LAS AMIGDALAS CON HIPERTROFIA DE LAS ADENOIDES
J358;OTRAS ENFERMEDADES CRONICAS DE LAS AMIGDALAS Y DE LAS ADENOIDES
J359;ENFERMEDAD CRONICA DE LAS AMIGDALAS Y DE LAS ADENOIDES, NO ESPECIFICADA
J36X;ABSCESO PERIAMIGDALINO
J37;LARINGITIS Y LARINGOTRAQUEITIS CRONICAS
J370;LARINGITIS CRONICA
J371;LARINGOTRAQUEITIS CRONICA
J38;ENFERMEDADES DE LAS CUERDAS VOCALES Y DE LA LARINGE, NO CLASIFICADAS EN OTRA PARTE
J380;PARALISIS DE LAS CUERDAS VOCALES Y DE LA LARINGE
J381;POLIPO DE LAS CUERDAS VOCALES Y DE LA LARINGE
J382;NODULOS DE LAS CUERDAS VOCALES
J383;OTRAS ENFERMEDADES DE LAS CUERDAS VOCALES
J384;EDEMA DE LARINGE
J385;ESPASMO LARINGEO
J386;ESTENOSIS LARINGEA
J387;OTRAS ENFERMEDADES DE LA LARINGE
J39;OTRAS ENFERMEDADES DE LAS VIAS RESPIRATORIAS SUPERIORES
J390;ABSCESO RETROFARINGEO Y PARAFARINGEO
J391;OTROS ABSCESOS DE LA FARINGE
J392;OTRAS ENFERMEDADES DE LA FARINGE
J393;REACCION DE HIPERSENSIBILIDAD DE LAS VIAS RESPIRATORIAS SUPERIORES, SITIO NO ESPECIFICADO
J398;OTRAS ENFERMEDADES ESPECIFICADAS DE LAS VIAS RESPIRATORIAS SUPERIORES
J399;ENFERMEDAD DE LAS VIAS RESPIRATORIAS SUPERIORES, NO ESPECIFICADA
J40X;BRONQUITIS, NO ESPECIFICADA COMO AGUDA O CRONICA
J41;BRONQUITIS CRONICA SIMPLE Y MUCOPURULENTA
J410;BRONQUITIS CRONICA SIMPLE
J411;BRONQUITIS CRONICA MUCOPURULENTA
J418;BRONQUITIS CRONICA MIXTA SIMPLE Y MUCOPURULENTA
J42X;BRONQUITIS CRONICA NO ESPECIFICADA
J43;ENFISEMA
J430;SINDROME DE MACLEOD
J431;ENFISEMA PANLOBULAR
J432;ENFISEMA CENTROLOBULAR
J438;OTROS TIPOS DE ENFISEMA
J439;ENFISEMA, NO ESPECIFICADO
J44;OTRAS ENFERMEDADES PULMONARES OBSTRUCTIVAS CRONICAS
J440;ENFERMEDAD PULMONAR OBSTRUCTIVA CRONICA CON INFECCION AGUDA DE LAS VIAS RESPIRATORIAS INFERIORES
J441;ENFERMEDAD PULMONAR OBSTRUCTIVA CRONICA CON EXACERBACION AGUDA, NO ESPECIFICADA
J448;OTRAS ENFERMEDADES PULMONARES OBSTRUCTIVAS CRONICAS ESPECIFICADAS
J449;ENFERMEDAD PULMONAR OBSTRUCTIVA CRONICA, NO ESPECIFICADA
J45;ASMA
J450;ASMA PREDOMINANTEMENTE ALERGICA
J451;ASMA NO ALERGICA
J458;ASMA MIXTA
J459;ASMA, NO ESPECIFICADO
J46X;ESTADO ASMATICO
J47X;BRONQUIECTASIA
J60X;NEUMOCONIOSIS DE LOS MINEROS DEL CARBON
J61X;NEUMOCONIOSIS DEBIDA AL ASBESTO Y A OTRAS FIBRAS MINERALES
J62;NEUMOCONIOSIS DEBIDA A POLVO DE SILICE
J620;NEUMOCONIOSIS DEBIDA A POLVO DE TALCO
J628;NEUMOCONIOSIS DEBIDA A OTROS POLVOS QUE CONTIENEN SILICE
J63;NEUMOCONIOSIS DEBIDA A OTROS POLVOS INORGANICOS
J630;ALUMINOSIS (DEL PULMON)
J631;FIBROSIS (DEL PULMON) DEBIDA A BAUXITA
J632;BERILIOSIS
J633;FIBROSIS (DEL PULMON) DEBIDA A GRAFITO
J634;SIDEROSIS
J635;ESTAÑOSIS
J638;NEUMOCONIOSIS DEBIDA A OTROS POLVOS INORGANICOS ESPECIFICADOS
J64X;NEUMOCONIOSIS, NO ESPECIFICADA
J65X;NEUMOCONIOSIS ASOCIADA CON TUBERCULOSIS
J66;ENFERMEDADES DE LAS VIAS AEREAS DEBIDAS A POLVOS ORGANICOS ESPECIFICOS
J660;BISINOSIS
J661;ENFERMEDAD DE LOS TRABAJADORES DEL LINO
J662;CANABINOSIS
J668;ENFERMEDAD DE LAS VIAS AEREAS DEBIDA A OTROS POLVOS ORGANICOS ESPECIFICOS
J67;NEUMONITIS DEBIDA A HIPERSENSIBILIDAD AL POLVO ORGANICO
J670;PULMON DEL GRANJERO
J671;BAGAZOSIS
J672;PULMON DEL ORNITOFILO
J673;SUBEROSIS
J674;PULMON DEL MANIPULADOR DE MALTA
J675;PULMON DEL MANIPULADOR DE HONGOS
J676;PULMON DEL DESCORTEZADOR DEL ARCE
J677;NEUMONITIS DE LA VENTILACION DEBIDA AL ACONDICIONADOR Y HUMIDIFICADOR DEL AIRE
J678;NEUMONITIS DEBIDAS A HIPERSENSIBILIDAD A OTROS POLVOS ORGANICOS
J679;NEUMONITIS DEBIDA A HIPERSENSIBILIDAD A POLVO ORGANICO NO ESPECIFICADO
J68;AFECCIONES RESPIRATORIAS DEBIDAS A INHALACION DE GASES, HUMOS, VAPORES Y SUSTANCIAS QUIMICAS
J680;BRONQUITIS Y NEUMONITIS DEBIDAS A INHALACION DE GASES, HUMOS, VAPORES Y SUSTANCIAS QUIMICAS
J681;EDEMA PULMONAR AGUDO DEBIDO A INHALACION DE GASES, HUMOS, VAPORES Y SUSTANCIAS QUIMICAS
J682;INFLAMACION RESPIRATORIA SUPERIOR DEBIDA A INHALACION DE GASES, HUMOS, VAPORES Y SUSTANCIAS QUIMICAS, NO CLASIFICADAS EN OTRA PARTE
J683;OTRAS AFECCIONES RESPIRATORIAS AGUDAS Y SUBAGUDAS DEBIDAS A INHALACION DE GASES, HUMOS, VAPORES Y SUSTANCIAS QUIMICAS
J684;AFECCIONES RESPIRATORIAS CRONICAS DEBIDAS A INHALACION DE GASES, HUMOS, VAPORES Y SUSTANCIAS QUIMICAS
J688;OTRAS AFECCIONES RESPIRATORIAS DEBIDAS A INHALACION DE GASES, HUMOS, VAPORES Y SUSTANCIAS QUIMICAS
J689;AFECCION RESPIRATORIA NO ESPECIFICADA, DEBIDA A INHALACION DE GASES, HUMOS, VAPORES Y SUSTANCIAS QUIMICAS
J69;NEUMONITIS DEBIDA A SOLIDOS Y LIQUIDOS
J690;NEUMONITIS DEBIDA A ASPIRACION DE ALIMENTO O VOMITO
J691;NEUMONITIS DEBIDA A ASPIRACION DE ACEITES Y ESENCIAS
J698;NEUMONITIS DEBIDA A ASPIRACION DE OTROS SOLIDOS Y LIQUIDOS
J70;AFECCIONES RESPIRATORIAS DEBIDAS A OTROS AGENTES EXTERNOS
J700;MANIFESTACIONES PULMONARES AGUDAS DEBIDAS A RADIACION
J701;MANIFESTACIONES PULMONARES CRONICAS Y OTRAS MANIFESTACIONES DEBIDAS A RADIACION
J702;TRASTORNOS PULMONARES INTERSTICIALES AGUDOS INDUCIDOS POR DROGAS
J703;TRASTORNOS PULMONARES INTERSTICIALES CRONICOS INDUCIDOS POR DROGAS
J704;TRASTORNOS PULMONARES INTERSTICIALES NO ESPECIFICADOS INDUCIDOS POR DROGAS
J708;AFECCIONES RESPIRATORIAS DEBIDAS A OTROS AGENTES EXTERNOS ESPECIFICADOS
J709;AFECCIONES RESPIRATORIAS DEBIDAS A AGENTES EXTERNOS NO ESPECIFICADOS
J80X;SINDROME DE DIFICULTAD RESPIRATORIA DEL ADULTO
J81X;EDEMA PULMONAR
J82X;EOSINOFILIA PULMONAR, NO CLASIFICADA EN OTRA PARTE
J84;OTRAS ENFERMEDADES PULMONARES INTERSTICIALES
J840;AFECCIONES ALVEOLARES Y ALVEOLOPARIETALES
J841;OTRAS ENFERMEDADES PULMONARES INTERSTICIALES CON FIBROSIS
J848;OTRAS ENFERMEDADES PULMONARES INTERSTICIALES ESPECIFICADAS
J849;ENFERMEDAD PULMONAR INTERSTICIAL, NO ESPECIFICADA
J85;ABSCESO DEL PULMON Y DEL MEDIASTINO
J850;GANGRENA Y NECROSIS DEL PULMON
J851;ABSCESO DEL PULMON CON NEUMONIA
J852;ABSCESO DEL PULMON SIN NEUMONIA
J853;ABSCESO DEL MEDIASTINO
J86;PIOTORAX
J860;PIOTORAX CON FISTULA
J869;PIOTORAX SIN FISTULA
J90X;DERRAME PLEURAL NO CLASIFICADO EN OTRA PARTE
J91X;DERRAME PLEURAL EN AFECCIONES CLASIFICADAS EN OTRA PARTE
J92;PAQUIPLEURITIS
J920;PAQUIPLEURITIS CON ASBESTOSIS
J929;PAQUIPLEURITIS SIN ASBESTOSIS
J93;NEUMOTORAX
J930;NEUMOTORAX ESPONTANEO A PRESION
J931;OTROS TIPOS DE NEUMOTORAX ESPONTANEO
J938;OTROS NEUMOTORAX
J939;NEUMOTORAX, NO ESPECIFICADO
J94;OTRAS AFECCIONES DE LA PLEURA
J940;QUILOTORAX
J941;FIBROTORAX
J942;HEMOTORAX
J948;OTRAS AFECCIONES ESPECIFICADAS DE LA PLEURA
J949;AFECCION PLEURAL, NO ESPECIFICADA
J95;TRASTORNOS DEL SISTEMA RESPIRATORIO CONSECUTIVOS A PROCEDIMIENTOS, NO CLASIFICADOS EN OTRA PARTE
J950;FUNCIONAMIENTO DEFECTUOSO DE LA TRAQUEOSTOMIA
J951;INSUFICIENCIA PULMONAR AGUDA CONSECUTIVA A CIRUGIA TORACICA
J952;INSUFICIENCIA PULMONAR AGUDA CONSECUTIVA DEBIDA A CIRUGIA EXTRATORACICA
J953;INSUFICIENCIA PULMONAR CRONICA CONSECUTIVA A CIRUGIA
J954;SINDROME DE MENDELSON
J955;ESTENOSIS SUBGLOTICA CONSECUTIVA A PROCEDIMIENTOS
J958;OTROS TRASTORNOS RESPIRATORIOS CONSECUTIVOS A PROCEDIMIENTOS
J959;TRASTORNO NO ESPECIFICADO DEL SISTEMA RESPIRATORIO, CONSECUTIVO A PROCEDIMIENTOS
J96;INSUFICIENCIA RESPIRATORIA, NO CLASIFICADA EN OTRA PARTE
J960;INSUFICIENCIA RESPIRATORIA AGUDA
J961;INSUFICIENCIA RESPIRATORIA CRONICA
J969;INSUFICIENCIA RESPIRATORIA, NO ESPECIFICADA
J98;OTROS TRASTORNOS RESPIRATORIOS
J980;ENFERMEDADES DE LA TRAQUEA Y DE LOS BRONQUIOS, NO CLASIFICADAS EN OTRA PARTE
J981;COLAPSO PULMONAR
J982;ENFISEMA INTERSTICIAL
J983;ENFISEMA COMPENSATORIO
J984;OTROS TRASTORNOS DEL PULMON
J985;ENFERMEDADES DEL MEDIASTINO, NO CLASIFICADAS EN OTRA PARTE
J986;TRASTORNOS DEL DIAFRAGMA
J988;OTROS TRASTORNOS RESPIRATORIOS ESPECIFICADOS
J989;TRASTORNO RESPIRATORIO, NO ESPECIFICADO
J99;TRASTORNOS RESPIRATORIOS EN ENFERMEDADES CLASIFICADAS EN OTRA PARTE
J990;ENFERMEDAD PULMONAR REUMATOIDE
J991;TRASTORNOS RESPIRATORIOS EN OTROS TRASTORNOS DIFUSOS DEL TEJIDO CONJUNTIVO
J998;TRASTORNOS RESPIRATORIOS EN OTRAS ENFERMEDADES CLASIFICADAS EN OTRA PARTE
K00;TRASTORNOS DEL DESARROLLO Y DE LA ERUPCION DE LOS DIENTES
K000;ANODONCIA
K001;DIENTES SUPERNUMERARIOS
K002;ANOMALIAS DEL TAMAÑO Y DE LA FORMA DEL DIENTE
K003;DIENTES MOTEADOS
K004;ALTERACIONES EN LA FORMACION DENTARIA
K005;ALTERACIONES HEREDITARIAS DE LA ESTRUCTURA DENTARIA, NO CLASIFICADAS EN OTRA PARTE
K006;ALTERACIONES EN LA ERUPCION DENTARIA
K007;SINDROME DE LA ERUPCION DENTARIA
K008;OTROS TRASTORNOS DEL DESARROLLO DE LOS DIENTES
K009;TRASTORNO DEL DESARROLLO DE LOS DIENTES, NO ESPECIFICADO
K01;DIENTES INCLUIDOS E IMPACTADOS
K010;DIENTES INCLUIDOS
K011;DIENTES IMPACTADOS
K02;CARIES DENTAL
K020;CARIES LIMITADA AL ESMALTE
K021;CARIES DE LA DENTINA
K022;CARIES DEL CEMENTO
K023;CARIES DENTARIA DETENIDA
K024;ODONTOCLASIA
K025;CARIES CON EXPOSICION PULPAR
K028;OTRAS CARIES DENTALES
K029;CARIES DENTAL, NO ESPECIFICADA
K03;OTRAS ENFERMEDADES DE LOS TEJIDOS DUROS DE LOS DIENTES
K030;ATRICION EXCESIVA DE LOS DIENTES
K031;ABRASION DE LOS DIENTES
K032;EROSION DE LOS DIENTES
K033;REABSORCION PATOLOGICA DE LOS DIENTES
K034;HIPERCEMENTOSIS
K035;ANQUILOSIS DENTAL
K036;DEPOSITOS [ACRECIONES] EN LOS DIENTES
K037;CAMBIOS POSTERUPTIVOS DEL COLOR DE LOS TEJIDOS DENTALES DUROS
K038;OTRAS ENFERMEDADES ESPECIFICADAS DE LOS TEJIDOS DUROS DE LOS DIENTES
K039;ENFERMEDAD NO ESPECIFICADA DE LOS TEJIDOS DENTALES DUROS
K04;ENFERMEDADES DE LA PULPA Y DE LOS TEJIDOS PERIAPICALES
K040;PULPITIS
K041;NECROSIS DE LA PULPA
K042;DEGENERACION DE LA PULPA
K043;FORMACION ANORMAL DE TEJIDO DURO EN LA PULPA
K044;PERIODONTITIS APICAL AGUDA ORIGINADA EN LA PULPA
K045;PERIODONTITIS APICAL CRONICA
K046;ABSCESO PERIAPICAL CON FISTULA
K047;ABSCESO PERIAPICAL SIN FISTULA
K048;QUISTE RADICULAR
K049;OTRAS ENFERMEDADES Y LAS NO ESPECIFICADAS DE LA PULPA Y DEL TEJIDO PERIAPICAL
K05;GINGIVITIS Y ENFERMEDADES PERIODONTALES
K050;GINGIVITIS AGUDA
K051;GINGIVITIS CRONICA
K052;PERIODONTITIS AGUDA
K053;PERIODONTITIS CRONICA
K054;PERIODONTOSIS
K055;OTRAS ENFERMEDADES PERIODONTALES
K056;ENFERMEDAD DEL PERIODONTO, NO ESPECIFICADA
K06;OTROS TRASTORNOS DE LA ENCIA Y DE LA ZONA EDENTULA
K060;RETRACCION GINGIVAL
K061;HIPERPLASIA GINGIVAL
K062;LESIONES DE LA ENCIA Y DE LA ZONA EDENTULA ASOCIADAS CON TRAUMATISMO
K068;OTROS TRASTORNOS ESPECIFICADOS DE LA ENCIA Y DE LA ZONA EDENTULA
K069;TRASTORNO NO ESPECIFICADO DE LA ENCIA Y DE LA ZONA EDENTULA
K07;ANOMALIAS DENTOFACIALES (INCLUSO LA MALOCLUSION)
K070;ANOMALIAS EVIDENTES DEL TAMAÑO DE LOS MAXILARES
K071;ANOMALIAS DE LA RELACION MAXILOBASILAR
K072;ANOMALIAS DE LA RELACION ENTRE LOS ARCOS DENTARIOS
K073;ANOMALIAS DE LA POSICION DEL DIENTE
K074;MALOCLUSION DE TIPO NO ESPECIFICADO
K075;ANOMALIAS DENTOFACIALES FUNCIONALES
K076;TRASTORNOS DE LA ARTICULACION TEMPOROMAXILAR
K078;OTRAS ANOMALIAS DENTOFACIALES
K079;ANOMALIA DENTOFACIAL, NO ESPECIFICADA
K08;OTROS TRASTORNOS DE LOS DIENTES Y DE SUS ESTRUCTURAS DE SOSTEN
K080;EXFOLIACION DE LOS DIENTES DEBIDA A CAUSAS SISTEMICAS
K081;PERDIDA DE DIENTES DEBIDA A ACCIDENTE, EXTRACCION O ENFERMEDAD PERIODONTAL LOCAL
K082;ATROFIA DEL REBORDE ALVEOLAR DESDENTADO
K083;RAIZ DENTAL RETENIDA
K088;OTRAS AFECCIONES ESPECIFICADAS DE LOS DIENTES Y DE SUS ESTRUCTURAS DE SOSTEN
K089;TRASTORNO DE LOS DIENTES Y DE SUS ESTRUTURAS DE SOSTEN, NO ESPECIFICADO
K09;QUITES DE LA REGION BUCAL, NO CLASIFICADOS EN OTRA PARTE
K090;QUISTES ORIGINADOS POR EL DESARROLLO DE LOS DIENTES
K091;QUISTES DE LAS FISURAS DE LA REGION ORAL (NO ODONTOGENICOS)
K092;OTROS QUISTES DE LOS MAXILARES
K098;OTROS QUISTES DE LA REGION BUCAL, NO CLASIFICADOS EN OTRA PARTE
K099;QUISTE DE LA REGION BUCAL, SIN OTRA ESPECIFICACION
K10;OTRAS ENFERMEDADES DE LOS MAXILARES
K100;TRASTORNOS DEL DESARROLLO DE LOS MAXILARES
K101;GRANULOMA CENTRAL DE CELULAS GIGANTES
K102;AFECCIONES INFLAMATORIAS DE LOS MAXILARES
K103;ALVEOLITIS DEL MAXILAR
K108;OTRAS ENFERMEDADES ESPECIFICADAS DE LOS MAXILARES
K109;ENFERMEDAD DE LOS MAXILARES, NO ESPECIFICADA
K11;ENFERMEDADES DE LAS GLANDULAS SALIVALES
K110;ATROFIA DE GLANDULA SALIVAL
K111;HIPERTROFIA DE GLANDULA SALIVAL
K112;SIALADENITIS
K113;ABSCESO DE GLANDULA SALIVAL
K114;FISTULA DE GLANDULA SALIVAL
K115;SIALOLITIASIS
K116;MUCOCELE DE GLANDULA SALIVAL
K117;ALTERACIONES DE LA SECRECION SALIVAL
K118;OTRAS ENFERMEDADES DE LAS GLANDULAS SALIVALES
K119;ENFERMEDAD DE GLANDULA SALIVAL, NO ESPECIFICADA
K12;ESTOMATITIS Y LESIONES AFINES
K120;ESTOMATITIS AFTOSA RECURRENTE
K121;OTRAS FORMAS DE ESTOMATITIS
K122;CELULITIS Y ABSCESO DE BOCA
K123;MUCOSITIS ORAL (ULCERATIVA)
K13;OTRAS ENFERMEDADES DE LOS LABIOS Y DE LA MUCOSA BUCAL
K130;ENFERMEDADES DE LOS LABIOS
K131;MORDEDURA DEL LABIO Y DE LA MEJILLA
K132;LEUCOPLASIA Y OTRAS ALTERACIONES DEL EPITELIO BUCAL, INCLUYENDO LA LENGUA
K133;LEUCOPLASIA PILOSA
K134;GRANULOMA Y LESIONES SEMEJANTES DE LA MUCOSA BUCAL
K135;FIBROSIS DE LA SUBMUCOSA BUCAL
K136;HIPERPLASIA IRRITATIVA DE LA MUCOSA BUCAL
K137;OTRAS LESIONES Y LAS NO ESPECIFICADAS DE LA MUCOSA BUCAL
K14;ENFERMEDADES DE LA LENGUA
K140;GLOSITIS
K141;LENGUA GEOGRAFICA
K142;GLOSITIS ROMBOIDEA MEDIANA
K143;HIPERTROFIA DE LAS PAPILAS LINGUALES
K144;ATROFIA DE LAS PAPILAS LINGUALES
K145;LENGUA PLEGADA
K146;GLOSODINIA
K148;OTRAS ENFERMEDADES DE LA LENGUA
K149;ENFERMEDAD DE LA LENGUA, NO ESPECIFICADA
K20X;ESOFAGITIS
K21;ENFERMEDAD DEL REFLUJO GASTROESOFAGICO
K210;ENFERMEDAD DEL REFLUJO GASTROESOFAGICO CON ESOFAGITIS
K219;ENFERMEDAD DEL REFLUJO GASTROESOFAGICO SIN ESOFAGITIS
K22;OTRAS ENFERMEDADES DEL ESOFAGO
K220;ACALASIA DEL CARDIAS
K221;ULCERA DEL ESOFAGO
K222;OBSTRUCCION DEL ESOFAGO
K223;PERFORACION DEL ESOFAGO
K224;DISQUINESIA DEL ESOFAGO
K225;DIVERTICULO DEL ESOFAGO, ADQUIRIDO
K226;SINDROME DE LACERACION Y HEMORRAGIA GASTROESOFAGICAS
K227;ESOFAGO DE BARRETT
K228;OTRAS ENFERMEDADES ESPECIFICADAS DEL ESOFAGO
K229;ENFERMEDAD DEL ESOFAGO, NO ESPECIFICADA
K23;TRASTORNOS DEL ESOFAGO EN ENFERMEDADES CLASIFICADAS EN OTRA PARTE
K230;ESOFAGITIS TUBERCULOSA
K231;MEGAESOFAGO EN LA ENFERMEDAD DE CHAGAS
K238;TRASTORNOS DEL ESOFAGO EN OTRAS ENFERMEDADES CLASIFICADAS EN OTRA PARTE
K25;ULCERA GASTRICA
K250;ULCERA GASTRICA, AGUDA CON HEMORRAGIA
K251;ULCERA GASTRICA, AGUDA CON PERFORACION
K252;ULCERA GASTRICA, AGUDA CON HEMORRAGIA Y PERFORACION
K253;ULCERA GASTRICA, AGUDA SIN HEMORRAGIA NI PERFORACION
K254;ULCERA GASTRICA, CRONICA O NO ESPECIFICADA, CON HEMORRAGIA
K255;ULCERA GASTRICA, CRONICA O NO ESPECIFICADA, CON PERFORACION
K256;ULCERA GASTRICA, CRONICA O NO ESPECIFICADA, CON HEMORRAGIA Y PERFORACION
K257;ULCERA GASTRICA, CRONICA SIN HEMORRAGIA NI PERFORACION
K259;ULCERA GASTRICA, NO ESPECIFICADA COMO AGUDA NI CRONICA, SIN HEMORRAGIA NI PERFORACION
K26;ULCERA DUODENAL
K260;ULCERA DUODENAL, AGUDA CON HEMORRAGIA
K261;ULCERA DUODENAL, AGUDA CON PERFORACION
K262;ULCERA DUODENAL, AGUDA CON HEMORRAGIA Y PERFORACION
K263;ULCERA DUODENAL, AGUDA SIN HEMORRAGIA NI PERFORACION
K264;ULCERA DUODENAL, CRONICA O NO ESPECIFICADA, CON HEMORRAGIA
K265;ULCERA DUODENAL, CRONICA O NO ESPECIFICADA, CON PERFORACION
K266;ULCERA DUODENAL, CRONICA O NO ESPECIFICADA, CON HEMORRAGIA Y PERFORACION
K267;ULCERA DUODENAL, CRONICA SIN HEMORRAGIA NI PERFORACION
K269;ULCERA DUODENAL, NO ESPECIFICADA COMO AGUDA NI CRONICA, SIN HEMORRAGIA NI PERFORACION
K27;ULCERA PEPTICA, DE SITIO NO ESPECIFICADO
K270;ULCERA PEPTICA, DE SITIO NO ESPECIFICADO, AGUDA CON HEMORRAGIA
K271;ULCERA PEPTICA, DE SITIO NO ESPECIFICADO, AGUDA CON PERFORACION
K272;ULCERA PEPTICA, DE SITIO NO ESPECIFICADO, AGUDA CON HEMORRAGIA Y PERFORACION
K273;ULCERA PEPTICA, DE SITIO NO ESPECIFICADO, AGUDA SIN HEMORRAGIA NI PERFORACION
K274;ULCERA PEPTICA, DE SITIO NO ESPECIFICADO, CRONICA O NO ESPECIFICADA, CON HEMORRAGIA
K275;ULCERA PEPTICA, DE SITIO NO ESPECIFICADO, CRONICA O NO ESPECIFICADA, CON PERFORACION
K276;ULCERA PEPTICA, DE SITIO NO ESPECIFICADO, CRONICA O NO ESPECIFICADA, CON HEMORRAGIA Y PERFORACION
K277;ULCERA PEPTICA, DE SITIO NO ESPECIFICADO, CRONICA SIN HEMORRAGIA NI PERFORACION
K279;ULCERA PEPTICA, DE SITIO NO ESPECIFICADO, NO ESPECIFICADA COMO AGUDA NI CRONICA, SIN HEMORRAGIA NI PERFORACION
K28;ULCERA GASTROYEYUNAL
K280;ULCERA GASTROYEYUNAL, AGUDA CON HEMORRAGIA
K281;ULCERA GASTROYEYUNAL, AGUDA CON PERFORACION
K282;ULCERA GASTROYEYUNAL, AGUDA CON HEMORRAGIA Y PERFORACION
K283;ULCERA GASTROYEYUNAL, AGUDA SIN HEMORRAGIA NI PERFORACION
K284;ULCERA GASTROYEYUNAL, CRONICA O NO ESPECIFICADA, CON HEMORRAGIA
K285;ULCERA GASTROYEYUNAL, CRONICA O NO ESPECIFICADA, CON PERFORACION
K286;ULCERA GASTROYEYUNAL, CRONICA O NO ESPECIFICADA, CON HEMORRAGIA Y PERFORACION
K287;ULCERA GASTROYEYUNAL, CRONICA SIN HEMORRAGIA NI PERFORACION
K289;ULCERA GASTROYEYUNAL, NO ESPECIFICADA COMO AGUDA NI CRONICA, SIN HEMORRAGIA NI PERFORACION
K29;GASTRITIS Y DUODENITIS
K290;GASTRITIS AGUDA HEMORRAGICA
K291;OTRAS GASTRITIS AGUDAS
K292;GASTRITIS ALCOHOLICA
K293;GASTRITIS CRONICA SUPERFICIAL
K294;GASTRITIS CRONICA ATROFICA
K295;GASTRITIS CRONICA, NO ESPECIFICADA
K296;OTRAS GASTRITIS
K297;GASTRITIS, NO ESPECIFICADA
K298;DUODENITIS
K299;GASTRODUODENITIS, NO ESPECIFICADA
K30X;DISPEPSIA FUNCIONAL
K31;OTRAS ENFERMEDADES DEL ESTOMAGO Y DEL DUODENO
K310;DILATACION AGUDA DEL ESTOMAGO
K311;ESTENOSIS PILORICA HIPERTROFICA DEL ADULTO
K312;ESTRECHEZ O ESTENOSIS DEL ESTOMAGO EN RELOJ DE ARENA
K313;ESPASMO DEL PILORO, NO CLASIFICADO EN OTRA PARTE
K314;DIVERTICULO GASTRICO
K315;OBSTRUCCION DEL DUODENO
K316;FISTULA DEL ESTOMAGO Y DEL DUODENO
K317;POLIPO DEL ESTOMAGO Y DEL DUODENO
K318;OTRAS ENFERMEDADES ESPECIFICADAS DEL ESTOMAGO Y DEL DUODENO
K319;ENFERMEDAD DEL ESTOMAGO Y DEL DUODENO, NO ESPECIFICADA
K35;APENDICITIS AGUDA
K350;APENDICITIS AGUDA CON PERITONITIS GENERALIZADA
K351;APENDICITIS AGUDA CON ABSCESO PERITONEAL
K352;APENDICITIS AGUDA CON PERITONITIS GENERALIZADA
K353;APENDICITIS AGUDA CON PERITONITIS LOCALIZADA
K358;OTRAS APENDICITIS AGUDAS, Y LAS NO ESPECIFICADAS
K359;APENDICITIS AGUDA, NO ESPECIFICADA
K36X;OTROS TIPOS DE APENDICITIS
K37X;APENDICITIS, NO ESPECIFICADA
K38;OTRAS ENFERMEDADES DEL APENDICE
K380;HIPERPLASIA DEL APENDICE
K381;CONCRECIONES APENDICULARES
K382;DIVERTICULO DEL APENDICE
K383;FISTULA DEL APENDICE
K388;OTRAS ENFERMEDADES ESPECIFICADAS DEL APENDICE
K389;ENFERMEDAD DEL APENDICE, NO ESPECIFICADA
K40;HERNIA INGUINAL
K400;HERNIA INGUINAL BILATERAL CON OBSTRUCCION, SIN GANGRENA
K401;HERNIA INGUINAL BILATERAL, CON GANGRENA
K402;HERNIA INGUINAL BILATERAL, SIN OBSTRUCCION NI GANGRENA
K403;HERNIA INGUINAL UNILATERAL O NO ESPECIFICADA, CON OBSTRUCCION, SIN GANGRENA
K404;HERNIA INGUINAL UNILATERAL O NO ESPECIFICADA, CON GANGRENA
K409;HERNIA INGUINAL UNILATERAL O NO ESPECIFICADA, SIN OBSTRUCCION NI GANGRENA
K41;HERNIA FEMORAL
K410;HERNIA FEMORAL BILATERAL, CON OBSTRUCCION, SIN GANGRENA
K411;HERNIA FEMORAL BILATERAL, CON GANGRENA
K412;HERNIA FEMORAL BILATERAL, SIN OBSTRUCCION NI GANGRENA
K413;HERNIA FEMORAL UNILATERAL O NO ESPECIFICADA, CON OBSTRUCCION, SIN GANGRENA
K414;HERNIA FEMORAL UNILATERAL O NO ESPECIFICADA, CON GANGRENA
K419;HERNIA FEMORAL UNILATERAL O NO ESPECIFICADA, SIN OBSTRUCCION NI GANGRENA
K42;HERNIA UMBILICAL
K420;HERNIA UMBILICAL CON OBSTRUCCION, SIN GANGRENA
K421;HERNIA UMBILICAL CON GANGRENA
K429;HERNIA UMBILICAL SIN OBSTRUCCION NI GANGRENA
K43;HERNIA VENTRAL
K430;HERNIA INCISIONAL CON OBSTRUCCION, SIN GANGRENA
K431;HERNIA INCISIONAL CON GANGRENA
K432;HERNIA INCISIONAL SIN OBSTRUCCION O GANGRENA
K433;HERNIA PARAESTOMAL CON OBSTRUCCION, SIN GANGRENA
K434;HERNIA PARAESTOMAL CON GANGRENA
K435;HERNIA PARAESTOMAL SIN OBSTRUCCION O GANGRENA
K436;OTRAS HERNIAS VENTRALES Y LAS NO ESPECIFICADAS CON OBSTRUCCION, SIN GANGRENA
K437;OTRAS HERNIAS VENTRALES Y LAS NO ESPECIFICADAS CON GANGRENA
K439;OTRAS HERNIAS VENTRALES Y LAS NO ESPECIFICADAS SIN OBSTRUCCION O GANGRENA
K44;HERNIA DIAFRAGMATICA
K440;HERNIA DIAFRAGMATICA CON OBSTRUCCION, SIN GANGRENA
K441;HERNIA DIAFRAGMATICA CON GANGRENA
K449;HERNIA DIAFRAGMATICA SIN OBSTRUCCION NI GANGRENA
K45;OTRAS HERNIAS DE LA CAVIDAD ABDOMINAL
K450;OTRAS HERNIAS DE LA CAVIDAD ABDOMINAL ESPECIFICADAS, CON OBSTRUCCION, SIN GANGRENA
K451;OTRAS HERNIAS DE LA CAVIDAD ABDOMINAL ESPECIFICADAS, CON GANGRENA
K458;OTRAS HERNIAS DE LA CAVIDAD ABDOMINAL ESPECIFICADAS, SIN OBSTRUCCION NI GANGRENA
K46;HERNIA NO ESPECIFICADA DE LA CAVIDAD ABDOMINAL
K460;HERNIA ABDOMINAL NO ESPECIFICADA, CON OBSTRUCCION, SIN GANGRENA
K461;HERNIA ABDOMINAL NO ESPECIFICADA, CON GANGRENA
K469;HERNIA ABDOMINAL NO ESPECIFICADA, SIN OBSTRUCCION NI GANGRENA
K50;ENFERMEDAD DE CROHN [ENTERITIS REGIONAL]
K500;ENFERMEDAD DE CROHN DEL INTESTINO DELGADO
K501;ENFERMEDAD DE CROHN DEL INTESTINO GRUESO
K508;OTROS TIPOS DE ENFERMEDAD DE CROHN
K509;ENFERMEDAD DE CROHN, NO ESPECIFICADA
K51;COLITIS ULCERATIVA
K510;PANCOLITIS ULCERATIVA (CRONICA)
K511;ILEOCOLITIS (CRONICA) ULCERATIVA
K512;PROCTITIS (CRONICA) ULCERATIVA
K513;RECTOSIGMOIDITIS (CRONICA) ULCERATIVA
K514;POLIPOS INFLAMATORIOS
K515;COLITIS DEL LADO IZQUIERDO
K518;OTRAS COLITIS ULCERATIVAS
K519;COLITIS ULCERATIVA, SIN OTRA ESPECIFICACION
K52;OTRAS COLITIS Y GASTROENTERITIS NO INFECCIOSAS
K520;COLITIS Y GASTROENTERITIS DEBIDAS A RADIACION
K521;COLITIS Y GASTROENTERITIS TOXICAS
K522;COLITIS Y GASTROENTERITIS ALERGICAS Y DIETETICAS
K523;COLITIS DE ETIOLOGIA INDETERMINADA
K528;OTRAS COLITIS Y GASTROENTERITIS NO INFECCIOSAS ESPECIFICADAS
K529;COLITIS Y GASTROENTERITIS NO INFECCIOSAS, NO ESPECIFICADAS
K55;TRASTORNOS VASCULARES DE LOS INTESTINOS
K550;TRASTORNO VASCULAR AGUDO DE LOS INTESTINOS
K551;TRASTORNO VASCULAR CRONICO DEL INTESTINO
K552;ANGIODISPLASIA DEL COLON
K558;OTROS TRASTORNOS VASCULARES DEL INTESTINO
K559;TRASTORNO VASCULAR DEL INTESTINO, NO ESPECIFICADO
K56;ILEO PARALITICO Y OBSTRUCCION INTESTINAL SIN HERNIA
K560;ILEO PARALITICO
K561;INVAGINACION
K562;VOLVULO
K563;ILEO POR CALCULO BILIAR
K564;OTRAS OBSTRUCCIONES DEL INTESTINO
K565;ADHERENCIAS [BRIDAS] INTESTINALES CON OBSTRUCCION
K566;OTRAS OBSTRUCCIONES INTESTINALES Y LAS NO ESPECIFICADAS
K567;ILEO, NO ESPECIFICADO
K57;ENFERMEDAD DIVERTICULAR DEL INTESTINO
K570;ENFERMEDAD DIVERTICULAR DEL INTESTINO DELGADO CON PERFORACION Y ABSCESO
K571;ENFERMEDAD DIVERTICULAR DEL INTESTINO DELGADO SIN PERFORACION NI ABSCESO
K572;ENFERMEDAD DIVERTICULAR DEL INTESTINO GRUESO CON PERFORACION Y ABSCESO
K573;ENFERMEDAD DIVERTICULAR DEL INTESTINO GRUESO SIN PERFORACION NI ABSCESO
K574;ENFERMEDAD DIVERTICULAR DE AMBOS INTESTINOS CON PERFORACION Y ABSCESO
K575;ENFERMEDAD DIVERTICULAR DE AMBOS INTESTINOS, SIN PERFORACION NI ABSCESO
K578;ENFERMEDAD DIVERTICULAR DEL INTESTINO, PARTE NO ESPECIFICADA, CON PERFORACION Y ABSCESO
K579;ENFERMEDAD DIVERTICULAR DEL INTESTINO, PARTE NO ESPECIFICADA, SIN PERFORACION NI ABSCESO
K58;SINDROME DEL COLON IRRITABLE
K580;SINDROME DEL COLON IRRITABLE CON DIARREA
K589;SINDROME DEL COLON IRRITABLE SIN DIARREA
K59;OTROS TRASTORNOS FUNCIONLES DEL INTESTINO
K590;CONSTIPACION
K591;DIARREA FUNCIONAL
K592;INTESTINO NEUROGENICO, NO CLASIFICADO EN OTRA PARTE
K593;MEGACOLON, NO CLASIFICADO EN OTRA PARTE
K594;ESPASMO ANAL
K598;OTROS TRASTORNOS FUNCIONALES ESPECIFICADOS DEL INTESTINO
K599;TRASTORNO FUNCIONAL INTESTINAL, NO ESPECIFICADO
K60;FISURA Y FISTULA DE LAS REGIONES ANAL Y RECTAL
K600;FISURA ANAL AGUDA
K601;FISURA ANAL CRONICA
K602;FISURA ANAL, NO ESPECIFICADA
K603;FISTULA ANAL
K604;FISTULA RECTAL
K605;FISTULA ANORRECTAL
K61;ABSCESO DE LAS REGIONES ANAL Y RECTAL
K610;ABSCESO ANAL
K611;ABSCESO RECTAL
K612;ABSCESO ANORRECTAL
K613;ABSCESO ISQUIORRECTAL
K614;ABSCESO INTRAESFINTERIANO
K62;OTRAS ENFERMEDADES DEL ANO Y DEL RECTO
K620;POLIPO ANAL
K621;POLIPO RECTAL
K622;PROLAPSO ANAL
K623;PROLAPSO RECTAL
K624;ESTENOSIS DEL ANO Y DEL RECTO
K625;HEMORRAGIA DEL ANO Y DEL RECTO
K626;ULCERA DEL ANO Y DEL RECTO
K627;PROCTITIS POR RADIACION
K628;OTRAS ENFERMEDADES ESPECIFICADAS DEL ANO Y DEL RECTO
K629;ENFERMEDAD DEL ANO Y DEL RECTO, NO ESPECIFICADA
K63;OTRAS ENFERMEDADES DE LOS INTESTINOS
K630;ABSCESO DEL INTESTINO
K631;PERFORACION DEL INTESTINO (NO TRAUMATICA)
K632;FISTULA DEL INTESTINO
K633;ULCERA DEL INTESTINO
K634;ENTEROPTOSIS
K635;POLIPO DEL COLON
K638;OTRAS ENFERMEDADES ESPECIFICADAS DEL INTESTINO
K639;ENFERMEDAD DEL INTESTINO, NO ESPECIFICADA
K64;HEMORROIDES Y TROMBOSIS VENOSA PERIANAL
K640;HEMORROIDES DE PRIMER GRADO
K641;HEMORROIDES DE SEGUNDO GRADO
K642;HEMORROIDES DE TERCER GRADO
K643;HEMORROIDES DE CUARTO GRADO
K644;MARCAS RESIDUALES EN LA PIEL, DE HEMORROIDES
K645;TROMBOSIS VENOSA PERIANAL
K648;OTRAS HEMORROIDES ESPECIFICADAS
K649;HEMORROIDES, SIN OTRA ESPECIFICACION
K65;PERITONITIS
K650;PERITONITIS AGUDA
K658;OTRAS PERITONITIS
K659;PERITONITIS, NO ESPECIFICADA
K66;OTROS TRASTORNOS DEL PERITONEO
K660;ADHERENCIAS PERITONEALES
K661;HEMOPERITONEO
K668;OTROS TRASTORNOS ESPECIFICADOS DEL PERITONEO
K669;TRASTORNO DEL PERITONEO, NO ESPECIFICADO
K67;TRASTORNOS DEL PERITONEO EN ENFERMEDADES INFECCIOSAS CLASIFICADAS EN OTRA PARTE
K670;PERITONITIS POR CLAMIDIAS
K671;PERITONITIS GONOCOCICA
K672;PERITONITIS SIFILITICA
K673;PERITONITIS TUBERCULOSA
K678;OTROS TRASTORNOS DEL PERITONEO EN ENFERMEDADES INFECCIOSAS CLASIFICADAS EN OTRA PARTE
K70;ENFERMEDAD ALCOHOLICA DEL HIGADO
K700;HIGADO ALCOHOLICO ADIPOSO
K701;HEPATITIS ALCOHOLICA
K702;FIBROSIS Y ESCLEROSIS DEL HIGADO, ALCOHOLICA
K703;CIRROSIS HEPATICA ALCOHOLICA
K704;INSUFICIENCIA HEPATICA ALCOHOLICA
K709;ENFERMEDAD HEPATICA ALCOHOLICA, NO ESPECIFICADA
K71;ENFERMEDAD TOXICA DEL HIGADO
K710;ENFERMEDAD TOXICA DEL HIGADO, CON COLESTASIS
K711;ENFERMEDAD TOXICA DEL HIGADO CON NECROSIS HEPATICA
K712;ENFERMEDAD TOXICA DEL HIGADO CON HEPATITIS AGUDA
K713;ENFERMEDAD TOXICA DEL HIGADO CON HEPATITIS CRONICA PERSISTENTE
K714;ENFERMEDAD TOXICA DEL HIGADO CON HEPATITIS CRONICA LOBULAR
K715;ENFERMEDAD TOXICA DEL HIGADO CON HEPATITIS CRONICA ACTIVA
K716;ENFERMEDAD TOXICA DEL HIGADO CON HEPATITIS NO CLASIFICADA EN OTRA PARTE
K717;ENFERMEDAD TOXICA DEL HIGADO CON CIRROSIS Y FIBROSIS DEL HIGADO
K718;ENFERMEDAD TOXICA DEL HIGADO CON OTROS TRASTORNOS HEPATICOS
K719;ENFERMEDAD TOXICA DEL HIGADO, NO ESPECIFICADA
K72;INSUFICIENCIA HEPATICA, NO CLASIFICADA EN OTRA PARTE
K720;INSUFICIENCIA HEPATICA AGUDA O SUBAGUDA
K721;INSUFICIENCIA HEPATICA CRONICA
K729;INSUFICIENCIA HEPATICA, NO ESPECIFICADA
K73;HEPATITIS CRONICA, NO CLASIFICADA EN OTRA PARTE
K730;HEPATITIS CRONICA PERSISTENTE, NO CLASIFICADA EN OTRA PARTE
K731;HEPATITIS CRONICA LOBULAR, NO CLASIFICADA EN OTRA PARTE
K732;HEPATITIS CRONICA ACTIVA, NO CLASIFICADA EN OTRA PARTE
K738;OTRAS HEPATITIS CRONICAS, NO CLASIFICADAS EN OTRA PARTE
K739;HEPATITIS CRONICA, NO ESPECIFICADA
K74;FIBROSIS Y CIRROSIS DEL HIGADO
K740;FIBROSIS HEPATICA
K741;ESCLEROSIS HEPATICA
K742;FIBROSIS HEPATICA CON ESCLEROSIS HEPATICA
K743;CIRROSIS BILIAR PRIMARIA
K744;CIRROSIS BILIAR SECUNDARIA
K745;CIRROSIS BILIAR, NO ESPECIFICADA
K746;OTRAS CIRROSIS DEL HIGADO Y LAS NO ESPECIFICADAS
K75;OTRAS ENFERMEDADES INFLAMATORIAS DEL HIGADO
K750;ABSCESO DEL HIGADO
K751;FLEBITIS DE LA VENA PORTA
K752;HEPATITIS REACTIVA NO ESPECIFICADA
K753;HEPATITIS GRANULOMATOSA, NO CLASIFICADA EN OTRA PARTE
K754;HEPATITIS AUTOINMUNE
K758;OTRAS ENFERMEDADES INFLAMATORIAS DEL HIGADO, ESPECIFICADAS
K759;ENFERMEDAD INFLAMATORIA DEL HIGADO, NO ESPECIFICADA
K76;OTRAS ENFERMEDADES DEL HIGADO
K760;DEGENERACION GRASA DEL HIGADO, NO CLASIFICADA EN OTRA PARTE
K761;CONGESTION PASIVA CRONICA DEL HIGADO
K762;NECROSIS HEMORRAGICA CENTRAL DEL HIGADO
K763;INFARTO DEL HIGADO
K764;PELIOSIS HEPATICA
K765;ENFERMEDAD VENO-OCLUSIVA DEL HIGADO
K766;HIPERTENSION PORTAL
K767;SINDROME HEPATORRENAL
K768;OTRAS ENFERMEDADES ESPECIFICADAS DEL HIGADO
K769;ENFERMEDAD DEL HIGADO, NO ESPECIFICADA
K77;TRASTORNOS DEL HIGADO EN ENFERMEDADES CLASIFICADAS EN OTRA PARTE
K770;TRASTORNOS DEL HIGADO EN ENFERMEDADES INFECCIOSAS Y PARASITARIAS CLASIFICADAS EN OTRA PARTE
K778;TRASTORNOS DEL HIGADO EN OTRAS ENFERMEDADES CLASIFICADAS EN OTRA PARTE
K80;COLELITIASIS
K800;CALCULO DE LA VESICULA BILIAR CON COLECISTITIS AGUDA
K801;CALCULO DE LA VESICULA BILIAR CON OTRA COLECISTITIS
K802;CALCULO DE LA VESICULA BILIAR SIN COLECISTITIS
K803;CALCULO DE CONDUCTO BILIAR CON COLANGITIS
K804;CALCULO DE CONDUCTO BILIAR CON COLECISTITIS
K805;CALCULO DE CONDUCTO BILIAR SIN COLANGITIS NI COLECISTITIS
K808;OTRAS COLELITIASIS
K81;COLECISTITIS
K810;COLECISTITIS AGUDA
K811;COLECISTITIS CRONICA
K818;OTRAS COLECISTITIS
K819;COLECISTITIS, NO ESPECIFICADA
K82;OTRAS ENFERMEDADES DE LA VESICULA BILIAR
K820;OBSTRUCCION DE LA VESICULA BILIAR
K821;HIDROPESIA DE LA VESICULA BILIAR
K822;PERFORACION DE LA VESICULA BILIAR
K823;FISTULA DE LA VESICULA BILIAR
K824;COLESTEROLOSIS DE LA VESICULA BILIAR
K828;OTRAS ENFERMEDADES ESPECIFICADAS DE LA VESICULA BILIAR
K829;ENFERMEDAD DE LA VESICULA BILIAR, NO ESPECIFICADA
K83;OTRAS ENFERMEDADES DE LAS VIAS BILIARES
K830;COLANGITIS
K831;OBSTRUCCION DEL CONDUCTO BILIAR
K832;PERFORACION DEL CONDUCTO BILIAR
K833;FISTULA DEL CONDUCTO BILIAR
K834;ESPASMO DEL ESFINTER DE ODDI
K835;QUISTE BILIAR
K838;OTRAS ENFERMEDADES ESPECIFICADAS DE LAS VIAS BILIARES
K839;ENFERMEDAD DE LAS VIAS BILIARES, NO ESPECIFICADA
K85;PANCREATITIS AGUDA
K850;PANCREATITIS IDIOPATICA AGUDA
K851;PANCREATITIS BILIAR AGUDA
K852;PANCREATITIS AGUDA INDUCIDA POR ALCOHOL
K853;PANCREATITITS AGUDA INDUCIDA POR DROGAS
K858;OTRAS PANCREATITIS AGUDAS
K859;PANCREATITIS AGUDA, NO ESPECIFICADA
K85X;PANCREATITIS AGUDA
K86;OTRAS ENFERMEDADES DEL PANCREAS
K860;PANCREATITIS CRONICA INDUCIDA POR EL ALCOHOL
K861;OTRAS PANCREATITIS CRONICAS
K862;QUISTE DEL PANCREAS
K863;SEUDOQUISTE DEL PANCREAS
K868;OTRAS ENFERMEDADES ESPECIFICADAS DEL PANCREAS
K869;ENFERMEDAD DEL PANCREAS, NO ESPECIFICADA
K87;TRASTORNOS DE LA VESICULA BILIAR, DE LAS VIAS BILIARES Y DEL PANCREAS EN ENFERMEDADES CLASIFICADAS EN OTRA PARTE
K870;TRASTORNOS DE LA VESICULA BILIAR Y DE LAS VIAS BILIARES EN ENFERMEDADES CLASIFICADAS EN OTRA PARTE
K871;TRASTORNOS DEL PANCREAS EN ENFERMEDADES CLASIFICADAS EN OTRA PARTE
K90;MALABSORCION INTESTINAL
K900;ENFERMEDAD CELIACA
K901;ESPRUE TROPICAL
K902;SINDROME DEL ASA CIEGA, NO CLASIFICADO EN OTRA PARTE
K903;ESTEATORREA PANCREATICA
K904;MALABSORCION DEBIDA A INTOLERANCIA, NO CLASIFICADA EN OTRA PARTE
K908;OTROS TIPOS DE MALABSORCION INTESTINAL
K909;MALABSORCION INTESTINAL, NO ESPECIFICADA
K91;TRASTORNOS DEL SISTEMA DIGESTIVO CONSECUTIVOS A PROCEDIMIENTOS, NO CLASIFICADOS EN OTRA PARTE
K910;VOMITO POSTCIRUGIA GASTROINTESTINAL
K911;SINDROMES CONSECUTIVOS A LA CIRUGIA GASTRICA
K912;MALABSORCION POSTQUIRURGICA, NO CLASIFICADA EN OTRA PARTE
K913;OBSTRUCCION INTESTINAL POSTOPERATORIA
K914;DISFUNCION DE COLOSTOMIA O ENTEROSTOMIA
K915;SINDROME DE POSTCOLECISTECTOMIA
K918;OTROS TRASTORNOS DEL SISTEMA DIGESTIVO CONSECUTIVOS A PROCEDIMIENTOS, NO CLASIFICADOS EN OTRA PARTE
K919;TRASTORNO NO ESPECIFICADO DEL SISTEMA DIGESTIVO CONSECUTIVO A PROCEDIMIENTOS
K92;OTRAS ENFERMEDADES DEL SISTEMA DIGESTIVO
K920;HEMATEMESIS
K921;MELENA
K922;HEMORRAGIA GASTROINTESTINAL, NO ESPECIFICADA
K928;OTRAS ENFERMEDADES ESPECIFICADAS DEL SISTEMA DIGESTIVO
K929;ENFERMEDAD DEL SISTEMA DIGESTIVO, NO ESPECIFICADA
K93;TRASTORNOS DE OTROS ORGANOS DIGESTIVOS EN ENFERMEDADES CLASIFICADAS EN OTRA PARTE
K930;TRASTORNOS TUBERCULOSOS DEL INTESTINO, PERITONEO Y GANGLIOS MESENTERICOS
K931;MEGACOLON EN LA ENFERMEDAD DE CHAGAS
K938;TRASTORNOS DE OTROS ORGANOS DIGESTIVOS ESPECIFICADOS EN ENFERMEDADES CLASIFICADAS EN OTRA PARTE
L00X;SINDROME ESTAFILOCOCICO DE LA PIEL ESCALDADA
L01;IMPETIGO
L010;IMPETIGO [CUALQUIER SITIO ANATOMICO] [CUALQUIER ORGANISMO]
L011;IMPETIGINIZACION DE OTRAS DERMATOSIS
L02;ABSCESO CUTANEO, FURUNCULO Y ANTRAX
L020;ABSCESO CUTANEO, FURUNCULO Y ANTRAX DE LA CARA
L021;ABSCESO CUTANEO, FURUNCULO Y ANTRAX DEL CUELLO
L022;ABSCESO CUTANEO, FURUNCULO Y ANTRAX DEL TRONCO
L023;ABSCESO CUTANEO, FURUNCULO Y ANTRAX DE GLUTEOS
L024;ABSCESO CUTANEO, FURUNCULO Y ANTRAX DE MIEMBRO
L028;ABSCESO CUTANEO, FURUNCULO Y ANTRAX DE OTROS SITIOS
L029;ABSCESO CUTANEO, FURUNCULO Y ANTRAX DE SITIO NO ESPECIFICADO
L03;CELULITIS
L030;CELULITIS DE LOS DEDOS DE LA MANO Y DEL PIE
L031;CELULITIS DE OTRAS PARTES DE LOS MIEMBROS
L032;CELULITIS DE LA CARA
L033;CELULITIS DEL TRONCO
L038;CELULITIS DE OTROS SITIOS
L039;CELULITIS DE SITIO NO ESPECIFICADO
L04;LINFADENITIS AGUDA
L040;LINFADENITIS AGUDA DE CARA, CABEZA Y CUELLO
L041;LINFADENITIS AGUDA DEL TRONCO
L042;LINFADENITIS AGUDA DEL MIEMBRO SUPERIOR
L043;LINFADENITIS AGUDA DEL MIEMBRO INFERIOR
L048;LINFADENITIS AGUDA DE OTROS SITIOS
L049;LINFADENITIS AGUDA DE SITIO NO ESPECIFICADO
L05;QUISTE PILONIDAL
L050;QUISTE PILONIDAL CON ABSCESO
L059;QUISTE PILONIDAL SIN ABSCESO
L08;OTRAS INFECCIONES LOCALES DE LA PIEL Y DEL TEJIDO SUBCUTANEO
L080;PIODERMA
L081;ERITRASMA
L088;OTRAS INFECCIONES LOCALES ESPECIFICADAS DE LA PIEL Y DEL TEJIDO SUBCUTANEO
L089;INFECCION LOCAL DE LA PIEL Y DEL TEJIDO SUBCUTANEO, NO ESPECIFICADA
L10;PENFIGO
L100;PENFIGO VULGAR
L101;PENFIGO VEGETANTE
L102;PENFIGO FOLIACEO
L103;PENFIGO BRASILEÑO [FOGO SELVAGEM]
L104;PENFIGO ERITEMATOSO
L105;PENFIGO INDUCIDO POR DROGAS
L108;OTROS PENFIGOS
L109;PENFIGO, NO ESPECIFICADO
L11;OTROS TRASTORNOS ACANTOLITICOS
L110;QUERATOSIS FOLICULAR ADQUIRIDA
L111;DERMATOSIS ACANTOLITICA TRANSITORIA [GROVER]
L118;OTROS TRASTORNOS ACANTOLITICOS ESPECIFICADOS
L119;TRASTORNO ACANTOLITICO, NO ESPECIFICADO
L12;PENFIGOIDE
L120;PENFIGOIDE FLICTENULAR
L121;PENFIGOIDE CICATRICIAL
L122;ENFERMEDAD FLICTENULAR CRONICA DE LA INFANCIA
L123;EPIDERMOLISIS BULLOSA ADQUIRIDA
L128;OTROS PENFIGOIDES
L129;PENFIGOIDE, NO ESPECIFICADO
L13;OTROS TRASTORNOS FLICTENULARES
L130;DERMATITIS HERPETIFORME
L131;DERMATITIS PUSTULOSA SUBCORNEAL
L138;OTROS TRASTORNOS FLICTENULARES ESPECIFICADOS
L139;TRASTORNO FLICTENULAR, NO ESPECIFICADO
L14X;TRASTORNOS FLICTENULARES EN ENFERMEDADES CLASIFICADAS EN OTRA PARTE
L20;DERMATITIS ATOPICA
L200;PRURIGO DE BESNIER
L208;OTRAS DERMATITIS ATOPICAS
L209;DERMATITIS ATOPICA, NO ESPECIFICADA
L21;DERMATITIS SEBORREICA
L210;SEBORREA CAPITIS
L211;DERMATITIS SEBORREICA INFANTIL
L218;OTRAS DERMATITIS SEBORREICAS
L219;DERMATITIS SEBORREICA, NO ESPECIFICADA
L22X;DERMATITIS DEL PAÑAL
L23;DERMATITIS ALERGICA DE CONTACTO
L230;DERMATITIS ALERGICA DE CONTACTO DEBIDA A METALES
L231;DERMATITIS ALERGICA DE CONTACTO DEBIDA A ADHESIVOS
L232;DERMATITIS ALERGICA DE CONTACTO DEBIDA A COSMETICOS
L233;DERMATITIS ALERGICA DE CONTACTO DEBIDA A DROGAS EN CONTACTO CON LA PIEL
L234;DERMATITIS ALERGICA DE CONTACTO DEBIDA A COLORANTES
L235;DERMATITIS ALERGICA DE CONTACTO DEBIDA A OTROS PRODUCTOS QUIMICOS
L236;DERMATITIS ALERGICA DE CONTACTO DEBIDA A ALIMENTOS EN CONTACTO CON LA PIEL
L237;DERMATITIS ALERGICA DE CONTACTO DEBIDA A PLANTAS, EXCEPTO LAS ALIMENTICIAS
L238;DERMATITIS ALERGICA DE CONTACTO DEBIDA A OTROS AGENTES
L239;DERMATITIS ALERGICA DE CONTACTO, DE CAUSA NO ESPECIFICADA
L24;DERMATITIS DE CONTACTO POR IRRITANTES
L240;DERMATITIS DE CONTACTO POR IRRITANTES, DEBIDA A DETERGENTES
L241;DERMATITIS DE CONTACTO POR IRRITANTES, DEBIDA A ACEITES Y GRASAS
L242;DERMATITIS DE CONTACTO POR IRRITANTES, DEBIDA A DISOLVENTES
L243;DERMATITIS DE CONTACTO POR IRRITANTES, DEBIDA A COSMETICOS
L244;DERMATITIS DE CONTACTO POR IRRITANTES, DEBIDA A DROGAS EN CONTACTO CON LA PIEL
L245;DERMATITIS DE CONTACTO POR IRRITANTES, DEBIDA A OTROS PRODUCTOS QUIMICOS
L246;DERMATITIS DE CONTACTO POR IRRITANTES, DEBIDA A ALIMENTOS EN CONTACTO CON LA PIEL
L247;DERMATITIS DE CONTACTO POR IRRITANTES, DEBIDA A PLANTAS, EXCEPTO LAS ALIMENTICIAS
L248;DERMATITIS DE CONTACTO POR IRRITANTES, DEBIDA A OTROS AGENTES
L249;DERMATITIS DE CONTACTO POR IRRITANTES, DE CAUSA NO ESPECIFICADA
L25;DERMATITIS DE CONTACTO, FORMA NO ESPECIFICADA
L250;DERMATITIS DE CONTACTO, FORMA NO ESPECIFICADA, DEBIDA A COSMETICOS
L251;DERMATITIS DE CONTACTO, FORMA NO ESPECIFICADA, DEBIDA A DROGAS EN CONTACTO CON LA PIEL
L252;DERMATITIS DE CONTACTO, FORMA NO ESPECIFICADA, DEBIDA A COLORANTES
L253;DERMATITIS DE CONTACTO, FORMA NO ESPECIFICADA, DEBIDA A OTROS PRODUCTOS QUIMICOS
L254;DERMATITIS DE CONTACTO, FORMA NO ESPECIFICADA, DEBIDA A ALIMENTOS EN CONTACTO CON LA PIEL
L255;DERMATITIS DE CONTACTO, FORMA NO ESPECIFICADA, DEBIDA A PLANTAS, EXCEPTO LAS ALIMENTICIAS
L258;DERMATITIS DE CONTACTO, FORMA NO ESPECIFICADA, DEBIDA A OTROS AGENTES
L259;DERMATITIS DE CONTACTO, FORMA Y CAUSA NO ESPECIFICADAS
L26X;DERMATITIS EXFOLIATIVA
L27;DERMATITIS DEBIDA A SUSTANCIAS INGERIDAS
L270;ERUPCION CUTANEA GENERALIZADA DEBIDA A DROGAS Y MEDICAMENTOS
L271;ERUPCION CUTANEA LOCALIZADA DEBIDA A DROGAS Y MEDICAMENTOS
L272;DERMATITIS DEBIDA A INGESTION DE ALIMENTOS
L278;DERMATITIS DEBIDA A OTRAS SUSTANCIAS INGERIDAS
L279;DERMATITIS DEBIDA A SUSTANCIAS INGERIDAS NO ESPECIFICADAS
L28;LIQUEN SIMPLE CRONICO Y PRURIGO
L280;LIQUEN SIMPLE CRONICO
L281;PRURIGO NODULAR
L282;OTROS PRURIGOS
L29;PRURITO
L290;PRURITO ANAL
L291;PRURITO ESCROTAL
L292;PRURITO VULVAR
L293;PRURITO ANOGENITAL, NO ESPECIFICADO
L298;OTROS PRURITOS
L299;PRURITO, NO ESPECIFICADO
L30;OTRAS DERMATITIS
L300;DERMATITIS NUMULAR
L301;DISHIDROSIS [PONFOLIX]
L302;AUTOSENSIBILIZACION CUTANEA
L303;DERMATITIS INFECCIOSA
L304;ERITEMA INTERTRIGO
L305;PITIRIASIS ALBA
L308;OTRAS DERMATITIS ESPECIFICADAS
L309;DERMATITIS, NO ESPECIFICADA
L40;PSORIASIS
L400;PSORIASIS VULGAR
L401;PSORIASIS PUSTULOSA GENERALIZADA
L402;ACRODERMATITIS CONTINUA
L403;PUSTULOSIS PALMAR Y PLANTAR
L404;PSORIASIS GUTTATA
L405;ARTROPATIA PSORIASICA
L408;OTRAS PSORIASIS
L409;PSORIASIS, NO ESPECIFICADA
L41;PARAPSORIASIS
L410;PITIRIASIS LIQUENOIDE Y VARIOLIFORME AGUDA
L411;PITIRIASIS LIQUENOIDE CRONICA
L412;PAPULOSIS LINFOMATOIDE
L413;PARAPSORIASIS EN PLACAS PEQUEÑAS
L414;PARAPSORIASIS EN PLACAS GRANDES
L415;PARAPSORIASIS RETIFORME
L418;OTRAS PARAPSORIASIS
L419;PARAPSORIASIS, NO ESPECIFICADA
L42X;PITIRIASIS ROSADA
L43;LIQUEN PLANO
L430;LIQUEN PLANO HIPERTROFICO
L431;LIQUEN PLANO FLICTENULAR
L432;REACCION LIQUENOIDE DEBIDA A DROGAS
L433;LIQUEN PLANO SUBAGUDO (ACTIVO)
L438;OTROS LIQUENES PLANOS
L439;LIQUEN PLANO, NO ESPECIFICADO
L44;OTROS TRASTORNOS PAPULOESCAMOSOS
L440;PITIRIASIS RUBRA PILARIS
L441;LIQUEN NITIDO
L442;LIQUEN ESTRIADO
L443;LIQUEN ROJO MONILIFORME
L444;ACRODERMATITIS PAPULAR INFANTIL [GIANNOTTI-CROSTI]
L448;OTROS TRASTORNOS PAPULOESCAMOSOS ESPECIFICADOS
L449;TRASTORNO PAPULOESCAMOSO, NO ESPECIFICADO
L45X;TRASTORNOS PAPULOESCAMOSOS EN ENFERMEDADES CLASIFICADAS EN OTRA PARTE
L50;URTICARIA
L500;URTICARIA ALERGICA
L501;URTICARIA IDIOPATICA
L502;URTICARIA DEBIDA AL CALOR Y AL FRIO
L503;URTICARIA DERMATOGRAFICA
L504;URTICARIA VIBRATORIA
L505;URTICARIA COLINERGICA
L506;URTICARIA POR CONTACTO
L508;OTRAS URTICARIAS
L509;URTICARIA, NO ESPECIFICADA
L51;ERITEMA MULTIFORME
L510;ERITEMA MULTIFORME NO FLICTENULAR
L511;ERITEMA MULTIFORME FLICTENULAR
L512;NECROLISIS EPIDERMICA TOXICA [LYELL]
L518;OTROS ERITEMAS MULTIFORMES
L519;ERITEMA MULTIFORME, NO ESPECIFICADO
L52X;ERITEMA NUDOSO
L53;OTRAS AFECCIONES ERITEMATOSAS
L530;ERITEMA TOXICO
L531;ERITEMA ANULAR CENTRIFUGO
L532;ERITEMA MARGINADO
L533;OTROS ERITEMAS FIGURADOS CRONICOS
L538;OTRAS AFECCIONES ERITEMATOSAS ESPECIFICADAS
L539;AFECCION ERITEMATOSA, NO ESPECIFICADA
L54;ERITEMA EN ENFERMEDADES CLASIFICADAS EN OTRA PARTE
L540;ERITEMA MARGINADO EN LA FIEBRE REUMATICA AGUDA
L548;ERITEMA EN OTRAS ENFERMEDADES CLASIFICADAS EN OTRA PARTE
L55;QUEMADURA SOLAR
L550;QUEMADURA SOLAR DE PRIMER GRADO
L551;QUEMADURA SOLAR DE SEGUNDO GRADO
L552;QUEMADURA SOLAR DE TERCER GRADO
L558;OTRAS QUEMADURAS SOLARES
L559;QUEMADURA SOLAR, NO ESPECIFICADA
L56;OTROS CAMBIOS AGUDOS DE LA PIEL DEBIDOS A RADIACION ULTRAVIOLETA
L560;RESPUESTA FOTOTOXICA A DROGAS
L561;RESPUESTA FOTOALERGICA A DROGAS
L562;DERMATITIS POR FOTOCONTACTO [DERMATITIS DE BERLOQUE]
L563;URTICARIA SOLAR
L564;ERUPCION POLIMORFA A LA LUZ
L568;OTROS CAMBIOS AGUDOS ESPECIFICADOS DE LA PIEL DEBIDOS A RADIACION ULTRAVIOLETA
L569;CAMBIO AGUDO DE LA PIEL DEBIDO A RADIACION ULTRAVIOLETA, SIN OTRA ESPECIFICACION
L57;CAMBIOS DE LA PIEL DEBIDOS A EXPOSICION CRONICA A RADIACION NO IONIZANTE
L570;QUERATOSIS ACTINICA
L571;RETICULOIDE ACTINICO
L572;PIEL ROMBOIDAL DE LA NUCA
L573;POIQUILODERMIA DE CIVATTE
L574;PIEL LAXA SENIL
L575;GRANULOMA ACTINICO
L578;OTROS CAMBIOS DE LA PIEL DEBIDOS A EXPOSICION CRONICA A RADIACION NO IONIZANTE
L579;CAMBIOS DE LA PIEL DEBIDOS A EXPOSICION CRONICA A RADIACION NO IONIZANTE, SIN OTRA ESPECIFICACION
L58;RADIODERMATITIS
L580;RADIODERMATITIS AGUDA
L581;RADIODERMATITIS CRONICA
L589;RADIODERMATITIS, NO ESPECIFICADA
L59;OTROS TRASTORNOS DE LA PIEL Y DEL TEJIDO SUBCUTANEO RELACIONADOS CON RADIACION
L590;ERITEMA AB IGNE [DERMATITIS AB IGNE]
L598;OTROS TRASTORNOS ESPECIFICADOS DE LA PIEL Y DEL TEJIDO SUBCUTANEO RELACIONADOS CON RADIACION
L599;TRASTORNOS NO ESPECIFICADOS DE LA PIEL Y DEL TEJIDO SUBCUTANEO RELACIONADOS CON RADIACION
L60;TRASTORNOS DE LAS UÑAS
L600;UÑA ENCARNADA
L601;ONICOLISIS
L602;ONICOGRIPOSIS
L603;DISTROFIA UNGUEAL
L604;LINEAS DE BEAU
L605;SINDROME DE LA UÑA AMARILLA
L608;OTROS TRASTORNOS DE LAS UÑAS
L609;TRASTORNO DE LA UÑA, NO ESPECIFICADO
L62;TRASTORNOS DE LAS UÑAS EN ENFERMEDADES CLASIFICADAS EN OTRA PARTE
L620;UÑA DEFORME DE LA PAQUIDERMOPERIOSTOSIS
L628;TRASTORNOS DE LAS UÑAS EN OTRAS ENFERMEDADES CLASIFICADAS EN OTRA PARTE
L63;ALOPECIA AREATA
L630;ALOPECIA (CAPITIS) TOTAL
L631;ALOPECIA UNIVERSAL
L632;OFIASIS
L638;OTRAS ALOPECIAS AREATAS
L639;ALOPECIA AREATA, NO ESPECIFICADA
L64;ALOPECIA ANDROGENA
L640;ALOPECIA ANDROGENA, INDUCIDA POR DROGAS
L648;OTRAS ALOPECIAS ANDROGENAS
L649;ALOPECIA ANDROGENA, NO ESPECIFICADA
L65;OTRA PERDIDA NO CICATRICIAL DEL PELO
L650;PERDIDA CAPILAR TELOGENA
L651;PERDIDA CAPILAR ANAGENA
L652;ALOPECIA MUCINOSA
L658;OTRAS PERDIDAS ESPECIFICADAS NO CICATRICIALES DEL PELO
L659;PERDIDA NO CICATRICIAL DEL PELO, SIN OTRA ESPECIFICACION
L66;ALOPECIA CICATRICIAL [PERDIDA CICATRICIAL DEL PELO]
L660;SEUDOPELADA
L661;LIQUEN PLANO PILARIS
L662;FOLICULITIS DECALVANTE
L663;PERIFOLICULITIS CAPITIS ABSCEDENS
L664;FOLICULITIS ULERITEMATOSA RETICULADA
L668;OTRAS ALOPECIAS CICATRICIALES
L669;ALOPECIA CICATRICIAL, NO ESPECIFICADA
L67;ANORMALIDADES DEL TALLO Y DEL COLOR DEL PELO
L670;TRICORREXIS NUDOSA
L671;VARIACION DEL COLOR DEL PELO
L678;OTRAS ANORMALIDADES DEL TALLO Y DEL COLOR DEL PELO
L679;ANORMALIDAD NO ESPECIFICADA DEL TALLO Y DEL COLOR DEL PELO
L68;HIPERTRICOSIS
L680;HIRSUTISMO
L681;HIPERTRICOSIS LANUGINOSA ADQUIRIDA
L682;HIPERTRICOSIS LOCALIZADA
L683;POLITRIQUIA
L688;OTRAS HIPERTRICOSIS
L689;HIPERTRICOSIS, NO ESPECIFICADA
L70;ACNE
L700;ACNE VULGAR
L701;ACNE CONGLOBADO
L702;ACNE VARIOLIFORME
L703;ACNE TROPICAL
L704;ACNE INFANTIL
L705;ACNE EXCORIADO DE LA MUJER JOVEN
L708;OTROS ACNES
L709;ACNE, NO ESPECIFICADO
L71;ROSASEA
L710;DERMATITIS PERIBUCAL
L711;RINOFIMA
L718;OTRAS ROSACEAS
L719;ROSACEA, NO ESPECIFICADA
L72;QUISTE FOLICULAR DE LA PIEL Y DEL TEJIDO SUBCUTANEO
L720;QUISTE EPIDERMICO
L721;QUISTE TRICODERMICO
L722;ESTEATOCISTOMA MULTIPLE
L728;OTROS QUISTES FOLICULARES DE LA PIEL Y DEL TEJIDO SUBCUTANEO
L729;QUISTE FOLICULAR DE LA PIEL Y DEL TEJIDO SUBCUTANEO, SIN OTRA ESPECIFICACION
L73;OTROS TRASTORNOS FOLICULARES
L730;ACNE QUELOIDE
L731;SEUDOFOLICULITIS DE LA BARBA
L732;HIDRADENITIS SUPURATIVA
L738;OTROS TRASTORNOS FOLICULARES ESPECIFICADOS
L739;TRASTORNO FOLICULAR, NO ESPECIFICADO
L74;TRASTORNOS SUDORIPAROS ECRINOS
L740;MILIARIA RUBRA
L741;MILIARIA CRISTALINA
L742;MILIARIA PROFUNDA
L743;MILIARIA, NO ESPECIFICADA
L744;ANHIDROSIS
L748;OTROS TRASTORNOS SUDORIPAROS ECRINOS
L749;TRASTORNO SUDORIPARO ECRINO, NO ESPECIFICADO
L75;TRASTORNOS SUDORIPAROS APOCRINOS
L750;BROMHIDROSIS
L751;CROMHIDROSIS
L752;MILIARIA APOCRINA
L758;OTROS TRASTORNOS SUDORIPAROS APOCRINOS
L759;TRASTORNO SUDORIPARO APOCRINO, NO ESPECIFICADO
L80X;VITILIGO
L81;OTROS TRASTORNOS DE LA PIGMENTACION
L810;HIPERPIGMENTACION POSTINFLAMATORIA
L811;CLOASMA
L812;EFELIDE
L813;MANCHAS CAFE CON LECHE
L814;OTROS TIPOS DE HIPERPIGMENTACION MELANODERMICA
L815;LEUCODERMIA, NO CLASIFICADA EN OTRA PARTE
L816;OTROS TRASTORNOS DE DISMINUCION DE LA FORMACION DE LA MELANINA
L817;DERMATOSIS PURPURICA PIGMENTADA
L818;OTROS TRASTORNOS ESPECIFICADOS DE LA PIGMENTACION
L819;TRASTORNO DE LA PIGMENTACION, NO ESPECIFICADO
L82X;QUERATOSIS SEBORREICA
L83X;ACANTOSIS NIGRICANS
L84X;CALLOS Y CALLOSIDADES
L85;OTROS TIPOS DE ENGROSAMIENTO EPIDERMICO
L850;ICTIOSIS ADQUIRIDA
L851;QUERATOSIS [QUERATODERMIA] PALMAR Y PLANTAR ADQUIRIDA
L852;QUERATOSIS PUNCTATA (PALMAR Y PLANTAR)
L853;XEROSIS DEL CUTIS
L858;OTROS ENGROSAMIENTOS EPIDERMICOS ESPECIFICADOS
L859;ENGROSAMIENTO EPIDERMICO, NO ESPECIFICADO
L86X;QUERATODERMA EN ENFERMEDADES CLASIFICADAS EN OTRA PARTE
L87;TRASTORNOS DE LA ELIMINACION TRANSEPIDERMICA
L870;QUERATOSIS FOLICULAR Y PARAFOLICULAR PENETRANTE DEL CUTIS [KYRLE]
L871;COLAGENOSIS PERFORANTE REACTIVA
L872;ELASTOSIS SERPIGINOSA PERFORANTE
L878;OTROS TRASTORNOS DE LA ELIMINACION TRANSEPIDERMICA
L879;TRASTORNO DE LA ELIMINACION TRANSEPIDERMICA, NO ESPECIFICADO
L88X;PIODERMA GANGRENOSO
L89;ULCERA DE DECUBITO Y POR AREA DE PRESION
L890;ULCERA DE DECUBITO Y POR AREA DE PRESION, ETAPA I
L891;ULCERA DE DECUBITO, ETAPA II
L892;ULCERA DE DECUBITO, ETAPA III
L893;ULCERA DE DECUBITO, ETAPA IV
L899;ULCERA DE DECUBITO Y POR AREA DE PRESION, NO ESPECIFICADA
L89X;ULCERA DE DECUBITO
L90;TRASTORNOS ATROFICOS DE LA PIEL
L900;LIQUEN ESCLEROSO Y ATROFICO
L901;ANETODERMIA DE SCHWENINGER-BUZZI
L902;ANETODERMIA DE JADASSOHN-PELLIZZARI
L903;ATROFODERMA DE PASINI Y PRERINI
L904;ACRODERMATITIS CRONICA ATROFICA
L905;FIBROSIS Y AFECCIONES CICATRICIALES DE LA PIEL
L906;ESTRIAS ATROFICAS
L908;OTROS TRASTORNOS ATROFICOS DE LA PIEL
L909;TRASTORNO ATROFICO DE LA PIEL, NO ESPECIFICADO
L91;TRASTORNOS HIPERTROFICOS DE LA PIEL
L910;CICATRIZ HIPERTROFICA
L918;OTROS TRASTORNOS HIPERTROFICOS DE LA PIEL
L919;TRASTORNO HIPERTROFICO DE LA PIEL, NO ESPECIFICADO
L92;TRASTORNOS GRANULOMATOSOS DE LA PIEL Y DEL TEJIDO SUBCUTANEO
L920;GRANULOMA ANULAR
L921;NECROBIOSIS LIPIDICA, NO CLASIFICADA EN OTRA PARTE
L922;GRANULOMA FACIAL (GRANULOMA EOSINOFILO DE LA PIEL)
L923;GRANULOMA POR CUERPO EXTRAÑO EN LA PIEL Y EN EL TEJIDO SUBCUTANEO
L928;OTROS TRASTORNOS GRANULOMATOSOS DE LA PIEL Y DEL TEJIDO SUBCUTANEO
L929;TRASTORNO GRANULOMATOSO DE LA PIEL Y DEL TEJIDO SUBCUTANEO, NO ESPECIFICADO
L93;LUPUS ERITEMATOSO
L930;LUPUS ERITEMATOSO DISCOIDE
L931;LUPUS ERITEMATOSO CUTANEO SUBAGUDO
L932;OTROS LUPUS ERITEMATOSOS LOCALIZADOS
L94;OTROS TRASTORNOS LOCALIZADOS DEL TEJIDO CONJUNTIVO
L940;ESCLERODERMA LOCALIZADO [MORFEA]
L941;ESCLERODERMA LINEAL
L942;CALCINOSIS DE LA PIEL
L943;ESCLERODACTILIA
L944;PAPULAS DE GOTTRON
L945;POIQUILODERMIA VASCULAR ATROFICA
L946;AINHUM
L948;OTROS TRASTORNOS LOCALIZADOS ESPECIFICADOS DEL TEJIDO CONJUNTIVO
L949;TRASTORNO LOCALIZADO DEL TEJIDO CONJUNTIVO, NO ESPECIFICADO
L95;VASCULITIS LIMITADA A LA PIEL, NO CLASIFICADA EN OTRA PARTE
L950;VASCULITIS LIVEDOIDE
L951;ERITEMA ELEVATUM DIUTINUM
L958;OTRAS VASCULITIS LIMITADAS A LA PIEL
L959;VASCULITIS LIMITADA A LA PIEL, SIN OTRA ESPECIFICACION
L97X;ULCERA DE MIEMBRO INFERIOR, NO CLASIFICADA EN OTRA PARTE
L98;OTROS TRASTORNOS DE LA PIEL Y DEL TEJIDO SUBCUTANEO NO CLASIFICADOS EN OTRA PARTE
L980;GRANULOMA PIOGENO
L981;DERMATITIS FACTICIA
L982;DERMATOSIS NEUTROFILA FEBRIL [SWEET]
L983;CELULITIS EOSINOFILIA [WELLS]
L984;ULCERA CRONICA DE LA PIEL, NO CLASIFICADA EN OTRA PARTE
L985;MUCINOSIS DE LA PIEL
L986;OTROS TRASTORNOS INFILTRATIVOS DE LA PIEL Y DEL TEJIDO SUBCUTANEO
L987;PIEL Y TEJIDO SUBCUTANEO EXCESIVA Y REDUNDANTE
L988;OTROS TRASTORNOS ESPECIFICADOS DE LA PIEL Y DEL TEJIDO SUBCUTANEO
L989;TRASTORNO DE LA PIEL Y DEL TEJIDO SUBCUTANEO, NO ESPECIFICADO
L99;OTROS TRASTORNOS DE LA PIEL Y DEL TEJIDO SUBCUTANEO EN ENFERMEDADES CLASIFICADAS EN OTRA PARTE
L990;AMILOIDOSIS DE LA PIEL
L998;OTROS TRASTORNOS DE LA PIEL Y DEL TEJIDO SUBCUTANEO EN ENFERMEDADES CLASIFICADAS EN OTRA PARTE
M00;ARTRITIS PIOGENA
M000;ARTRITIS Y POLIARTRITIS ESTAFILOCOCICA
M001;ARTRITIS Y POLIARTRITIS NEUMOCOCICA
M002;OTRAS ARTRITIS Y POLIARTRITIS ESTREPTOCOCICAS
M008;ARTRITIS Y POLIARTRITIS DEBIDAS A OTROS AGENTES BACTERIANOS ESPECIFICADOS
M009;ARTRITIS PIOGENA, NO ESPECIFICADA
M01;INFECCIONES DIRECTAS DE LA ARTICULACION EN ENFERMEDADES INFECCIOSAS Y PARASITARIAS CLASIFICADAS EN OTRA PARTE
M010;ARTRITIS MENINGOCOCICA
M011;ARTRITIS TUBERCULOSA
M012;ARTRITIS EN LA ENFERMEDAD DE LYME
M013;ARTRITIS EN OTRAS ENFERMEDADES BACTERIANAS CLASIFICADAS EN OTRA PARTE
M014;ARTRITIS EN RUBEOLA
M015;ARTRITIS EN OTRAS ENFERMEDADES VIRALES CLASIFICADAS EN OTRA PARTE
M016;ARTRITIS EN MICOSIS
M018;ARTRITIS EN OTRAS ENFERMEDADES INFECCIOSAS Y PARASITARIAS CLASIFICADAS EN OTRA PARTE
M02;ARTROPATIAS REACTIVAS
M020;ARTROPATIA CONSECUTIVA A DERIVACION INTESTINAL
M021;ARTROPATIA POSTDISENTERICA
M022;ARTROPATIA POSTINMUNIZACION
M023;ENFERMEDAD DE REITER
M028;OTRAS ARTROPATIAS REACTIVAS
M029;ARTROPATIA REACTIVA, NO ESPECIFICADA
M03;ARTROPATIAS POSTINFECCIOSAS Y REACTIVAS EN ENFERMEDADES CLASIFICADAS EN OTRA PARTE
M030;ARTRITIS POSTMENINGOCOCICA
M031;ARTROPATIA POSTINFECCIOSA EN SIFILIS
M032;OTRAS ARTROPATIAS POSTINFECCIOSAS EN ENFERMEDADES CLASIFICADAS EN OTRA PARTE
M036;ARTROPATIA REACTIVA EN OTRAS ENFERMEDADES CLASIFICADAS EN OTRA PARTE
M05;ARTRITIS REUMATOIDE SEROPOSITIVA
M050;SINDROME DE FELTY
M051;ENFERMEDAD REUMATOIDE DEL PULMON
M052;VASCULITIS REUMATOIDE
M053;ARTRITIS REUMATOIDE CON COMPROMISO DE OTROS ORGANOS O SISTEMAS
M058;OTRAS ARTRITIS REUMATOIDEAS SEROPOSITIVAS
M059;ARTRITIS REUMATOIDEA SEROPOSITIVA, SIN OTRA ESPECIFICACION
M06;OTRAS ARTRITIS REUMATOIDES
M060;ARTRITIS REUMATOIDE SERONEGATIVA
M061;ENFERMEDAD DE STILL DE COMIENZO EN EL ADULTO
M062;BURSITIS REUMATOIDE
M063;NODULO REUMATOIDE
M064;POLIARTROPATIA INFLAMATORIA
M068;OTRAS ARTRITIS REUMATOIDES ESPECIFICADAS
M069;ARTRITIS REUMATOIDE, NO ESPECIFICADA
M07;ARTROPATIAS PSORIASICAS Y ENTEROPATICAS
M070;ARTROPATIA PSORIASICA INTERFALANGICA DISTAL
M071;ARTRITIS MUTILANTE
M072;ESPONDILITIS PSORIASICA
M073;OTRAS ARTROPATIAS PSORIASICAS
M074;ARTROPATIA EN LA ENFERMEDAD DE CROHN [ENTERITIS REGIONAL]
M075;ARTROPATIA EN LA COLITIS ULCERATIVA
M076;OTRAS ARTROPATIAS ENTEROPATICAS
M08;ARTRITIS JUVENIL
M080;ARTRITIS REUMATOIDE JUVENIL
M081;ESPONDILITIS ANQUILOSANTE JUVENIL
M082;ARTRITIS JUVENIL DE COMIENZO GENERALIZADO
M083;POLIARTRITIS JUVENIL (SERONEGATIVA)
M084;ARTRITIS JUVENIL PAUCIARTICULAR
M088;OTRAS ARTRITIS JUVENILES
M089;ARTRITIS JUVENIL, NO ESPECIFICADA
M09;ARTRITIS JUVENIL EN ENFERMEDADES CLASIFICADAS EN OTRA PARTE
M090;ARTRITIS JUVENIL EN LA PSORIASIS
M091;ARTRITIS JUVENIL EN LA ENFERMEDAD DE CROHN [ENTERITIS REGIONAL]
M092;ARTRITIS JUVENIL EN LA COLITIS ULCERATIVA
M098;ARTRITIS JUVENIL EN OTRAS ENFERMEDADES CLASIFICADAS EN OTRA PARTE
M10;GOTA
M100;GOTA IDIOPATICA
M101;GOTA SATURNINA
M102;GOTA INDUCIDA POR DROGAS
M103;GOTA DEBIDA A ALTERACION DE LA FUNCION RENAL
M104;OTRAS GOTAS SECUNDARIAS
M109;GOTA, NO ESPECIFICADA
M11;OTRAS ARTROPATIAS POR CRISTALES
M110;ENFERMEDAD POR DEPOSITO DE HIDROXIAPATITA
M111;CONDROCALCINOSIS FAMILIAR
M112;OTRAS CONDROCALCINOSIS
M118;OTRAS ARTROPATIAS POR CRISTALES, ESPECIFICADAS
M119;ARTROPATIA POR CRISTALES, NO ESPECIFICADA
M12;OTRAS ARTROPATIAS ESPECIFICAS
M120;ARTROPATIA POSTRAUMATICA CRONICA [DE JACCOUD]
M121;ENFERMEDAD DE KASCHIN-BECK
M122;SINOVITIS VELLONODULAR (PIGMENTADA)
M123;REUMATISMO PALINDROMICO
M124;HIDRARTROSIS INTERMITENTE
M125;ARTROPATIA TRAUMATICA
M128;OTRAS ARTROPATIAS ESPECIFICAS, NO CLASIFICADAS EN OTRA PARTE
M13;OTRAS ARTRITIS
M130;POLIARTRITIS, NO ESPECIFICADA
M131;MONOARTRITIS, NO CLASIFICADA EN OTRA PARTE
M138;OTRAS ARTRITIS ESPECIFICADAS
M139;ARTRITIS, NO ESPECIFICADA
M14;ARTROPATIA EN OTRAS ENFERMEDADES CLASIFICADAS EN OTRA PARTE
M140;ARTROPATIA GOTOSA DEBIDA A DEFECTOS ENZIMATICOS Y A OTROS TRASTORNOS HEREDITARIOS, CLASIFICADOS EN OTRA PARTE
M141;ARTROPATIA POR CRISTALES EN OTROS TRASTORNOS METABOLICOS
M142;ARTROPATIA DIABETICA
M143;DERMATOARTRITIS LIPOIDE
M144;ARTROPATIA EN LA AMILOIDOSIS
M145;ARTROPATIA EN OTROS TRASTORNOS ENDOCRINOS, METABOLICOS Y NUTRICIONALES
M146;ARTROPATIA NEUROPATICA
M148;ARTROPATIA EN OTRAS ENFERMEDADES ESPECIFICADAS, CLASIFICADAS EN OTRA PARTE
M15;POLIARTROSIS
M150;(OSTEO)ARTROSIS PRIMARIA GENERALIZADA
M151;NODULOS DE HEBERDEN (CON ARTROPATIA)
M152;NODULOS DE BOUCHARD (CON ARTROPATIA)
M153;ARTROSIS SECUNDARIA MULTIPLE
M154;(OSTEO)ARTROSIS EROSIVA
M158;OTRAS POLIARTROSIS
M159;POLIARTROSIS, NO ESPECIFICADA
M16;COXARTROSIS [ARTROSIS DE LA CADERA]
M160;COXARTROSIS PRIMARIA, BILATERAL
M161;OTRAS COXARTROSIS PRIMARIAS
M162;COXARTROSIS A CONSECUENCIA DE DISPLASIA, BILATERAL
M163;OTRAS COXARTROSIS DISPLASICAS
M164;COXARTROSIS POSTRAUMATICA, BILATERAL
M165;OTRA COXARTROSIS POSTRAUMATICA
M166;OTRA COXARTROSIS SECUNDARIA, BILATERAL
M167;OTRAS COXARTROSIS SECUNDARIAS
M169;COXARTROSIS, NO ESPECIFICADA
M17;GONARTROSIS [ARTROSIS DE LA RODILLA]
M170;GONARTROSIS PRIMARIA, BILATERAL
M171;OTRAS GONARTROSIS PRIMARIAS
M172;GONARTROSIS POSTRAUMATICA, BILATERAL
M173;OTRAS GONARTROSIS POSTRAUMATICAS
M174;OTRAS GONARTROSIS SECUNDARIAS, BILATERALES
M175;OTRAS GONARTROSIS SECUNDARIAS
M179;GONARTROSIS, NO ESPECIFICADA
M18;ARTROSIS DE LA PRIMERA ARTICULACION CARPOMETACARPIANA
M180;ARTROSIS PRIMARIA DE LA PRIMERA ARTICULACION CARPOMETACARPIANA, BILATERAL
M181;OTRAS ARTROSIS PRIMARIAS DE LA PRIMERA ARTICULACION CARPOMETACARPIANA
M182;ARTROSIS POSTRAUMATICA DE LA PRIMERA ARTICULACION CARPOMETACARPIANA, BILATERAL
M183;OTRAS ARTROSIS POSTRAUMATICAS DE LA PRIMERA ARTICULACION CARPOMETACARPIANA
M184;OTRAS ARTROSIS SECUNDARIAS DE LA PRIMERA ARTICULACION CARPOMETACARPIANA, BILATERALES
M185;OTRAS ARTROSIS SECUNDARIAS DE LA PRIMERA ARTICULACION CARPOMETACARPIANA
M189;ARTROSIS DE LA PRIMERA ARTICULACION CARPOMETACARPIANA, SIN OTRA ESPECIFICACION
M19;OTRAS ARTROSIS
M190;ARTROSIS PRIMARIA DE OTRAS ARTICULACIONES
M191;ARTROSIS POSTRAUMATICA DE OTRAS ARTICULACIONES
M192;OTRAS ARTROSIS SECUNDARIAS
M198;OTRAS ARTROSIS ESPECIFICADAS
M199;ARTROSIS, NO ESPECIFICADA
M20;DEFORMIDADES ADQUIRIDAS DE LOS DEDOS DE LA MANO Y DEL PIE
M200;DEFORMIDAD DE DEDO(S) DE LA MANO
M201;HALLUX VALGUS (ADQUIRIDO)
M202;HALLUX RIGIDUS
M203;OTRAS DEFORMIDADES DEL HALLUX (ADQUIRIDAS)
M204;OTRO(S) DEDO(S) DEL PIE EN MARTILLO (ADQUIRIDOS)
M205;OTRAS DEFORMIDADES (ADQUIRIDAS) DEL (DE LOS) DEDO(S) DEL PIE
M206;DEFORMIDADES ADQUIRIDAS DE LOS DEDOS DEL PIE, NO ESPECIFICADAS
M21;OTRAS DEFORMIDADES ADQUIRIDAS DE LOS MIEMBROS
M210;DEFORMIDAD EN VALGO, NO CLASIFICADA EN OTRA PARTE
M211;DEFORMIDAD EN VARO, NO CLASIFICADA EN OTRA PARTE
M212;DEFORMIDAD EN FLEXION
M213;MUÑECA O PIE EN PENDULO (ADQUIRIDO)
M214;PIE PLANO [PES PLANUS] (ADQUIRIDO)
M215;MANO O PIE EN GARRA O EN TALIPES, PIE EQUINOVARO O ZAMBO ADQUIRIDOS
M216;OTRAS DEFORMIDADES ADQUIRIDAS DEL TOBILLO Y DEL PIE
M217;LONGITUD DESIGUAL DE LOS MIEMBROS (ADQUIRIDA)
M218;OTRAS DEFORMIDADES ADQUIRIDAS DE LOS MIEMBROS, ESPECIFICADAS
M219;DEFORMIDAD ADQUIRIDA DEL MIEMBRO, NO ESPECIFICADA
M22;TRASTORNOS DE LA ROTULA
M220;LUXACION RECIDIVANTE DE LA ROTULA
M221;SUBLUXACION RECIDIVANTE DE LA ROTULA
M222;TRASTORNOS ROTULOFEMORALES
M223;OTROS DESARREGLOS DE LA ROTULA
M224;CONDROMALACIA DE LA ROTULA
M228;OTROS TRASTORNOS DE LA ROTULA
M229;TRASTORNO DE LA ROTULA, NO ESPECIFICADO
M23;TRASTORNO INTERNO DE LA RODILLA
M230;MENISCO QUISTICO
M231;MENISCO DISCOIDE (CONGENITO)
M232;TRASTORNO DE MENISCO DEBIDO A DESGARRO O LESION ANTIGUA
M233;OTROS TRASTORNOS DE LOS MENISCOS
M234;CUERPO FLOTANTE EN LA RODILLA
M235;INESTABILIDAD CRONICA DE LA RODILLA
M236;OTRA RUPTURA ESPONTANEA DEL (DE LOS) LIGAMENTO(S) DE LA RODILLA
M238;OTROS TRASTORNOS INTERNOS DE LA RODILLA
M239;TRASTORNO INTERNO DE LA RODILLA, NO ESPECIFICADO
M24;OTROS TRASTORNOS ARTICULARES ESPECIFICOS
M240;CUERPO FLOTANTE ARTICULAR
M241;OTROS TRASTORNOS DEL CARTILAGO ARTICULAR
M242;TRASTORNO DEL LIGAMENTO
M243;LUXACION Y SUBLUXACION PATOLOGICA DE LA ARTICULACION, NO CLASIFICADA EN OTRA PARTE
M244;LUXACION Y SUBLUXACION RECIDIVANTE DE LA ARTICULACION
M245;CONTRACTURA ARTICULAR
M246;ANQUILOSIS ARTICULAR
M247;PROTRUSION DE ACETABULO
M248;OTRAS LESIONES ARTICULARES ESPECIFICAS, NO CLASIFICADAS EN OTRA PARTE
M249;DESARREGLO ARTICULAR, NO ESPECIFICADO
M25;OTROS TRASTORNOS ARTICULARES, NO CLASIFICADOS EN OTRA PARTE
M250;HEMARTROSIS
M251;FISTULA ARTICULAR
M252;ARTICULACION INESTABLE
M253;OTRAS INESTABILIDADES ARTICULARES
M254;DERRAME ARTICULAR
M255;DOLOR EN ARTICULACION
M256;RIGIDEZ ARTICULAR, NO CLASIFICADA EN OTRA PARTE
M257;OSTEOFITO
M258;OTROS TRASTORNOS ARTICULARES ESPECIFICADOS
M259;TRASTORNO ARTICULAR, NO ESPECIFICADO
M30;POLIARTERITIS NUDOSA Y AFECCIONES RELACIONADAS
M300;POLIARTERITIS NUDOSA
M301;POLIARTERITIS CON COMPROMISO PULMONAR [CHURG-STRAUSS]
M302;POLIARTERITIS JUVENIL
M303;SINDROME MUCOCUTANEO LINFONODULAR [KAWASAKI]
M308;OTRAS AFECCIONES RELACIONADAS CON LA POLIARTERITIS NUDOSA
M31;OTRAS VASCULOPATIAS NECROTIZANTES
M310;ANGIITIS DEBIDA A HIPERSENSIBILIDAD
M311;MICROANGIOPATIA TROMBOTICA
M312;GRANULOMA LETAL DE LA LINEA MEDIA
M313;GRANULOMATOSIS DE WEGENER
M314;SINDROME DEL CAYADO DE LA AORTA [TAKAYASU]
M315;ARTERITIS DE CELULAS GIGANTES CON POLIMIALGIA REUMATICA
M316;OTRAS ARTERITIS DE CELULAS GIGANTES
M317;POLIANGIITIS MICROSCOPICA
M318;OTRAS VASCULOPATIAS NECROTIZANTES ESPECIFICADAS
M319;VASCULOPATIA NECROTIZANTE, NO ESPECIFICADA
M32;LUPUS ERITEMATOSO SISTEMICO
M320;LUPUS ERITEMATOSO SISTEMICO, INDUCIDO POR DROGAS
M321;LUPUS ERITEMATOSO SISTEMICO CON COMPROMISO DE ORGANOS O SISTEMAS
M328;OTRAS FORMAS DE LUPUS ERITEMATOSO SISTEMICO
M329;LUPUS ERITEMATOSO SISTEMICO, SIN OTRA ESPECIFICACION
M33;DERMATOPOLIMIOSITIS
M330;DERMATOMIOSITIS JUVENIL
M331;OTRAS DERMATOMIOSITIS
M332;POLIMIOSITIS
M339;DERMATOPOLIMIOSITIS, NO ESPECIFICADA
M34;ESCLEROSIS SISTEMICA
M340;ESCLEROSIS SISTEMICA PROGRESIVA
M341;SINDROME CR(E)ST
M342;ESCLEROSIS SISTEMICA INDUCIDA POR DROGAS O PRODUCTOS QUIMICOS
M348;OTRAS FORMAS DE ESCLEROSIS SISTEMICA
M349;ESCLEROSIS SISTEMICA, NO ESPECIFICADA
M35;OTRO COMPROMISO SISTEMICO DEL TEJIDO CONJUNTIVO
M350;SINDROME SECO [SJÖGREN]
M351;OTROS SINDROMES SUPERPUESTOS
M352;ENFERMEDAD DE BEHCET
M353;POLIMIALGIA REUMATICA
M354;FASCITIS DIFUSA (EOSINOFILICA)
M355;FIBROSCLEROSIS MULTIFOCAL
M356;PANICULITIS RECIDIVANTE [WEBER-CHRISTIAN]
M357;SINDROME DE HIPERMOVILIDAD
M358;OTRAS ENFERMEDADES ESPECIFICADAS CON COMPROMISO SISTEMICO DEL TEJIDO CONJUNTIVO
M359;COMPROMISO SISTEMICO DEL TEJIDO CONJUNTIVO, NO ESPECIFICADO
M36;TRASTORNOS SISTEMICOS DEL TEJIDO CONJUNTIVO EN ENFERMEDADES CLASIFICADAS EN OTRA PARTE
M360;DERMATO(POLI)MIOSITIS EN ENFERMEDAD NEOPLASICA
M361;ARTROPATIA EN ENFERMEDAD NEOPLASICA
M362;ARTROPATIA HEMOFILICA
M363;ARTROPATIA EN OTROS TRASTORNOS DE LA SANGRE
M364;ARTROPATIA EN REACCIONES DE HIPERSENSIBILIDAD CLASIFICADAS EN OTRA PARTE
M368;TRASTORNOS SISTEMICOS DEL TEJIDO CONJUNTIVO EN OTRAS ENFERMEDADES CLASIFICADAS EN OTRA PARTE
M40;CIFOSIS Y LORDOSIS
M400;CIFOSIS POSTURAL
M401;OTRAS CIFOSIS SECUNDARIAS
M402;OTRAS CIFOSIS Y LAS NO ESPECIFICADAS
M403;SINDROME DE ESPALDA PLANA
M404;OTRAS LORDOSIS
M405;LORDOSIS, NO ESPECIFICADA
M41;ESCOLIOSIS
M410;ESCOLIOSIS IDIOPATICA INFANTIL
M411;ESCOLIOSIS IDIOPATICA JUVENIL
M412;OTRAS ESCOLIOSIS IDIOPATICAS
M413;ESCOLIOSIS TORACOGENICA
M414;ESCOLIOSIS NEUROMUSCULAR
M415;OTRAS ESCOLIOSIS SECUNDARIAS
M418;OTRAS FORMAS DE ESCOLIOSIS
M419;ESCOLIOSIS, NO ESPECIFICADA
M42;OSTEOCONDROSIS DE LA COLUMNA VERTEBRAL
M420;OSTEOCONDROSIS JUVENIL DE LA COLUMNA VERTEBRAL
M421;OSTEOCONDROSIS DE LA COLUMNA VERTEBRAL DEL ADULTO
M429;OSTEOCONDROSIS VERTEBRAL, NO ESPECIFICADA
M43;OTRAS DORSOPATIAS DEFORMANTES
M430;ESPONDILOLISIS
M431;ESPONDILOLISTESIS
M432;OTRAS FUSIONES DE LA COLUMNA VERTEBRAL
M433;SUBLUXACION ATLANTO-AXOIDEA RECURRENTE, CON MIELOPATIA
M434;OTRAS SUBLUXACIONES ATLANTO-AXOIDEAS RECURRENTES
M435;OTRAS SUBLUXACIONES VERTEBRALES RECURRENTES
M436;TORTICOLIS
M438;OTRAS DORSOPATIAS DEFORMANTES DE LA COLUMNA VERTEBRAL ESPECIFICADAS
M439;DORSOPATIA DEFORMANTE, NO ESPECIFICADA
M45;ESPONDILITIS ANQUILOSANTE
M450;ESPONDILITIS ANQUILOSANTE, SITIOS MULTIPLES DE LA COLUMNA VERTEBRAL
M451;ESPONDILITIS ANQUILOSANTE, REGION OCCIPITOCERVICAL
M452;ESPONDILITIS ANQUILOSANTE, REGION CERVICAL
M453;ESPONDILITIS ANQUILOSANTE, REGION CERVICOTORACICA
M454;ESPONDILITIS ANQUILOSANTE, REGION TORACICA
M455;ESPONDILITIS ANQUILOSANTE, REGION TORACOLUMBAR
M456;ESPONDILITIS ANQUILOSANTE, REGION LUMBAR
M457;ESPONDILITIS ANQUILOSANTE, REGION LUMBOSACRA
M458;ESPONDILITIS ANQUILOSANTE, REGION SACRA Y SACROCOCCIGEA
M459;ESPONDILITIS ANQUILOSANTE, SITIO NO ESPECIFICADO
M46;OTRAS ESPONDILOPATIAS INFLAMATORIAS
M460;ENTESOPATIA VERTEBRAL
M461;SACROILIITIS, NO CLASIFICADA EN OTRA PARTE
M462;OSTEOMIELITIS DE VERTEBRA
M463;INFECCION DE DISCO INTERVERTEBRAL (PIOGENA)
M464;DISCITIS, NO ESPECIFICADA
M465;OTRAS ESPONDILOPATIAS INFECCIOSAS
M468;OTRAS ESPONDILOPATIAS INFLAMATORIAS ESPECIFICADAS
M469;ESPONDILOPATIA INFLAMATORIA, NO ESPECIFICADA
M47;ESPONDILOSIS
M470;SINDROMES DE COMPRESION DE LA ARTERIA ESPINAL O VERTEBRAL ANTERIOR
M471;OTRAS ESPONDILOSIS CON MIELOPATIA
M472;OTRAS ESPONDILOSIS CON RADICULOPATIA
M478;OTRAS ESPONDILOSIS
M479;ESPONDILOSIS, NO ESPECIFICADA
M48;OTRAS ESPONDILOPATIAS
M480;ESTENOSIS ESPINAL
M481;HIPEROSTOSIS ANQUILOSANTE [FORESTIER]
M482;ESPONDILOPATIA INTERESPINOSA (VERTEBRAS EN BESO)
M483;ESPONDILOPATIA TRAUMATICA
M484;FRACTURA DE VERTEBRA POR FATIGA
M485;VERTEBRA COLAPSADA, NO CLASIFICADA EN OTRA PARTE
M488;OTRAS ESPONDILOPATIAS ESPECIFICADAS
M489;ESPONDILOPATIA, NO ESPECIFICADA
M49;ESPONDILOPATIAS EN ENFERMEDADES CLASIFICADAS EN OTRA PARTE
M490;TUBERCULOSIS DE LA COLUMNA VERTEBRAL
M491;ESPONDILITIS POR BRUCELOSIS
M492;ESPONDILITIS POR ENTEROBACTERIAS
M493;ESPONDILOPATIA EN OTRAS ENFERMEDADES INFECCIOSAS Y PARASITARIAS CLASIFICADAS EN OTRA PARTE
M494;ESPONDILOPATIA NEUROPATICA
M495;VERTEBRA COLAPSADA EN ENFERMEDADES CLASIFICADAS EN OTRA PARTE
M498;ESPONDILOPATIA EN OTRAS ENFERMEDADES CLASIFICADAS EN OTRA PARTE
M50;TRASTORNOS DE DISCO CERVICAL
M500;TRASTORNO DE DISCO CERVICAL CON MIELOPATIA
M501;TRASTORNO DE DISCO CERVICAL CON RADICULOPATIA
M502;OTROS DESPLAZAMIENTOS DE DISCO CERVICAL
M503;OTRAS DEGENERACIONES DE DISCO CERVICAL
M508;OTROS TRASTORNOS DE DISCO CERVICAL
M509;TRASTORNO DE DISCO CERVICAL, NO ESPECIFICADO
M51;OTROS TRASTORNOS DE LOS DISCOS INTERVERTEBRALES
M510;TRASTORNOS DE DISCOS INTERVERTEBRALES LUMBARES Y OTROS, CON MIELOPATIA
M511;TRASTORNOS DE DISCO LUMBAR Y OTROS, CON RADICULOPATIA
M512;OTROS DESPLAZAMIENTOS ESPECIFICADOS DE DISCO INTERVERTEBRAL
M513;OTRAS DEGENERACIONES ESPECIFICADAS DE DISCO INTERVERTEBRAL
M514;NODULOS DE SCHMORL
M518;OTROS TRASTORNOS ESPECIFICADOS DE LOS DISCOS INTERVERTEBRALES
M519;TRASTORNO DE LOS DISCOS INTERVERTEBRALES, NO ESPECIFICADO
M53;OTRAS DORSOPATIAS, NO CLASIFICADAS EN OTRA PARTE
M530;SINDROME CERVICOCRANEAL
M531;SINDROME CERVICOBRAQUIAL
M532;INESTABILIDAD DE LA COLUMNA VERTEBRAL
M533;TRASTORNOS SACROCOCCIGEOS, NO CLASIFICADOS EN OTRA PARTE
M538;OTRAS DORSOPATIAS ESPECIFICADAS
M539;DORSOPATIA, NO ESPECIFICADA
M54;DORSALGIA
M540;PANICULITIS QUE AFECTA REGIONES DEL CUELLO Y DE LA ESPALDA
M541;RADICULOPATIA
M542;CERVICALGIA
M543;CIATICA
M544;LUMBAGO CON CIATICA
M545;LUMBAGO NO ESPECIFICADO
M546;DOLOR EN LA COLUMNA DORSAL
M548;OTRAS DORSALGIAS
M549;DORSALGIA, NO ESPECIFICADA
M60;MIOSITIS
M600;MIOSITIS INFECCIOSA
M601;MIOSITIS INTERSTICIAL
M602;GRANULOMA POR CUERPO EXTRAÑO EN TEJIDO BLANDO, NO CLASIFICADO EN OTRA PARTE
M608;OTRAS MIOSITIS
M609;MIOSITIS, NO ESPECIFICADA
M61;CALCIFICACION Y OSIFICACION DEL MUSCULO
M610;MIOSITIS OSIFICANTE TRAUMATICA
M611;MIOSITIS OSIFICANTE PROGRESIVA
M612;CALCIFICACION Y OSIFICACION PARALITICA DEL MUSCULO
M613;CALCIFICACION Y OSIFICACION DE LOS MUSCULOS ASOCIADAS CON QUEMADURAS
M614;OTRAS CALCIFICACIONES DEL MUSCULO
M615;OTRAS OSIFICACIONES DEL MUSCULO
M619;CALCIFICACION Y OSIFICACION DEL MUSCULO, NO ESPECIFICADA
M62;OTROS TRASTORNOS DE LOS MUSCULOS
M620;DIASTASIS DEL MUSCULO
M621;OTROS DESGARROS (NO TRAUMATICOS) DEL MUSCULO
M622;INFARTO ISQUEMICO DEL MUSCULO
M623;SINDROME DE INMOVILIDAD (PARAPLEJICO)
M624;CONTRACTURA MUSCULAR
M625;ATROFIA Y DESGASTE MUSCULARES, NO CLASIFICADOS EN OTRA PARTE
M626;DISTENSION MUSCULAR
M628;OTROS TRASTORNOS ESPECIFICADOS DE LOS MUSCULOS
M629;TRASTORNO MUSCULAR, NO ESPECIFICADO
M63;TRASTORNOS DE LOS MUSCULOS EN ENFERMEDADES CLASIFICADAS EN OTRA PARTE
M630;MIOSITIS EN ENFERMEDADES BACTERIANAS CLASIFICADAS EN OTRA PARTE
M631;MIOSITIS EN INFECCIONES POR PROTOZOARIOS Y PARASITOS CLASIFICADOS EN OTRA PARTE
M632;MIOSITIS EN OTRAS ENFERMEDADES INFECCIOSAS CLASIFICADAS EN OTRA PARTE
M633;MIOSITIS EN SARCOIDOSIS
M638;OTROS TRASTORNOS DE LOS MUSCULOS EN ENFERMEDADES CLASIFICADAS EN OTRA PARTE
M65;SINOVITIS Y TENOSINOVITIS
M650;ABSCESO DE VAINA TENDINOSA
M651;OTRAS (TENO)SINOVITIS INFECCIOSAS
M652;TENDINITIS CALCIFICADA
M653;DEDO EN GATILLO
M654;TENOSINOVITIS DE ESTILOIDES RADIAL [DE QUERVAIN]
M658;OTRAS SINOVITIS Y TENOSINOVITIS
M659;SINOVITIS Y TENOSINOVITIS, NO ESPECIFICADA
M66;RUPTURA ESPONTANEA DE LA SINOVIA Y DEL TENDON
M660;RUPTURA DE QUISTE SINOVIAL POPLITEO
M661;RUPTURA DE LA SINOVIA
M662;RUPTURA ESPONTANEA DE TENDONES EXTENSORES
M663;RUPTURA ESPONTANEA DE TENDONES FLEXORES
M664;RUPTURA ESPONTANEA DE OTROS TENDONES
M665;RUPTURA ESPONTANEA DE TENDON NO ESPECIFICADO
M67;OTROS TRASTORNOS DE LA SINOVIA Y DEL TENDON
M670;ACORTAMIENTO DEL TENDON DE AQUILES (ADQUIRIDO)
M671;OTRAS CONTRACTURAS DE TENDON (VAINA)
M672;HIPERTROFIA SINOVIAL, NO CLASIFICADA EN OTRA PARTE
M673;SINOVITIS TRANSITORIA
M674;GANGLION
M678;OTROS TRASTORNOS ESPECIFICADOS DE LA SINOVIA Y DEL TENDON
M679;TRASTORNO SINOVIAL Y TENDINOSO, NO ESPECIFICADO
M68;TRASTORNOS DE LOS TENDONES Y DE LA SINOVIA EN ENFERMEDADES CLASIFICADAS EN OTRA PARTE
M680;SINOVITIS Y TENOSINOVITIS EN ENFERMEDADES BACTERIANAS CLASIFICADAS EN OTRA PARTE
M688;OTROS TRASTORNOS SINOVIALES Y TENDINOSOS EN ENFERMEDADES CLASIFICADAS EN OTRA PARTE
M70;TRASTORNOS DE LOS TEJIDOS BLANDOS RELACIONADOS CON EL USO, EL USO EXCESIVO Y LA PRESION
M700;SINOVITIS CREPITANTE CRONICA DE LA MANO Y DE LA MUÑECA
M701;BURSITIS DE LA MANO
M702;BURSITIS DEL OLECRANON
M703;OTRAS BURSITIS DEL CODO
M704;OTRAS BURSITIS PRERROTULIANAS
M705;OTRAS BURSITIS DE LA RODILLA
M706;BURSITIS DEL TROCANTER
M707;OTRAS BURSITIS DE LA CADERA
M708;OTROS TRASTORNOS DE LOS TEJIDOS BLANDOS RELACIONADOS CON EL USO, EL USO EXCESIVO Y LA PRESION
M709;TRASTORNO NO ESPECIFICADO DE LOS TEJIDOS BLANDOS RELACIONADO CON EL USO, EL USO EXCESIVO Y LA PRESION
M71;OTRAS BURSOPATIAS
M710;ABSCESO DE LA BOLSA SINOVIAL
M711;OTRAS BURSITIS INFECCIOSAS
M712;QUISTE SINOVIAL DEL HUECO POPLITEO [DE BAKER]
M713;OTROS QUISTES DE LA BOLSA SEROSA
M714;DEPOSITO DE CALCIO EN LA BOLSA SEROSA
M715;OTRAS BURSITIS, NO CLASIFICADAS EN OTRA PARTE
M718;OTROS TRASTORNOS ESPECIFICADOS DE LA BOLSA SEROSA
M719;BURSOPATIA, NO ESPECIFICADA
M72;TRASTORNOS FIBROBLASTICOS
M720;FIBROMATOSIS DE LA APONEUROSIS PALMAR [DUPUYTREN]
M721;NODULOS INTERFALANGICOS
M722;FIBROMATOSIS DE LA APONEUROSIS PLANTAR
M723;FASCITIS NODULAR
M724;FIBROMATOSIS SEUDOSARCOMATOSA
M725;FASCITIS, NO CLASIFICADA EN OTRA PARTE
M726;FASCITIS NECROTIZANTE
M728;OTROS TRASTORNOS FIBROBLASTICOS
M729;TRASTORNO FIBROBLASTICO, NO ESPECIFICADO
M73;TRASTORNOS DE LOS TEJIDOS BLANDOS EN ENFERMEDADES CLASIFICADAS EN OTRA PARTE
M730;BURSITIS GONOCOCICA
M731;BURSITIS SIFILITICA
M738;OTROS TRASTORNOS DE LOS TEJIDOS BLANDOS EN ENFERMEDADES CLASIFICADAS EN OTRA PARTE
M75;LESIONES DEL HOMBRO
M750;CAPSULITIS ADHESIVA DEL HOMBRO
M751;SINDROME DEL MANGUITO ROTATORIO
M752;TENDINITIS DEL BICEPS
M753;TENDINITIS CALCIFICANTE DEL HOMBRO
M754;SINDROME DE ABDUCCION DOLOROSA DEL HOMBRO
M755;BURSITIS DEL HOMBRO
M758;OTRAS LESIONES DEL HOMBRO
M759;LESION DEL HOMBRO, NO ESPECIFICADA
M76;ENTESOPATIAS DEL MIEMBRO INFERIOR, EXCLUIDO EL PIE
M760;TENDINITIS DEL GLUTEO
M761;TENDINITIS DEL PSOAS
M762;ESPOLON DE LA CRESTA ILIACA
M763;SINDROME DEL TENDON DEL TENSOR DE LA FASCIA LATA
M764;BURSITIS TIBIAL COLATERAL [PELLEGRINI-STIEDA]
M765;TENDINITIS ROTULIANA
M766;TENDINITIS AQUILIANA
M767;TENDINITIS PERONEAL
M768;OTRAS ENTESOPATIAS DEL MIEMBRO INFERIOR, EXCLUIDO EL PIE
M769;ENTESOPATIA DEL MIEMBRO INFERIOR, NO ESPECIFICADA
M77;OTRAS ENTESOPATIAS
M770;EPICONDILITIS MEDIA
M771;EPICONDILITIS LATERAL
M772;PERIARTRITIS DE LA MUÑECA
M773;ESPOLON CALCANEO
M774;METATARSALGIA
M775;OTRAS ENTESOPATIAS DEL PIE
M778;OTRAS ENTESOPATIAS, NO CLASIFICADAS EN OTRA PARTE
M779;ENTESOPATIA, NO ESPECIFICADA
M79;OTROS TRASTORNOS DE LOS TEJIDOS BLANDOS, NO CLASIFICADOS EN OTRA PARTE
M790;REUMATISMO, NO ESPECIFICADO
M791;MIALGIA
M792;NEURALGIA Y NEURITIS, NO ESPECIFICADAS
M793;PANICULITIS, NO ESPECIFICADA
M794;HIPERTROFIA DE PAQUETE ADIPOSO (INFRARROTULIANO)
M795;CUERPO EXTRAÑO RESIDUAL EN TEJIDO BLANDO
M796;DOLOR EN MIEMBRO
M797;FIBROMIALGIA
M798;OTROS TRASTORNOS ESPECIFICADOS DE LOS TEJIDOS BLANDOS
M799;TRASTORNO DE LOS TEJIDOS BLANDOS, NO ESPECIFICADO
M80;OSTEOPOROSIS CON FRACTURA PATOLOGICA
M800;OSTEOPOROSIS POSTMENOPAUSICA, CON FRACTURA PATOLOGICA
M801;OSTEOPOROSIS POSTOOFORECTOMIA, CON FRACTURA PATOLOGICA
M802;OSTEOPOROSIS POR DESUSO, CON FRACTURA PATOLOGICA
M803;OSTEOPOROSIS POR MALABSORCION POSTQUIRURGICA, CON FRACTURA PATOLOGICA
M804;OSTEOPOROSIS INDUCIDA POR DROGAS, CON FRACTURA PATOLOGICA
M805;OSTEOPOROSIS IDIOPATICA, CON FRACTURA PATOLOGICA
M808;OTRAS OSTEOPOROSIS, CON FRACTURA PATOLOGICA
M809;OSTEOPOROSIS NO ESPECIFICADA, CON FRACTURA PATOLOGICA
M81;OSTEOPOROSIS SIN FRACTURA PATOLOGICA
M810;OSTEOPOROSIS POSTMENOPAUSICA, SIN FRACTURA PATOLOGICA
M811;OSTEOPOROSIS POSTOOFORECTOMIA, SIN FRACTURA PATOLOGICA
M812;OSTEOPOROSIS POR DESUSO, SIN FRACTURA PATOLOGICA
M813;OSTEOPOROSIS POR MALABSORCION POSTQUIRURGICA, SIN FRACTURA PATOLOGICA
M814;OSTEOPOROSIS INDUCIDA POR DROGAS, SIN FRACTURA PATOLOGICA
M815;OSTEOPOROSIS IDIOPATICA, SIN FRACTURA PATOLOGICA
M816;OSTEOPOROSIS LOCALIZADA [LEQUESNE], SIN FRACTURA PATOLOGICA
M818;OTRAS OSTEOPOROSIS, SIN FRACTURA PATOLOGICA
M819;OSTEOPOROSIS NO ESPECIFICADA, SIN FRACTURA PATOLOGICA
M82;OSTEOPOROSIS EN ENFERMEDADES CLASIFICADAS EN OTRA PARTE
M820;OSTEOPOROSIS EN MIELOMATOSIS MULTIPLE
M821;OSTEOPOROSIS EN TRASTORNOS ENDOCRINOS
M828;OSTEOPOROSIS EN OTRAS ENFERMEDADES CLASIFICADAS EN OTRA PARTE
M83;OSTEOMALACIA DEL ADULTO
M830;OSTEOMALACIA PUERPERAL
M831;OSTEOMALACIA SENIL
M832;OSTEOMALACIA DEL ADULTO DEBIDA A MALABSORCION
M833;OSTEOMALACIA DEL ADULTO DEBIDA A DESNUTRICION
M834;ENFERMEDAD DE LOS HUESOS POR ALUMINIO
M835;OTRAS OSTEOMALACIAS DEL ADULTO INDUCIDAS POR DROGAS
M838;OTRAS OSTEOMALACIAS DEL ADULTO
M839;OSTEOMALACIA DEL ADULTO, NO ESPECIFICADA
M84;TRASTORNOS DE LA CONTINUIDAD DEL HUESO
M840;CONSOLIDACION DEFECTUOSA DE FRACTURA
M841;FALTA DE CONSOLIDACION DE FRACTURA [SEUDOARTROSIS]
M842;CONSOLIDACION RETARDADA DE FRACTURA
M843;FRACTURA POR TENSION, NO CLASIFICADA EN OTRA PARTE
M844;FRACTURA PATOLOGICA, NO CLASIFICADA EN OTRA PARTE
M848;OTROS TRASTORNOS DE LA CONTINUIDAD DEL HUESO
M849;TRASTORNO DE LA CONTINUIDAD DEL HUESO, NO ESPECIFICADO
M85;OTROS TRASTORNOS DE LA DENSIDAD Y DE LA ESTRUCTURA OSEAS
M850;DISPLASIA FIBROSA (MONOSTOTICA)
M851;FLUOROSIS DEL ESQUELETO
M852;HIPEROSTOSIS DEL CRANEO
M853;OSTEITIS CONDENSANTE
M854;QUISTE OSEO SOLITARIO
M855;QUISTE OSEO ANEURISMATICO
M856;OTROS QUISTES OSEOS
M858;OTROS TRASTORNOS ESPECIFICADOS DE LA DENSIDAD Y DE LA ESTRUCTURA OSEAS
M859;TRASTORNO DE LA DENSIDAD Y DE LA ESTRUCTURA OSEAS, NO ESPECIFICADO
M86;OSTEOMIELITIS
M860;OSTEOMIELITIS HEMATOGENA AGUDA
M861;OTRAS OSTEOMIELITIS AGUDAS
M862;OSTEOMIELITIS SUBAGUDA
M863;OSTEOMIELITIS MULTIFOCAL CRONICA
M864;OSTEOMIELITIS CRONICA CON DRENAJE DEL SENO
M865;OTRAS OSTEOMIELITIS HEMATOGENAS CRONICAS
M866;OTRAS OSTEOMIELITIS CRONICAS
M868;OTRAS OSTEOMIELITIS
M869;OSTEOMIELITIS, NO ESPECIFICADA
M87;OSTEONECROSIS
M870;NECROSIS ASEPTICA IDIOPATICA OSEA
M871;OSTEONECROSIS DEBIDA A DROGAS
M872;OSTEONECROSIS DEBIDA A TRAUMATISMO PREVIO
M873;OTRAS OSTEONECROSIS SECUNDARIAS
M878;OTRAS OSTEONECROSIS
M879;OSTEONECROSIS, NO ESPECIFICADA
M88;ENFERMEDAD DE PAGET DE LOS HUESOS [OSTEITIS DEFORMANTE]
M880;ENFERMEDAD DE PAGET DEL CRANEO
M888;ENFERMEDAD DE PAGET DE OTROS HUESOS
M889;ENFERMEDAD OSEA DE PAGET, HUESOS NO ESPECIFICADOS
M89;OTROS TRASTORNOS DEL HUESO
M890;ALGONEURODISTROFIA
M891;DETENCION DEL CRECIMIENTO EPIFISARIO
M892;OTROS TRASTORNOS DEL DESARROLLO Y CRECIMIENTO OSEO
M893;HIPERTROFIA DEL HUESO
M894;OTRAS OSTEOARTROPATIAS HIPERTROFICAS
M895;OSTEOLISIS
M896;OSTEOPATIA A CONSECUENCIA DE POLIOMIELITIS
M898;OTROS TRASTORNOS ESPECIFICADOS DEL HUESO
M899;TRASTORNO DEL HUESO, NO ESPECIFICADO
M90;OSTEOPATIAS EN ENFERMEDADES CLASIFICADAS EN OTRA PARTE
M900;TUBERCULOSIS OSEA
M901;PERIOSTITIS EN OTRAS ENFERMEDADES INFECCIOSAS CLASIFICADAS EN OTRA PARTE
M902;OSTEOPATIA EN OTRAS ENFERMEDADES INFECCIOSAS CLASIFICADAS EN OTRA PARTE
M903;OSTEONECROSIS EN LA ENFERMEDAD CAUSADA POR DESCOMPRESION
M904;OSTEONECROSIS DEBIDA A HEMOGLOBINOPATIA
M905;OSTEONECROSIS EN OTRAS ENFERMEDADES CLASIFICADAS EN OTRA PARTE
M906;OSTEITIS DEFORMANTE EN ENFERMEDAD NEOPLASICA
M907;FRACTURA OSEA EN ENFERMEDAD NEOPLASICA
M908;OSTEOPATIA EN OTRAS ENFERMEDADES CLASIFICADAS EN OTRA PARTE
M91;OSTEOCONDROSIS JUVENIL DE LA CADERA Y DE LA PELVIS
M910;OSTEOCONDROSIS JUVENIL DE LA PELVIS
M911;OSTEOCONDROSIS JUVENIL DE LA CABEZA DEL FEMUR [LEGG-CALVE-PERTHES]
M912;COXA PLANA
M913;PSEUDOCOXALGIA
M918;OTRAS OSTEOCONDROSIS JUVENILES DE LA CADERA Y DE LA PELVIS
M919;OSTEOCONDROSIS JUVENIL DE LA CADERA Y DE LA PELVIS, SIN OTRA ESPECIFICACION
M92;OTRAS OSTEOCONDROSIS JUVENILES
M920;OSTEOCONDROSIS JUVENIL DEL HUMERO
M921;OSTEOCONDROSIS JUVENIL DEL CUBITO Y DEL RADIO
M922;OSTEOCONDROSIS JUVENIL DE LA MANO
M923;OTRAS OSTEOCONDROSIS JUVENILES DEL MIEMBRO SUPERIOR
M924;OSTEOCONDROSIS JUVENIL DE LA ROTULA
M925;OSTEOCONDROSIS JUVENIL DE LA TIBIA Y DEL PERONE
M926;OSTEOCONDROSIS JUVENIL DEL TARSO
M927;OSTEOCONDROSIS JUVENIL DEL METATARSO
M928;OTRAS OSTEOCONDROSIS JUVENILES ESPECIFICADAS
M929;OSTEOCONDROSIS JUVENIL, NO ESPECIFICADA
M93;OTRAS OSTEOCONDROPATIAS
M930;DESLIZAMIENTO DE LA EPIFISIS FEMORAL SUPERIOR (NO TRAUMATICO)
M931;ENFERMEDAD DE KIENBÖCK DEL ADULTO
M932;OSTEOCONDRITIS DISECANTE
M938;OTRAS OSTEOCONDROPATIAS ESPECIFICADAS
M939;OSTEOCONDROPATIA, NO ESPECIFICADA
M94;OTROS TRASTORNOS DEL CARTILAGO
M940;SINDROME DE LA ARTICULACION CONDROCOSTAL [TIETZE]
M941;POLICONDRITIS RECIDIVANTE
M942;CONDROMALACIA
M943;CONDROLISIS
M948;OTROS TRASTORNOS ESPECIFICADOS DEL CARTILAGO
M949;TRASTORNO DEL CARTILAGO, NO ESPECIFICADO
M95;OTRAS DEFORMIDADES ADQUIRIDAS DEL SISTEMA OSTEOMUSCULAR Y DEL TEJIDO CONJUNTIVO
M950;DEFORMIDAD ADQUIRIDA DE LA NARIZ
M951;OREJA EN COLIFLOR
M952;OTRAS DEFORMIDADES ADQUIRIDAS DE LA CABEZA
M953;DEFORMIDAD ADQUIRIDA DEL CUELLO
M954;DEFORMIDAD ADQUIRIDA DE COSTILLAS Y TORAX
M955;DEFORMIDAD ADQUIRIDA DE LA PELVIS
M958;OTRAS DEFORMIDADES ADQUIRIDAS ESPECIFICADAS DEL SISTEMA OSTEOMUSCULAR
M959;DEFORMIDAD ADQUIRIDA DEL SISTEMA OSTEOMUSCULAR, NO ESPECIFICADA
M96;TRASTORNOS OSTEOMUSCULARES CONSECUTIVOS A PROCEDIMIENTOS, NO CLASIFICADOS EN OTRA PARTE
M960;SEUDOARTROSIS CONSECUTIVA A FUSION O ARTRODESIS
M961;SINDROME POSTLAMINECTOMIA, NO CLASIFICADO EN OTRA PARTE
M962;CIFOSIS POSTRADIACION
M963;CIFOSIS POSTLAMINECTOMIA
M964;LORDOSIS POSTQUIRURGICA
M965;ESCOLIOSIS POSTRRADIACION
M966;FRACTURA DE HUESO POSTERIOR A INSERCION O IMPLANTE ORTOPEDICO, PROTESIS ARTICULAR O PLACA OSEA
M968;OTROS TRASTORNOS OSTEOMUSCULARES CONSECUTIVOS A PROCEDIMIENTOS
M969;TRASTORNOS OSTEOMUSCULARES NO ESPECIFICADOS CONSECUTIVOS A PROCEDIMIENTOS
M99;LESIONES BIOMECANICAS, NO CLASIFICADAS EN OTRA PARTE
M990;DISFUNCION SEGMENTAL O SOMATICA
M991;COMPLEJO DE SUBLUXACION (VERTEBRAL)
M992;SUBLUXACION CON ESTENOSIS DEL CANAL NEURAL
M993;ESTENOSIS OSEA DEL CANAL NEURAL
M994;ESTENOSIS DEL CANAL NEURAL POR TEJIDO CONJUNTIVO
M995;ESTENOSIS DEL CANAL NEURAL POR DISCO INTERVERTEBRAL
M996;ESTENOSIS OSEA Y SUBLUXACION DE LOS AGUJEROS INTERVERTEBRALES
M997;ESTENOSIS DE LOS AGUJEROS INTERVERTEBRALES POR TEJIDO CONJUNTIVO O POR DISCO INTERVERTEBRAL
M998;OTRAS LESIONES BIOMECANICAS
M999;LESION BIOMECANICA, NO ESPECIFICADA
N00;SINDROME NEFRITICO AGUDO
N000;SINDROME NEFRITICO AGUDO, ANOMALIA GLOMERULAR MINIMA
N001;SINDROME NEFRITICO AGUDO, LESIONES GLOMERULARES FOCALES Y SEGMENTARIAS
N002;SINDROME NEFRITICO AGUDO, GLOMERULONEFRITIS MEMBRANOSA DIFUSA
N003;SINDROME NEFRITICO AGUDO, GLOMERULONEFRITIS PROLIFERATIVA MESANGIAL DIFUSA
N004;SINDROME NEFRITICO AGUDO, GLOMERULONEFRITIS PROLIFERATIVA ENDOCAPILAR DIFUSA
N005;SINDROME NEFRITICO AGUDO, GLOMERULONEFRITIS MESANGIOCAPILAR DIFUSA
N006;SINDROME NEFRITICO AGUDO, ENFERMEDAD POR DEPOSITOS DENSOS
N007;SINDROME NEFRITICO AGUDO, GLOMERULONEFRITIS DIFUSA EN MEDIA LUNA
N008;SINDROME NEFRITICO AGUDO, OTRAS
N009;SINDROME NEFRITICO AGUDO, NO ESPECIFICADA
N01;SINDROME NEFRITICO RAPIDAMENTE PROGRESIVO
N010;SINDROME NEFRITICO RAPIDAMENTE PROGRESIVO, ANOMALIA GLOMERULAR MINIMA
N011;SINDROME NEFRITICO RAPIDAMENTE PROGRESIVO, LESIONES GLOMERULARES FOCALES Y SEGMENTARIAS
N012;SINDROME NEFRITICO RAPIDAMENTE PROGRESIVO, GLOMERULONEFRITIS MEMBRANOSA DIFUSA
N013;SINDROME NEFRITICO RAPIDAMENTE PROGRESIVO, GLOMERULONEFRITIS PROLIFERATIVA MESANGIAL DIFUSA
N014;SINDROME NEFRITICO RAPIDAMENTE PROGRESIVO, GLOMERULONEFRITIS PROLIFERATIVA ENDOCAPILAR DIFUSA
N015;SINDROME NEFRITICO RAPIDAMENTE PROGRESIVO, GLOMERULONEFRITIS MESANGIOCAPILAR DIFUSA
N016;SINDROME NEFRITICO RAPIDAMENTE PROGRESIVO, ENFERMEDAD POR DEPOSITOS DENSOS
N017;SINDROME NEFRITICO RAPIDAMENTE PROGRESIVO, GLOMERULONEFRITIS DIFUSA EN MEDIA LUNA
N018;SINDROME NEFRITICO RAPIDAMENTE PROGRESIVO, OTRAS
N019;SINDROME NEFRITICO RAPIDAMENTE PROGRESIVO, NO ESPECIFICADA
N02;HEMATURIA RECURRENTE Y PERSISTENTE
N020;HEMATURIA RECURRENTE Y PERSISTENTE, ANOMALIA GLOMERULAR MINIMA
N021;HEMATURIA RECURRENTE Y PERSISTENTE, LESIONES GLOMERULARES FOCALES Y SEGMENTARIAS
N022;HEMATURIA RECURRENTE Y PERSISTENTE, GLOMERULONEFRITIS MEMBRANOSA DIFUSA
N023;HEMATURIA RECURRENTE Y PERSISTENTE, GLOMERULONEFRITIS PROLIFERATIVA MESANGIAL DIFUSA
N024;HEMATURIA RECURRENTE Y PERSISTENTE, GLOMERULONEFRITIS PROLIFERATIVA ENDOCAPILAR DIFUSA
N025;HEMATURIA RECURRENTE Y PERSISTENTE, GLOMERULONEFRITIS MESANGIOCAPILAR DIFUSA
N026;HEMATURIA RECURRENTE Y PERSISTENTE, ENFERMEDAD POR DEPOSITOS DENSOS
N027;HEMATURIA RECURRENTE Y PERSISTENTE, GLOMERULONEFRITIS DIFUSA EN MEDIA LUNA
N028;HEMATURIA RECURRENTE Y PERSISTENTE, OTRAS
N029;HEMATURIA RECURRENTE Y PERSISTENTE, NO ESPECIFICADA
N03;SINDROME NEFRITICO CRONICO
N030;SINDROME NEFRITICO CRONICO, ANOMALIA GLOMERULAR MINIMA
N031;SINDROME NEFRITICO CRONICO, LESIONES GLOMERULARES FOCALES Y SEGMENTARIAS
N032;SINDROME NEFRITICO CRONICO, GLOMERULONEFRITIS MEMBRANOSA DIFUSA
N033;SINDROME NEFRITICO CRONICO, GLOMERULONEFRITIS PROLIFERATIVA MESANGIAL DIFUSA
N034;SINDROME NEFRITICO CRONICO, GLOMERULONEFRITIS PROLIFERATIVA ENDOCAPILAR DIFUSA
N035;SINDROME NEFRITICO CRONICO, GLOMERULONEFRITIS MESANGIOCAPILAR DIFUSA
N036;SINDROME NEFRITICO CRONICO, ENFERMEDAD POR DEPOSITOS DENSOS
N037;SINDROME NEFRITICO CRONICO, GLOMERULONEFRITIS DIFUSA EN MEDIA LUNA
N038;SINDROME NEFRITICO CRONICO, OTRAS
N039;SINDROME NEFRITICO CRONICO, NO ESPECIFICADA
N04;SINDROME NEFROTICO
N040;SINDROME NEFROTICO, ANOMALIA GLOMERULAR MINIMA
N041;SINDROME NEFROTICO, LESIONES GLOMERULARES FOCALES Y SEGMENTARIAS
N042;SINDROME NEFROTICO, GLOMERULONEFRITIS MEMBRANOSA DIFUSA
N043;SINDROME NEFROTICO, GLOMERULONEFRITIS PROLIFERATIVA MESANGIAL DIFUSA
N044;SINDROME NEFROTICO, GLOMERULONEFRITIS PROLIFERATIVA ENDOCAPILAR DIFUSA
N045;SINDROME NEFROTICO, GLOMERULONEFRITIS MESANGIOCAPILAR DIFUSA
N046;SINDROME NEFROTICO, ENFERMEDAD POR DEPOSITOS DENSOS
N047;SINDROME NEFROTICO, GLOMERULONEFRITIS DIFUSA EN MEDIA LUNA
N048;SINDROME NEFROTICO, OTRAS
N049;SINDROME NEFROTICO, NO ESPECIFICADA
N05;SINDROME NEFRITICO NO ESPECIFICADO
N050;SINDROME NEFRITICO NO ESPECIFICADO, ANOMALIA GLOMERULAR MINIMA
N051;SINDROME NEFRITICO NO ESPECIFICADO, LESIONES GLOMERULARES FOCALES Y SEGMENTARIAS
N052;SINDROME NEFRITICO NO ESPECIFICADO, GLOMERULONEFRITIS MEMBRANOSA DIFUSA
N053;SINDROME NEFRITICO NO ESPECIFICADO, GLOMERULONEFRITIS PROLIFERATIVA MESANGIAL DIFUSA
N054;SINDROME NEFRITICO NO ESPECIFICADO, GLOMERULONEFRITIS PROLIFERATIVA ENDOCAPILAR DIFUSA
N055;SINDROME NEFRITICO NO ESPECIFICADO, GLOMERULONEFRITIS MESANGIOCAPILAR DIFUSA
N056;SINDROME NEFRITICO NO ESPECIFICADO, ENFERMEDAD POR DEPOSITOS DENSOS
N057;SINDROME NEFRITICO NO ESPECIFICADO, GLOMERULONEFRITIS DIFUSA EN MEDIA LUNA
N058;SINDROME NEFRITICO NO ESPECIFICADO, OTRAS
N059;SINDROME NEFRITICO NO ESPECIFICADA
N06;PROTEINURIA AISLADA CON LESION MORFOLOGICA ESPECIFICADA
N060;PROTEINURIA AISLADA CON LESION MORFOLOGICA ESPECIFICADA, ANOMALIA GLOMERULAR MINIMA
N061;PROTEINURIA AISLADA CON LESION MORFOLOGICA ESPECIFICADA, LESIONES GLOMERULARES FOCALES Y SEGMENTARIAS
N062;PROTEINURIA AISLADA CON LESION MORFOLOGICA ESPECIFICADA, GLOMERULONEFRITIS MEMBRANOSA DIFUSA
N063;PROTEINURIA AISLADA CON LESION MORFOLOGICA ESPECIFICADA, GLOMERULONEFRITIS PROLIFERATIVA MESANGIAL DIFUSA
N064;PROTEINURIA AISLADA CON LESION MORFOLOGICA ESPECIFICADA, GLOMERULONEFRITIS PROLIFERATIVA ENDOCAPILAR DIFUSA
N065;PROTEINURIA AISLADA CON LESION MORFOLOGICA ESPECIFICADA, GLOMERULONEFRITIS MESANGIOCAPILAR DIFUSA
N066;PROTEINURIA AISLADA CON LESION MORFOLOGICA ESPECIFICADA, ENFERMEDAD POR DEPOSITOS DENSOS
N067;PROTEINURIA AISLADA CON LESION MORFOLOGICA ESPECIFICADA, GLOMERULONEFRITIS DIFUSA EN MEDIA LUNA
N068;PROTEINURIA AISLADA CON LESION MORFOLOGICA ESPECIFICADA, OTRAS
N069;PROTEINURIA AISLADA CON LESION MORFOLOGICA ESPECIFICADA, NO ESPECIFICADA
N07;NEFROPATIA HEREDITARIA NO CLASIFICADA EN OTRA PARTE
N070;NEFROPATIA HEREDITARIA, NCOP, ANOMALIA GLOMERULAR MINIMA
N071;NEFROPATIA HEREDITARIA, NCOP, LESIONES GLOMERULARES FOCALES Y SEGMENTARIAS
N072;NEFROPATIA HEREDITARIA, NCOP, GLOMERULONEFRITIS MEMBRANOSA DIFUSA
N073;NEFROPATIA HEREDITARIA, NCOP, GLOMERULONEFRITIS PROLIFERATIVA MESANGIAL DIFUSA
N074;NEFROPATIA HEREDITARIA, NCOP, GLOMERULONEFRITIS PROLIFERATIVA ENDOCAPILAR DIFUSA
N075;NEFROPATIA HEREDITARIA, NCOP, GLOMERULONEFRITIS MESANGIOCAPILAR DIFUSA
N076;NEFROPATIA HEREDITARIA, NCOP, ENFERMEDAD POR DEPOSITOS DENSOS
N077;NEFROPATIA HEREDITARIA, NCOP, GLOMERULONEFRITIS DIFUSA EN MEDIA LUNA
N078;NEFROPATIA HEREDITARIA, NCOP, OTRAS
N079;NEFROPATIA HEREDITARIA, NCOP, NO ESPECIFICADA
N08;TRASTORNOS GLOMERULARES EN ENFERMEDADES CLASIFICADAS EN OTRA PARTE
N080;TRASTORNOS GLOMERULARES EN ENFERMEDADES INFECCIOSAS Y PARASITARIAS CLASIFICADAS EN OTRA PARTE
N081;TRASTORNOS GLOMERULARES EN ENFERMEDADES NEOPLASICAS
N082;TRASTORNOS GLOMERULARES EN ENFERMEDADES DE LA SANGRE Y OTROS TRASTORNOS QUE AFECTAN EL MECANISMO INMUNITARIO
N083;TRASTORNOS GLOMERULARES EN DIABETES MELLITUS
N084;TRASTORNOS GLOMERULARES EN OTRAS ENFERMEDADES ENDOCRINAS, NUTRICIONALES Y METABOLICAS
N085;TRASTORNOS GLOMERULARES EN TRASTORNOS SISTEMICOS DEL TEJIDO CONJUNTIVO
N088;TRASTORNOS GLOMERULARES EN OTRAS ENFERMEDADES CLASIFICADAS EN OTRA PARTE
N10X;NEFRITIS TUBULOINTERSTICIAL AGUDA
N11;NEFRITIS TUBULOINTERSTICIAL CRONICA
N110;PIELONEFRITIS CRONICA NO OBSTRUCTIVA ASOCIADA CON REFLUJO
N111;PIELONEFRITIS CRONICA OBSTRUCTIVA
N118;OTRAS NEFRITIS TUBULOINTERSTICIALES CRONICAS
N119;NEFRITIS TUBULOINTERSTICIAL CRONICA, SIN OTRA ESPECIFICACION
N12X;NEFRITIS TUBULOINTERSTICIAL, NO ESPECIFICADA COMO AGUDA O CRONICA
N13;UROPATIA OBSTRUCTIVA Y POR REFLUJO
N130;HIDRONEFROSIS CON OBSTRUCCION DE LA UNION URETERO-PELVICA
N131;HIDRONEFROSIS CON ESTRECHEZ URETERAL, NO CLASIFICADA EN OTRA PARTE
N132;HIDRONEFROSIS CON OBSTRUCCION POR CALCULOS DEL RIÑON Y DEL URETER
N133;OTRAS HIDRONEFROSIS Y LAS NO ESPECIFICADAS
N134;HIDROURETER
N135;TORSION Y ESTRECHEZ DEL URETER SIN HIDRONEFROSIS
N136;PIONEFROSIS
N137;UROPATIA ASOCIADA CON REFLUJO VESICOURETERAL
N138;OTRAS UROPATIAS OBSTRUCTIVAS Y POR REFLUJO
N139;UROPATIA OBSTRUCTIVA Y POR REFLUJO, SIN OTRA ESPECIFICACION
N14;AFECCIONES TUBULARES Y TUBULOINTERSTICIALES INDUCIDAS POR DROGAS Y POR METALES PESADOS
N140;NEFROPATIA INDUCIDA POR ANALGESICOS
N141;NEFROPATIA INDUCIDA POR OTRAS DROGAS, MEDICAMENTOS Y SUSTANCIAS BIOLOGICAS
N142;NEFROPATIA INDUCIDA POR DROGAS, MEDICAMENTOS Y SUSTANCIAS BIOLOGICAS NO ESPECIFICADAS
N143;NEFROPATIA INDUCIDA POR METALES PESADOS
N144;NEFROPATIA TOXICA, NO CLASIFICADA EN OTRA PARTE
N15;OTRAS ENFERMEDADES RENALES TUBULOINTERSTICIALES
N150;NEFROPATIA DE LOS BALCANES
N151;ABSCESO RENAL Y PERIRRENAL
N158;OTRAS ENFERMEDADES RENALES TUBULOINTERSTICIALES ESPECIFICADAS
N159;ENFERMEDAD RENAL TUBULOINTERSTICIAL, NO ESPECIFICADA
N16;TRASTORNOS RENALES TUBULOINTERSTICIALES EN ENFERMEDADES CLASIFICADAS EN OTRA PARTE
N160;TRASTORNOS RENALES TUBULOINTERSTICIALES EN ENFERMEDADES INFECCIOSAS Y PARASITARIAS CLASIFICADAS EN OTRA PARTE
N161;TRASTORNOS RENALES TUBULOINTERSTICIALES EN ENFERMEDADES NEOPLASICAS
N162;TRASTORNOS RENALES TUBULOINTERSTICIALES EN ENFERMEDADES DE LA SANGRE Y EN TRASTORNOS QUE AFECTAN EL MECANISMO INMUNITARIO
N163;TRASTORNOS RENALES TUBULOINTERSTICIALES EN ENFERMEDADES METABOLICAS
N164;TRASTORNOS RENALES TUBULOINTERSTICIALES EN ENFERMEDADES DEL TEJIDO CONJUNTIVO
N165;TRASTORNOS RENALES TUBULOINTERSTICIALES EN RECHAZO DE TRASPLANTE
N168;TRASTORNOS RENALES TUBULOINTERSTICIALES EN OTRAS ENFERMEDADES CLASIFICADAS EN OTRA PARTE
N17;INSUFICIENCIA RENAL AGUDA
N170;INSUFICIENCIA RENAL AGUDA CON NECROSIS TUBULAR
N171;INSUFICIENCIA RENAL AGUDA CON NECROSIS CORTICAL AGUDA
N172;INSUFICIENCIA RENAL AGUDA CON NECROSIS MEDULAR
N178;OTRAS INSUFICIENCIAS RENALES AGUDAS
N179;INSUFICIENCIA RENAL AGUDA, NO ESPECIFICADA
N18;ENFERMEDAD RENAL CRONICA
N180;INSUFICIENCIA RENAL TERMINAL
N181;ENFERMEDAD RENAL CRONICA, ETAPA 1
N182;ENFERMEDAD RENAL CRONICA, ETAPA 2
N183;ENFERMEDAD RENAL CRONICA, ETAPA 3
N184;ENFERMEDAD RENAL CRONICA, ETAPA 4
N185;ENFERMEDAD RENAL CRONICA, ETAPA 5
N188;OTRAS INSUFICIENCIAS RENALES CRONICAS
N189;ENFERMEDAD RENAL CRONICA, NO ESPECIFICADA
N19X;INSUFICIENCIA RENAL NO ESPECIFICADA
N20;CALCULO DEL RIÑON Y DEL URETER
N200;CALCULO DEL RIÑON
N201;CALCULO DEL URETER
N202;CALCULO DEL RIÑON CON CALCULO DEL URETER
N209;CALCULO URINARIO, NO ESPECIFICADO
N21;CALCULO DE LAS VIAS URINARIAS INFERIORES
N210;CALCULO EN LA VEJIGA
N211;CALCULO EN LA URETRA
N218;OTROS CALCULOS DE LAS VIAS URINARIAS INFERIORES
N219;CALCULO DE LAS VIAS URINARIAS INFERIORES, NO ESPECIFICADO
N22;CALCULO DE LAS VIAS URINARIAS EN ENFERMEDADES CLASIFICADAS EN OTRA PARTE
N220;LITIASIS URINARIA EN ESQUISTOSOMIASIS [BILHARZIASIS]
N228;CALCULO DE LAS VIAS URINARIAS EN OTRAS ENFERMEDADES CLASIFICADAS EN OTRA PARTE
N23X;COLICO RENAL, NO ESPECIFICADO
N25;TRASTORNOS RESULTANTES DE LA FUNCION TUBULAR RENAL ALTERADA
N250;OSTEODISTROFIA RENAL
N251;DIABETES INSIPIDA NEFROGENA
N258;OTROS TRASTORNOS RESULTANTES DE LA FUNCION TUBULAR RENAL ALTERADA
N259;TRASTORNO NO ESPECIFICADO, RESULTANTE DE LA FUNCION TUBULAR RENAL ALTERADA
N26X;RIÑON CONTRAIDO, NO ESPECIFICADO
N27;RIÑON PEQUEÑO DE CAUSA DESCONOCIDA
N270;RIÑON PEQUEÑO, UNILATERAL
N271;RIÑON PEQUEÑO, BILATERAL
N279;RIÑON PEQUEÑO, NO ESPECIFICADO
N28;OTROS TRASTORNOS DEL RIÑON Y DEL URETER, NO CLASIFICADOS EN OTRA PARTE
N280;ISQUEMIA E INFARTO DEL RIÑON
N281;QUISTE DE RIÑON, ADQUIRIDO
N288;OTROS TRASTORNOS ESPECIFICADOS DEL RIÑON Y DEL URETER
N289;TRASTORNO DEL RIÑON Y DEL URETER, NO ESPECIFICADO
N29;OTROS TRASTORNOS DEL RIÑON Y DEL URETER EN ENFERMEDADES CLASIFICADAS EN OTRA PARTE
N290;SIFILIS RENAL TARDIA
N291;OTROS TRASTORNOS DEL RIÑON Y DEL URETER EN ENFERMEDADES INFECCIOSAS Y PARASITARIAS CLASIFICADAS EN OTRA PARTE
N298;OTROS TRASTORNOS DEL RIÑON Y DEL URETER EN OTRAS ENFERMEDADES CLASIFICADAS EN OTRA PARTE
N30;CISTITIS
N300;CISTITIS AGUDA
N301;CISTITIS INTERSTICIAL (CRONICA)
N302;OTRAS CISTITIS CRONICAS
N303;TRIGONITIS
N304;CISTITIS POR IRRADIACION
N308;OTRAS CISTITIS
N309;CISTITIS, NO ESPECIFICADA
N31;DISFUNCION NEUROMUSCULAR DE LA VEJIGA, NO CLASIFICADA EN OTRA PARTE
N310;VEJIGA NEUROPATICA NO INHIBIDA, NO CLASIFICADA EN OTRA PARTE
N311;VEJIGA NEUROPATICA REFLEJA, NO CLASIFICADA EN OTRA PARTE
N312;VEJIGA NEUROPATICA FLACIDA, NO CLASIFICADA EN OTRA PARTE
N318;OTRAS DISFUNCIONES NEUROMUSCULARES DE LA VEJIGA
N319;DISFUNCION NEUROMUSCULAR DE LA VEJIGA, NO ESPECIFICADA
N32;OTROS TRASTORNOS DE LA VEJIGA
N320;OBSTRUCCION DE CUELLO DE LA VEJIGA
N321;FISTULA VESICOINTESTINAL
N322;FISTULA DE LA VEJIGA, NO CLASIFICADA EN OTRA PARTE
N323;DIVERTICULO DE LA VEJIGA
N324;RUPTURA DE LA VEJIGA, NO TRAUMATICA
N328;OTROS TRASTORNOS ESPECIFICADOS DE LA VEJIGA
N329;TRASTORNO DE LA VEJIGA, NO ESPECIFICADO
N33;TRASTORNOS DE LA VEJIGA EN ENFERMEDADES CLASIFICADAS EN OTRA PARTE
N330;CISTITIS TUBERCULOSA
N338;TRASTORNOS DE LA VEJIGA EN OTRAS ENFERMEDADES CLASIFICADAS EN OTRA PARTE
N34;URETRITIS Y SINDROME URETRAL
N340;ABSCESO URETRAL
N341;URETRITIS NO ESPECIFICA
N342;OTRAS URETRITIS
N343;SINDROME URETRAL, NO ESPECIFICADO
N35;ESTRECHEZ URETRAL
N350;ESTRECHEZ URETRAL POSTRAUMATICA
N351;ESTRECHEZ URETRAL POSTINFECCION, NO CLASIFICADA EN OTRA PARTE
N358;OTRAS ESTRECHECES URETRALES
N359;ESTRECHEZ URETRAL, NO ESPECIFICADA
N36;OTROS TRASTORNOS DE LA URETRA
N360;FISTULA DE LA URETRA
N361;DIVERTICULO DE LA URETRA
N362;CARUNCULA URETRAL
N363;PROLAPSO DE LA MUCOSA URETRAL
N368;OTROS TRASTORNOS ESPECIFICADOS DE LA URETRA
N369;TRASTORNO DE LA URETRA, NO ESPECIFICADO
N37;TRASTORNOS DE LA URETRA EN ENFERMEDADES CLASIFICADAS EN OTRA PARTE
N370;URETRITIS EN ENFERMEDADES CLASIFICADAS EN OTRA PARTE
N378;OTROS TRASTORNOS URETRALES EN ENFERMEDADES CLASIFICADAS EN OTRA PARTE
N39;OTROS TRASTORNOS DEL SISTEMA URINARIO
N390;INFECCION DE VIAS URINARIAS, SITIO NO ESPECIFICADO
N391;PROTEINURIA PERSISTENTE, NO ESPECIFICADA
N392;PROTEINURIA ORTOSTATICA, NO ESPECIFICADA
N393;INCONTINENCIA URINARIA POR TENSION
N394;OTRAS INCONTINENCIAS URINARIAS ESPECIFICADAS
N398;OTROS TRASTORNOS ESPECIFICADOS DEL SISTEMA URINARIO
N399;TRASTORNO DEL SISTEMA URINARIO, NO ESPECIFICADO
N40X;HIPERPLASIA DE LA PROSTATA
N41;ENFERMEDADES INFLAMATORIAS DE LA PROSTATA
N410;PROSTATITIS AGUDA
N411;PROSTATITIS CRONICA
N412;ABSCESO DE LA PROSTATA
N413;PROSTATOCISTITIS
N418;OTRAS ENFERMEDADES INFLAMATORIAS DE LA PROSTATA
N419;ENFERMEDAD INFLAMATORIA DE LA PROSTATA, NO ESPECIFICADA
N42;OTROS TRASTORNOS DE LA PROSTATA
N420;CALCULO DE LA PROSTATA
N421;CONGESTION Y HEMORRAGIA DE LA PROSTATA
N422;ATROFIA DE LA PROSTATA
N423;DISPLASIA DE LA PROSTATA
N428;OTROS TRASTORNOS ESPECIFICADOS DE LA PROSTATA
N429;TRASTORNO DE LA PROSTATA, NO ESPECIFICADO
N43;HIDROCELE Y ESPERMATOCELE
N430;HIDROCELE ENQUISTADO
N431;HIDROCELE INFECTADO
N432;OTROS HIDROCELES
N433;HIDROCELE, NO ESPECIFICADO
N434;ESPERMATOCELE
N44X;TORSION DEL TESTICULO
N45;ORQUITIS Y EPIDIDIMITIS
N450;ORQUITIS, EPIDIDIMITIS Y ORQUIEPIDIDIMITIS CON ABSCESO
N459;ORQUITIS, EPIDIDIMITIS Y ORQUIEPIDIDIMITIS SIN ABSCESO
N46X;ESTERILIDAD EN EL VARON
N47X;PREPUCIO REDUNDANTE, FIMOSIS Y PARAFIMOSIS
N48;OTROS TRASTORNOS DEL PENE
N480;LEUCOPLASIA DEL PENE
N481;BALANOPOSTITIS
N482;OTROS TRASTORNOS INFLAMATORIOS DEL PENE
N483;PRIAPISMO
N484;IMPOTENCIA DE ORIGEN ORGANICO
N485;ULCERA DEL PENE
N486;INDURACION PLASTICA DEL PENE
N488;OTROS TRASTORNOS ESPECIFICADOS DEL PENE
N489;TRASTORNO DEL PENE, NO ESPECIFICADO
N49;TRASTORNOS INFLAMATORIOS DE ORGANOS GENITALES MASCULINOS, NO CLASIFICADOS EN OTRA PARTE
N490;TRASTORNOS INFLAMATORIOS DE VESICULA SEMINAL
N491;TRASTORNOS INFLAMATORIOS DEL CORDON ESPERMATICO, TUNICA VAGINAL Y CONDUCTO DEFERENTE
N492;TRASTORNOS INFLAMATORIOS DEL ESCROTO
N498;OTROS TRASTORNOS INFLAMATORIOS DE LOS ORGANOS GENITALES MASCULINOS
N499;TRASTORNO INFLAMATORIO DE ORGANO GENITAL MASCULINO, NO ESPECIFICADO
N50;OTROS TRASTORNOS DE LOS ORGANOS GENITALES MASCULINOS
N500;ATROFIA DEL TESTICULO
N501;TRASTORNOS VASCULARES DE LOS ORGANOS GENITALES MASCULINOS
N508;OTROS TRASTORNOS ESPECIFICADOS DE LOS ORGANOS GENITALES MASCULINOS
N509;TRASTORNO NO ESPECIFICADO DE LOS ORGANOS GENITALES MASCULINOS
N51;TRASTORNOS DE LOS ORGANOS GENITALES MASCULINOS EN ENFERMEDADES CLASIFICADAS EN OTRA PARTE
N510;TRASTORNOS DE PROSTATA EN ENFERMEDADES CLASIFICADAS EN OTRA PARTE
N511;TRASTORNOS DEL TESTICULO Y DEL EPIDIDIMO EN ENFERMEDADES CLASIFICADAS EN OTRA PARTE
N512;BALANITIS EN ENFERMEDADES CLASIFICADAS EN OTRA PARTE
N518;OTROS TRASTORNOS DE LOS ORGANOS GENITALES MASCULINOS EN ENFERMEDADES CLASIFICADAS EN OTRA PARTE
N60;DISPLASIA MAMARIA BENIGNA
N600;QUISTE SOLITARIO DE LA MAMA
N601;MASTOPATIA QUISTICA DIFUSA
N602;FIBROADENOSIS DE MAMA
N603;FIBROESCLEROSIS DE MAMA
N604;ECTASIA DE CONDUCTO MAMARIO
N608;OTRAS DISPLASIAS MAMARIAS BENIGNAS
N609;DISPLASIA MAMARIA BENIGNA, SIN OTRA ESPECIFICACION
N61X;TRASTORNOS INFLAMATORIOS DE LA MAMA
N62X;HIPERTROFIA DE LA MAMA
N63X;MASA NO ESPECIFICADA EN LA MAMA
N64;OTROS TRASTORNOS DE LA MAMA
N640;FISURA Y FISTULA DEL PEZON
N641;NECROSIS GRASA DE LA MAMA
N642;ATROFIA DE LA MAMA
N643;GALACTORREA NO ASOCIADA CON EL PARTO
N644;MASTODINIA
N645;OTROS SIGNOS Y SINTOMAS RELATIVOS A LA MAMA
N648;OTROS TRASTORNOS ESPECIFICADOS DE LA MAMA
N649;TRASTORNO DE LA MAMA, NO ESPECIFICADO
N70;SALPINGITIS Y OOFORITIS
N700;SALPINGITIS Y OOFORITIS AGUDA
N701;SALPINGITIS Y OOFORITIS CRONICA
N709;SALPINGITIS Y OOFORITIS, NO ESPECIFICADAS
N71;ENFERMEDAD INFLAMATORIA DEL UTERO, EXCEPTO DEL CUELLO UTERINO
N710;ENFERMEDAD INFLAMATORIA AGUDA DEL UTERO
N711;ENFERMEDAD INFLAMATORIA CRONICA DEL UTERO
N719;ENFERMEDAD INFLAMATORIA DEL UTERO, NO ESPECIFICADA
N72X;ENFERMEDAD INFLAMATORIA DEL CUELLO UTERINO
N73;OTRAS ENFERMEDADES PELVICAS INFLAMATORIAS FEMENINAS
N730;PARAMETRITIS Y CELULITIS PELVICA AGUDA
N731;PARAMETRITIS Y CELULITIS PELVICA CRONICA
N732;PARAMETRITIS Y CELULITIS PELVICA NO ESPECIFICADA
N733;PERITONITIS PELVICA AGUDA, FEMENINA
N734;PERITONITIS PELVICA CRONICA, FEMENINA
N735;PERITONITIS PELVICA FEMENINA, NO ESPECIFICADA
N736;ADHERENCIAS PERITONEALES PELVICAS FEMENINAS
N738;OTRAS ENFERMEDADES INFLAMATORIAS PELVICAS FEMENINAS
N739;ENFERMEDAD INFLAMATORIA PELVICA FEMENINA, NO ESPECIFICADA
N74;TRASTORNOS INFLAMATORIOS DE LA PELVIS FEMENINA EN ENFERMEDADES CLASIFICADAS EN OTRA PARTE
N740;INFECCION TUBERCULOSA DEL CUELLO DEL UTERO
N741;ENFERMEDAD INFLAMATORIA PELVICA FEMENINA POR TUBERCULOSIS
N742;ENFERMEDAD INFLAMATORIA PELVICA FEMENINA POR SIFILIS
N743;ENFERMEDAD INFLAMATORIA PELVICA FEMENINA POR GONOCOCOS
N744;ENFERMEDAD INFLAMATORIA PELVICA FEMENINA POR CLAMIDIAS
N748;TRASTORNOS INFLAMATORIOS PELVICOS FEMENINOS EN OTRAS ENFERMEDADES CLASIFICADAS EN OTRA PARTE
N75;ENFERMEDADES DE LA GLANDULA DE BARTHOLIN
N750;QUISTE DE LA GLANDULA DE BARTHOLIN
N751;ABSCESO DE LA GLANDULA DE BARTHOLIN
N758;OTRAS ENFERMEDADES DE LA GLANDULA DE BARTHOLIN
N759;ENFERMEDAD DE LA GLANDULA DE BARTHOLIN, NO ESPECIFICADA
N76;OTRAS AFECCIONES INFLAMATORIAS DE LA VAGINA Y DE LA VULVA
N760;VAGINITIS AGUDA
N761;VAGINITIS SUBAGUDA Y CRONICA
N762;VULVITIS AGUDA
N763;VULVITIS SUBAGUDA Y CRONICA
N764;ABSCESO VULVAR
N765;ULCERACION DE LA VAGINA
N766;ULCERACION DE LA VULVA
N768;OTRAS INFLAMACIONES ESPECIFICADAS DE LA VAGINA Y DE LA VULVA
N77;ULCERACION E INFLAMACION VULVOVAGINAL EN ENFERMEDADES CLASIFICADAS EN OTRA PARTE
N770;ULCERACION DE LA VULVA EN ENFERMEDADES INFECCIOSAS Y PARASITARIAS CLASIFICADAS EN OTRA PARTE
N771;VAGINITIS, VULVITIS Y VULVOVAGINITIS EN ENFERMEDADES INFECCIOSAS Y PARASITARIAS CLASIFICADAS EN OTRA PARTE
N778;ULCERACION E INFLAMACION VULVOVAGINAL EN OTRAS ENFERMEDADES CLASIFICADAS EN OTRA PARTE
N80;ENDOMETRIOSIS
N800;ENDOMETRIOSIS DEL UTERO
N801;ENDOMETRIOSIS DEL OVARIO
N802;ENDOMETRIOSIS DE LA TROMPA DE FALOPIO
N803;ENDOMETRIOSIS DEL PERITONEO PELVICO
N804;ENDOMETRIOSIS DEL TABIQUE RECTOVAGINAL Y DE LA VAGINA
N805;ENDOMETRIOSIS DEL INTESTINO
N806;ENDOMETRIOSIS EN CICATRIZ CUTANEA
N808;OTRAS ENDOMETRIOSIS
N809;ENDOMETRIOSIS, NO ESPECIFICADA
N81;PROLAPSO GENITAL FEMENINO
N810;URETROCELE FEMENINO
N811;CISTOCELE
N812;PROLAPSO UTEROVAGINAL INCOMPLETO
N813;PROLAPSO UTEROVAGINAL COMPLETO
N814;PROLAPSO UTEROVAGINAL, SIN OTRA ESPECIFICACION
N815;ENTEROCELE VAGINAL
N816;RECTOCELE
N818;OTROS PROLAPSOS GENITALES FEMENINOS
N819;PROLAPSO GENITAL FEMENINO, NO ESPECIFICADO
N82;FISTULAS QUE AFECTAN EL TRACTO GENITAL FEMENINO
N820;FISTULA VESICOVAGINAL
N821;OTRAS FISTULAS DE LAS VIAS GENITOURINARIAS FEMENINAS
N822;FISTULA DE LA VAGINA AL INTESTINO DELGADO
N823;FISTULA DE LA VAGINA AL INTESTINO GRUESO
N824;OTRAS FISTULAS DEL TRACTO GENITAL FEMENINO AL TRACTO INTESTINAL
N825;FISTULA DEL TRACTO GENITAL FEMENINO A LA PIEL
N828;OTRAS FISTULAS DEL TRACTO GENITAL FEMENINO
N829;FISTULA DEL TRACTO GENITAL FEMENINO, SIN OTRA ESPECIFICACION
N83;TRATORNOS NO INFLAMATORIOS DEL OVARIO, DE LA TROMPA DE FALOPIO Y DEL LIGAMENTO ANCHO
N830;QUISTE FOLICULAR DEL OVARIO
N831;QUISTE DEL CUERPO AMARILLO
N832;OTROS QUISTES OVARICOS Y LOS NO ESPECIFICADOS
N833;ATROFIA ADQUIRIDA DEL OVARIO Y DE LA TROMPA DE FALOPIO
N834;PROLAPSO Y HERNIA DEL OVARIO Y DE LA TROMPA DE FALOPIO
N835;TORSION DE OVARIO, PEDICULO DE OVARIO Y TROMPA DE FALOPIO
N836;HEMATOSALPINX
N837;HEMATOMA DEL LIGAMENTO ANCHO
N838;OTROS TRASTORNOS NO INFLAMATORIOS DEL OVARIO, DE LA TROMPA DE FALOPIO Y DEL LIGAMENTO ANCHO
N839;ENFERMEDAD NO INFLAMATORIA DEL OVARIO, DE LA TROMPA DE FALOPIO Y DEL LIGAMENTO ANCHO, NO ESPECIFICADA
N84;POLIPO DEL TRACTO GENITAL FEMENINO
N840;POLIPO DEL CUERPO DEL UTERO
N841;POLIPO DEL CUELLO DEL UTERO
N842;POLIPO DE LA VAGINA
N843;POLIPO DE LA VULVA
N848;POLIPOS DE OTRAS PARTES DEL TRACTO GENITAL FEMENINO
N849;POLIPO DEL TRACTO GENITAL FEMENINO, NO ESPECIFICADO
N85;OTROS TRASTORNOS NO INFLAMATORIOS DEL UTERO, EXCEPTO DEL CUELLO
N850;HIPERPLASIA DE GLANDULA DEL ENDOMETRIO
N851;HIPERPLASIA ADENOMATOSA DEL ENDOMETRIO
N852;HIPERTROFIA DEL UTERO
N853;SUBINVOLUCION DEL UTERO
N854;MALA POSICION DEL UTERO
N855;INVERSION DEL UTERO
N856;SINEQUIAS INTRAUTERINAS
N857;HEMATOMETRA
N858;OTROS TRASTORNOS NO INFLAMATORIOS ESPECIFICADOS DEL UTERO
N859;TRASTORNO NO INFLAMATORIO DEL UTERO, NO ESPECIFICADO
N86X;EROSION Y ECTROPION DEL CUELLO DEL UTERO
N87;DISPLASIA DEL CUELLO UTERINO
N870;DISPLASIA CERVICAL LEVE
N871;DISPLASIA CERVICAL MODERADA
N872;DISPLASIA CERVICAL SEVERA, NO CLASIFICADA EN OTRA PARTE
N879;DISPLASIA DEL CUELLO DEL UTERO, NO ESPECIFICADA
N88;OTROS TRASTORNOS NO INFLAMATORIOS DEL CUELLO DEL UTERO
N880;LEUCOPLASIA DEL CUELLO DEL UTERO
N881;LACERACION ANTIGUA DEL CUELLO DEL UTERO
N882;ESTRECHEZ Y ESTENOSIS DEL CUELLO DEL UTERO
N883;INCOMPETENCIA DEL CUELLO DEL UTERO
N884;ELONGACION HIPERTROFICA DEL CUELLO DEL UTERO
N888;OTROS TRASTORNOS NO INFLAMATORIOS ESPECIFICADOS DEL CUELLO DEL UTERO
N889;TRASTORNO NO INFLAMATORIO DEL CUELLO DEL UTERO, NO ESPECIFICADO
N89;OTROS TRASTORNOS NO INFLAMATORIOS DE LA VAGINA
N890;DISPLASIA VAGINAL LEVE
N891;DISPLASIA VAGINAL MODERADA
N892;DISPLASIA VAGINAL SEVERA, NO CLASIFICADA EN OTRA PARTE
N893;DISPLASIA DE LA VAGINA, NO ESPECIFICADA
N894;LEUCOPLASIA DE LA VAGINA
N895;ESTRECHEZ Y ATRESIA DE LA VAGINA
N896;ANILLO DE HIMEN ESTRECHO
N897;HEMATOCOLPOS
N898;OTROS TRASTORNOS ESPECIFICADOS NO INFLAMATORIOS DE LA VAGINA
N899;TRASTORNO NO INFLAMATORIO DE LA VAGINA, NO ESPECIFICADO
N90;OTROS TRASTORNOS NO INFLAMATORIOS DE LA VULVA Y DEL PERINEO
N900;DISPLASIA VULVAR LEVE
N901;DISPLASIA VULVAR MODERADA
N902;DISPLASIA VULVAR SEVERA, NO CLASIFICADA EN OTRA PARTE
N903;DISPLASIA DE LA VULVA, NO ESPECIFICADA
N904;LEUCOPLASIA DE LA VULVA
N905;ATROFIA DE LA VULVA
N906;HIPERTROFIA DE LA VULVA
N907;QUISTE DE LA VULVA
N908;OTROS TRASTORNOS NO INFLAMATORIOS ESPECIFICADOS DE LA VULVA Y DEL PERINEO
N909;TRASTORNO NO INFLAMATORIO DE LA VULVA Y DEL PERINEO, NO ESPECIFICADO
N91;MENSTRUACION AUSENTE, ESCASA O RARA
N910;AMENORREA PRIMARIA
N911;AMENORREA SECUNDARIA
N912;AMENORREA, SIN OTRA ESPECIFICACION
N913;OLIGOMENORREA PRIMARIA
N914;OLIGOMENORREA SECUNDARIA
N915;OLIGOMENORREA, NO ESPECIFICADA
N92;MENSTRUACION EXCESIVA, FRECUENTE E IRREGULAR
N920;MENSTRUACION EXCESIVA Y FRECUENTE CON CICLO REGULAR
N921;MENSTRUACION EXCESIVA Y FRECUENTE CON CICLO IRREGULAR
N922;MENSTRUACION EXCESIVA EN LA PUBERTAD
N923;HEMORRAGIA POR OVULACION
N924;HEMORRAGIA EXCESIVA EN PERIODO PREMENOPAUSICO
N925;OTRAS MENSTRUACIONES IRREGULARES ESPECIFICADAS
N926;MENSTRUACION IRREGULAR, NO ESPECIFICADA
N93;OTRAS HEMORRAGIAS UTERINAS O VAGINALES ANORMALES
N930;HEMORRAGIA POSTCOITO Y POSTCONTACTO
N938;OTRAS HEMORRAGIAS UTERINAS O VAGINALES ANORMALES ESPECIFICADAS
N939;HEMORRAGIA VAGINAL Y UTERINA ANORMAL, NO ESPECIFICADA
N94;DOLOR Y OTRAS AFECCIONES RELACIONADAS CON LOS ORGANOS GENITALES FEMENINOS Y CON EL CICLO MENSTRUAL
N940;DOLOR INTERMENSTRUAL
N941;DISPAREUNIA
N942;VAGINISMO
N943;SINDROME DE TENSION PREMENSTRUAL
N944;DISMENORREA PRIMARIA
N945;DISMENORREA SECUNDARIA
N946;DISMENORREA, NO ESPECIFICADA
N948;OTRAS AFECCIONES ESPECIFICADAS ASOCIADAS CON LOS ORGANOS GENITALES FEMENINOS Y EL CICLO MENSTRUAL
N949;AFECCIONES NO ESPECIFICADAS ASOCIADAS CON LOS ORGANOS GENITALES FEMENINOS Y EL CICLO MENSTRUAL
N95;OTROS TRASTORNOS MENOPAUSICOS Y PERIMENOPAUSICOS
N950;HEMORRAGIA POSTMENOPAUSICA
N951;ESTADOS MENOPAUSICOS Y CLIMATERICOS FEMENINOS
N952;VAGINITIS ATROFICA POSTMENOPAUSICA
N953;ESTADOS ASOCIADOS CON MENOPAUSIA ARTIFICIAL
N958;OTROS TRASTORNOS MENOPAUSICOS Y PERIMENOPAUSICOS ESPECIFICADOS
N959;TRASTORNO MENOPAUSICO Y PERIMENOPAUSICO, NO ESPECIFICADO
N96X;ABORTADORA HABITUAL
N97;INFERTILIDAD FEMENINA
N970;INFERTILIDAD FEMENINA ASOCIADA CON FALTA DE OVULACION
N971;INFERTILIDAD FEMENINA DE ORIGEN TUBARICO
N972;INFERTILIDAD FEMENINA DE ORIGEN UTERINO
N973;INFERTILIDAD FEMENINA DE ORIGEN CERVICAL
N974;INFERTILIDAD FEMENINA ASOCIADA CON FACTORES MASCULINOS
N978;INFERTILIDAD FEMENINA DE OTRO ORIGEN
N979;INFERTILIDAD FEMENINA, NO ESPECIFICADA
N98;COMPLICACIONES ASOCIADAS CON LA FECUNDACION ARTIFICIAL
N980;INFECCION ASOCIADA CON INSEMINACION ARTIFICIAL
N981;HIPERESTIMULACION DE OVARIOS
N982;COMPLICACIONES EN EL INTENTO DE INTRODUCCION DEL HUEVO FECUNDADO EN LA FERTILIZACION IN VITRO
N983;COMPLICACIONES EN EL INTENTO DE INTRODUCCION DEL EMBRION EN LA TRANSFERENCIA DE EMBRIONES
N988;OTRAS COMPLICACIONES ASOCIADAS CON LA FECUNDACION ARTIFICIAL
N989;COMPLICACION NO ESPECIFICADA ASOCIADA CON LA FECUNDACION ARTIFICIAL
N99;TRASTORNOS DEL SISTEMA GENITOURINARIO CONSECUTIVOS A PROCEDIMIENTOS NO CLASIFICADOS EN OTRA PARTE
N990;INSUFICIENCIA RENAL CONSECUTIVA A PROCEDIMIENTOS
N991;ESTRECHEZ URETRAL CONSECUTIVA A PROCEDIMIENTOS
N992;ADHERENCIAS POSTOPERATORIAS DE LA VAGINA
N993;PROLAPSO DE LA CUPULA VAGINAL DESPUES DE HISTERECTOMIA
N994;ADHERENCIAS PERITONEALES PELVICAS CONSECUTIVAS A PROCEDIMIENTOS
N995;MAL FUNCIONAMIENTO DE ESTOMA EXTERNO DE VIAS URINARIAS
N998;OTROS TRASTORNOS DEL SISTEMA GENITOURINARIO CONSECUTIVOS A PROCEDIMIENTOS
N999;TRASTORNO NO ESPECIFICADO DEL SISTEMA GENITOURINARIO CONSECUTIVO A PROCEDIMIENTOS
O00;EMBARAZO ECTOPICO
O000;EMBARAZO ABDOMINAL
O001;EMBARAZO TUBARICO
O002;EMBARAZO OVARICO
O008;OTROS EMBARAZOS ECTOPICOS
O009;EMBARAZO ECTOPICO, NO ESPECIFICADO
O01;MOLA HIDATIFORME
O010;MOLA HIDATIFORME CLASICA
O011;MOLA HIDATIFORME, INCOMPLETA O PARCIAL
O019;MOLA HIDATIFORME, NO ESPECIFICADA
O02;OTROS PRODUCTOS ANORMALES DE LA CONCEPCION
O020;DETENCION DEL DESARROLLO DEL HUEVO Y MOLA NO HIDATIFORME
O021;ABORTO RETENIDO
O028;OTROS PRODUCTOS ANORMALES ESPECIFICADOS DE LA CONCEPCION
O029;PRODUCTO ANORMAL DE LA CONCEPCION, NO ESPECIFICADO
O03;ABORTO ESPONTANEO
O030;ABORTO ESPONTANEO INCOMPLETO, COMPLICADO CON INFECCION GENITAL Y PELVIANA
O031;ABORTO ESPONTANEO INCOMPLETO, COMPLICADO POR HEMORRAGIA EXCESIVA O TARDIA
O032;ABORTO ESPONTANEO INCOMPLETO, COMPLICADO POR EMBOLIA
O033;ABORTO ESPONTANEO INCOMPLETO, CON OTRAS COMPLICACIONES ESPECIFICADAS Y LAS NO ESPECIFICADAS
O034;ABORTO ESPONTANEO INCOMPLETO, SIN COMPLICACION
O035;ABORTO ESPONTANEO COMPLETO O NO ESPECIFICADO, COMPLICADO CON INFECCION GENITAL Y PELVIANA
O036;ABORTO ESPONTANEO COMPLETO O NO ESPECIFICADO, COMPLICADO POR HEMORRAGIA EXCESIVA O TARDIA
O037;ABORTO ESPONTANEO COMPLETO O NO ESPECIFICADO, COMPLICADO POR EMBOLIA
O038;ABORTO ESPONTANEO COMPLETO O NO ESPECIFICADO, CON OTRAS COMPLICACIONES ESPECIFICADAS Y LAS NO ESPECIFICADAS
O039;ABORTO ESPONTANEO COMPLETO O NO ESPECIFICADO, SIN COMPLICACION
O04;ABORTO MEDICO
O040;ABORTO MEDICO INCOMPLETO, COMPLICADO CON INFECCION GENITAL Y PELVIANA
O041;ABORTO MEDICO INCOMPLETO, COMPLICADO POR HEMORRAGIA EXCESIVA O TARDIA
O042;ABORTO MEDICO INCOMPLETO, COMPLICADO POR EMBOLIA
O043;ABORTO MEDICO INCOMPLETO, CON OTRAS COMPLICACIONES ESPECIFICADAS Y LAS NO ESPECIFICADAS
O044;ABORTO MEDICO INCOMPLETO, SIN COMPLICACION
O045;ABORTO MEDICO COMPLETO O NO ESPECIFICADO, COMPLICADO CON INFECCION GENITAL Y PELVIANA
O046;ABORTO MEDICO COMPLETO O NO ESPECIFICADO, COMPLICADO POR HEMORRAGIA EXCESIVA O TARDIA
O047;ABORTO MEDICO COMPLETO O NO ESPECIFICADO, COMPLICADO POR EMBOLIA
O048;ABORTO MEDICO COMPLETO O NO ESPECIFICADO, CON OTRAS COMPLICACIONES ESPECIFICADAS Y LAS NO ESPECIFICADAS
O049;ABORTO MEDICO COMPLETO O NO ESPECIFICADO, SIN COMPLICACION
O05;OTRO ABORTO
O050;OTRO ABORTO INCOMPLETO, COMPLICADO CON INFECCION GENITAL Y PELVIANA
O051;OTRO ABORTO INCOMPLETO, COMPLICADO POR HEMORRAGIA EXCESIVA O TARDIA
O052;OTRO ABORTO INCOMPLETO, COMPLICADO POR EMBOLIA
O053;OTRO ABORTO INCOMPLETO, CON OTRAS COMPLICACIONES ESPECIFICADAS Y LAS NO ESPECIFICADAS
O054;OTRO ABORTO INCOMPLETO, SIN COMPLICACION
O055;OTRO ABORTO COMPLETO O NO ESPECIFICADO, COMPLICADO CON INFECCION GENITAL Y PELVIANA
O056;OTRO ABORTO COMPLETO O NO ESPECIFICADO, COMPLICADO POR HEMORRAGIA EXCESIVA O TARDIA
O057;OTRO ABORTO COMPLETO O NO ESPECIFICADO, COMPLICADO POR EMBOLIA
O058;OTRO ABORTO COMPLETO O NO ESPECIFICADO, CON OTRAS COMPLICACIONES ESPECIFICADAS Y LAS NO ESPECIFICADAS
O059;OTRO ABORTO COMPLETO O NO ESPECIFICADO, SIN COMPLICACION
O06;ABORTO NO ESPECIFICADO
O060;ABORTO NO ESPECIFICADO INCOMPLETO, COMPLICADO CON INFECCION GENITAL Y PELVIANA
O061;ABORTO NO ESPECIFICADO INCOMPLETO, COMPLICADO POR HEMORRAGIA EXCESIVA O TARDIA
O062;ABORTO NO ESPECIFICADO INCOMPLETO, COMPLICADO POR EMBOLIA
O063;ABORTO NO ESPECIFICADO INCOMPLETO, CON OTRAS COMPLICACIONES ESPECIFICADAS Y LAS NO ESPECIFICADAS
O064;ABORTO NO ESPECIFICADO INCOMPLETO, SIN COMPLICACION
O065;ABORTO NO ESPECIFICADO COMPLETO O NO ESPECIFICADO, COMPLICADO CON INFECCION GENITAL Y PELVIANA
O066;ABORTO NO ESPECIFICADO COMPLETO O NO ESPECIFICADO, COMPLICADO POR HEMORRAGIA EXCESIVA O TARDIA
O067;ABORTO NO ESPECIFICADO COMPLETO O NO ESPECIFICADO, COMPLICADO POR EMBOLIA
O068;ABORTO NO ESPECIFICADO COMPLETO O NO ESPECIFICADO, CON OTRAS COMPLICACIONES ESPECIFICADAS Y LAS NO ESPECIFICADAS
O069;ABORTO NO ESPECIFICADO COMPLETO O NO ESPECIFICADO, SIN COMPLICACION
O07;INTENTO FALLIDO DE ABORTO
O070;FALLA DE LA INDUCCION MEDICA DEL ABORTO, COMPLICADO POR INFECCION GENITAL Y PELVIANA
O071;FALLA DE LA INDUCCION MEDICA DEL ABORTO, COMPLICADO POR HEMORRAGIA EXCESIVA O TARDIA
O072;FALLA DE LA INDUCCION MEDICA DEL ABORTO, COMPLICADO POR EMBOLIA
O073;FALLA DE LA INDUCCION MEDICA DEL ABORTO, CON OTRAS COMPLICACIONES Y LAS NO ESPECIFICADAS
O074;FALLA DE LA INDUCCION MEDICA DEL ABORTO, SIN COMPLICACION
O075;OTROS INTENTOS FALLIDOS DE ABORTO Y LOS NO ESPECIFICADOS, COMPLICADOS POR INFECCION GENITAL Y PELVIANA
O076;OTROS INTENTOS FALLIDOS DE ABORTO Y LOS NO ESPECIFICADOS, COMPLICADOS POR HEMORRAGIA EXCESIVA O TARDIA
O077;OTROS INTENTOS FALLIDOS DE ABORTO Y LOS NO ESPECIFICADOS, COMPLICADOS POR EMBOLIA
O078;OTROS INTENTOS FALLIDOS DE ABORTO Y LOS NO ESPECIFICADOS, CON OTRAS COMPLICACIONES Y LAS NO ESPECIFICADAS
O079;OTROS INTENTOS FALLIDOS DE ABORTO Y LOS NO ESPECIFICADOS, SIN COMPLICACION
O08;COMPLICACIONES CONSECUTIVAS AL ABORTO, AL EMBARAZO ECTOPICO Y AL EMBARAZO MOLAR
O080;INFECCION GENITAL Y PELVIANA CONSECUTIVA AL ABORTO, AL EMBARAZO ECTOPICO Y AL EMBARAZO MOLAR
O081;HEMORRAGIA EXCESIVA O TARDIA CONSECUTIVA AL ABORTO, AL EMBARAZO ECTOPICO Y AL EMBARAZO MOLAR
O082;EMBOLIA CONSECUTIVA AL ABORTO, AL EMBARAZO ECTOPICO Y AL EMBARAZO MOLAR
O083;CHOQUE CONSECUTIVO AL ABORTO, AL EMBARAZO ECTOPICO Y AL EMBARAZO MOLAR
O084;INSUFICIENCIA RENAL CONSECUTIVA AL ABORTO, AL EMBARAZO ECTOPICO Y AL EMBARAZO MOLAR
O085;TRASTORNO METABOLICO CONSECUTIVO AL ABORTO, AL EMBARAZO ECTOPICO Y AL EMBARAZO MOLAR
O086;LESION DE ORGANOS O TEJIDOS DE LA PELVIS CONSECUTIVO AL ABORTO, AL EMBARAZO ECTOPICO Y AL EMBARAZO MOLAR
O087;OTRAS COMPLICACIONES VENOSAS CONSECUTIVAS AL ABORTO, AL EMBARAZO ECTOPICO Y AL EMBARAZO MOLAR
O088;OTRAS COMPLICACIONES CONSECUTIVAS AL ABORTO, AL EMBARAZO ECTOPICO Y AL EMBARAZO MOLAR
O089;COMPLICACION NO ESPECIFICADA CONSECUTIVA AL ABORTO, AL EMBARAZO ECTOPICO Y AL EMBARAZO MOLAR
O10;HIPERTENSION PREEXISTENTE QUE COMPLICA EL EMBARAZO, EL PARTO Y EL PUERPERIO
O100;HIPERTENSION ESENCIAL PREEXISTENTE QUE COMPLICA EL EMBARAZO, EL PARTO Y EL PUERPERIO
O101;ENFERMEDAD CARDIACA HIPERTENSIVA PREEXISTENTE QUE COMPLICA EL EMBARAZO, EL PARTO Y EL PUERPERIO
O102;ENFERMEDAD RENAL HIPERTENSIVA PREEXISTENTE QUE COMPLICA EL EMBARAZO, EL PARTO Y EL PUERPERIO
O103;ENFERMEDAD CARDIORRENAL HIPERTENSIVA PREEXISTENTE QUE COMPLICA EL EMBARAZO, EL PARTO Y EL PUERPERIO
O104;HIPERTENSION SECUNDARIA PREEXISTENTE QUE COMPLICA EL EMBARAZO, EL PARTO Y EL PUERPERIO
O109;HIPERTENSION PREEXISTENTE NO ESPECIFICADA, QUE COMPLICA EL EMBARAZO, EL PARTO Y EL PUERPERIO
O11X;PREECLAMPSIA SUPERPUESTA EN HIPERTENSION CRONICA
O12;EDEMA Y PROTEINURIA GESTACIONALES [INDUCIDOS POR EL EMBARAZO] SIN HIPERTENSION
O120;EDEMA GESTACIONAL
O121;PROTEINURIA GESTACIONAL
O122;EDEMA GESTACIONAL CON PROTEINURIA
O13X;HIPERTENSION GESTACIONAL [INDUCIDA POR EL EMBARAZO]
O14;PREECLAMPSIA
O140;PREECLAMPSIA LEVE A MODERADA
O141;PREECLAMPSIA SEVERA
O142;SINDROME HELLP
O149;PREECLAMPSIA, NO ESPECIFICADA
O15;ECLAMPSIA
O150;ECLAMPSIA EN EL EMBARAZO
O151;ECLAMPSIA DURANTE EL TRABAJO DE PARTO
O152;ECLAMPSIA EN EL PUERPERIO
O159;ECLAMPSIA, EN PERIODO NO ESPECIFICADO
O16X;HIPERTENSION MATERNA, NO ESPECIFICADA
O20;HEMORRAGIA PRECOZ DEL EMBARAZO
O200;AMENAZA DE ABORTO
O208;OTRAS HEMORRAGIAS PRECOCES DEL EMBARAZO
O209;HEMORRAGIA PRECOZ DEL EMBARAZO, SIN OTRA ESPECIFICACION
O21;VOMITOS EXCESIVOS DEL EMBARAZO
O210;HIPEREMESIS GRAVIDICA LEVE
O211;HIPEREMESIS GRAVIDICA CON TRASTORNOS METABOLICOS
O212;HIPEREMESIS GRAVIDICA TARDIA
O218;OTROS VOMITOS QUE COMPLICAN EL EMBARAZO
O219;VOMITOS DEL EMBARAZO, NO ESPECIFICADOS
O22;COMPLICACIONES VENOSAS Y HEMORROIDES EN EL EMBARAZO
O220;VENAS VARICOSAS DE LOS MIEMBROS INFERIORES EN EL EMBARAZO
O221;VARICES GENITALES EN EL EMBARAZO
O222;TROMBOFLEBITIS SUPERFICIAL EN EL EMBARAZO
O223;FLEBOTROMBOSIS PROFUNDA EN EL EMBARAZO
O224;HEMORROIDES EN EL EMBARAZO
O225;TROMBOSIS VENOSA CEREBRAL EN EL EMBARAZO
O228;OTRAS COMPLICACIONES VENOSAS EN EL EMBARAZO
O229;COMPLICACION VENOSA NO ESPECIFICADA EN EL EMBARAZO
O23;INFECCION DE LAS VIAS GENITOURINARIAS EN EL EMBARAZO
O230;INFECCION DEL RIÑON EN EL EMBARAZO
O231;INFECCION DE LA VEJIGA URINARIA EN EL EMBARAZO
O232;INFECCION DE LA URETRA EN EL EMBARAZO
O233;INFECCION DE OTRAS PARTES DE LAS VIAS URINARIAS EN EL EMBARAZO
O234;INFECCION NO ESPECIFICADA DE LAS VIAS URINARIAS EN EL EMBARAZO
O235;INFECCION GENITAL EN EL EMBARAZO
O239;OTRAS INFECCIONES Y LAS NO ESPECIFICADAS DE LAS VIAS GENITOURINARIAS EN EL EMBARAZO
O24;DIABETES MELLITUS EN EL EMBARAZO
O240;DIABETES MELLITUS PREEXISTENTE TIPO 1, EN EL EMBARAZO
O241;DIABETES MELLITUS PREEXISTENTE TIPO 2, EN EL EMBARAZO
O242;DIABETES MELLITUS PREEXISTENTE RELACIONADA CON DESNUTRICION, EN EL EMBARAZO
O243;DIABETES MELLITUS PREEXISTENTE, SIN OTRA ESPECIFICACION, EN EL EMBARAZO
O244;DIABETES MELLITUS QUE SE ORIGINA CON EL EMBARAZO
O249;DIABETES MELLITUS NO ESPECIFICADA, EN EL EMBARAZO
O25X;DESNUTRICION EN EL EMBARAZO
O26;ATENCION A LA MADRE POR OTRAS COMPLICACIONES PRINCIPALMENTE RELACIONADAS CON EL EMBARAZO
O260;AUMENTO EXCESIVO DE PESO EN EL EMBARAZO
O261;AUMENTO PEQUEÑO DE PESO EN EL EMBARAZO
O262;ATENCION DEL EMBARAZO EN UNA ABORTADORA HABITUAL
O263;RETENCION DE DISPOSITIVO ANTICONCEPTIVO INTRAUTERINO EN EL EMBARAZO
O264;HERPES GESTACIONAL
O265;SINDROME DE HIPOTENSION MATERNA
O266;TRASTORNOS DEL HIGADO EN EL EMBARAZO, EL PARTO Y EL PUERPERIO
O267;SUBLUXACION DE LA SINFISIS (DEL PUBIS) EN EL EMBARAZO, EL PARTO Y EL PUERPERIO
O268;OTRAS COMPLICACIONES ESPECIFICADAS RELACIONADAS CON EL EMBARAZO
O269;COMPLICACION RELACIONADA CON EL EMBARAZO, NO ESPECIFICADA
O28;HALLAZGOS ANORMALES EN EL EXAMEN PRENATAL DE LA MADRE
O280;HALLAZGO HEMATOLOGICO ANORMAL EN EL EXAMEN PRENATAL DE LA MADRE
O281;HALLAZGO BIOQUIMICO ANORMAL EN EL EXAMEN PRENATAL DE LA MADRE
O282;HALLAZGO CITOLOGICO ANORMAL EN EL EXAMEN PRENATAL DE LA MADRE
O283;HALLAZGO ULTRASONICO ANORMAL EN EL EXAMEN PRENATAL DE LA MADRE
O284;HALLAZGO RADIOLOGICO ANORMAL EN EL EXAMEN PRENATAL DE LA MADRE
O285;HALLAZGO CROMOSOMICO O GENETICO ANORMAL EN EL EXAMEN PRENATAL DE LA MADRE
O288;OTROS HALLAZGOS ANORMALES EN EL EXAMEN PRENATAL DE LA MADRE
O289;HALLAZGO ANORMAL NO ESPECIFICADO EN EL EXAMEN PRENATAL DE LA MADRE
O29;COMPLICACIONES DE LA ANESTESIA ADMINISTRADA DURANTE EL EMBARAZO
O290;COMPLICACIONES PULMONARES DE LA ANESTESIA ADMINISTRADA DURANTE EL EMBARAZO
O291;COMPLICACIONES CARDIACAS DE LA ANESTESIA ADMINISTRADA DURANTE EL EMBARAZO
O292;COMPLICACIONES DEL SISTEMA NERVIOSO CENTRAL DEBIDAS A LA ANESTESIA ADMINISTRADA DURANTE EL EMBARAZO
O293;REACCION TOXICA A LA ANESTESIA LOCAL ADMINISTRADA DURANTE EL EMBARAZO
O294;CEFALALGIA INDUCIDA POR LA ANESTESIA ESPINAL O EPIDURAL ADMINISTRADAS DURANTE EL EMBARAZO
O295;OTRAS COMPLICACIONES DE LA ANESTESIA ESPINAL O EPIDURAL ADMINISTRADAS DURANTE EL EMBARAZO
O296;FALLA O DIFICULTAD EN LA INTUBACION DURANTE EL EMBARAZO
O298;OTRAS COMPLICACIONES DE LA ANESTESIA ADMINISTRADA DURANTE EL EMBARAZO
O299;COMPLICACION NO ESPECIFICADA DE LA ANESTESIA ADMINISTRADA DURANTE EL EMBARAZO
O30;EMBARAZO MULTIPLE
O300;EMBARAZO DOBLE
O301;EMBARAZO TRIPLE
O302;EMBARAZO CUADRUPLE
O308;OTROS EMBARAZOS MULTIPLES
O309;EMBARAZO MULTIPLE, NO ESPECIFICADO
O31;COMPLICACIONES ESPECIFICAS DEL EMBARAZO MULTIPLE
O310;FETO PAPIRACEO
O311;EMBARAZO QUE CONTINUA DESPUES DEL ABORTO DE UN FETO O MAS
O312;EMBARAZO QUE CONTINUA DESPUES DE LA MUERTE INTRAUTERINA DE UN FETO O MAS
O318;OTRAS COMPLICACIONES ESPECIFICAS DEL EMBARAZO MULTIPLE
O32;ATENCION MATERNA POR PRESENTACION ANORMAL DEL FETO, CONOCIDA O PRESUNTA
O320;ATENCION MATERNA POR POSICION FETAL INESTABLE
O321;ATENCION MATERNA POR PRESENTACION DE NALGAS
O322;ATENCION MATERNA POR POSICION FETAL OBLICUA O TRANSVERSA
O323;ATENCION MATERNA POR PRESENTACION DE CARA, DE FRENTE O DE MENTON
O324;ATENCION MATERNA POR CABEZA ALTA EN GESTACION A TERMINO
O325;ATENCION MATERNA POR EMBARAZO MULTIPLE CON PRESENTACION ANORMAL DE UN FETO O MAS
O326;ATENCION MATERNA POR PRESENTACION COMPUESTA
O328;ATENCION MATERNA POR OTRAS PRESENTACIONES ANORMALES DEL FETO
O329;ATENCION MATERNA POR PRESENTACION ANORMAL NO ESPECIFICADA DEL FETO
O33;ATENCION MATERNA POR DESPROPORCION CONOCIDA O PRESUNTA
O330;ATENCION MATERNA POR DESPROPORCION DEBIDA A DEFORMIDAD DE LA PELVIS OSEA EN LA MADRE
O331;ATENCION MATERNA POR DESPROPORCION DEBIDA A ESTRECHEZ GENERAL DE LA PELVIS
O332;ATENCION MATERNA POR DESPROPORCION DEBIDA A DISMINUCION DEL ESTRECHO SUPERIOR DE LA PELVIS
O333;ATENCION MATERNA POR DESPROPORCION DEBIDA A DISMINUCION DEL ESTRECHO INFERIOR DE LA PELVIS
O334;ATENCION MATERNA POR DESPROPORCION FETOPELVIANA DE ORIGEN MIXTO, MATERNO Y FETAL
O335;ATENCION MATERNA POR DESPROPORCION DEBIDA A FETO DEMASIADO GRANDE
O336;ATENCION MATERNA POR DESPROPORCION DEBIDA A FETO HIDROCEFALICO
O337;ATENCION MATERNA POR DESPROPORCION DEBIDA A OTRA DEFORMIDAD FETAL
O338;ATENCION MATERNA POR DESPROPORCION DE OTRO ORIGEN
O339;ATENCION MATERNA POR DESPROPORCION DE ORIGEN NO ESPECIFICADO
O34;ATENCION MATERNA POR ANORMALIDADES CONOCIDAS O PRESUNTAS DE LOS ORGANOS PELVIANOS DE LA MADRE
O340;ATENCION MATERNA POR ANOMALIA CONGENITA DEL UTERO
O341;ATENCION MATERNA POR TUMOR DEL CUERPO DEL UTERO
O342;ATENCION MATERNA POR CICATRIZ UTERINA DEBIDA A CIRUGIA PREVIA
O343;ATENCION MATERNA POR INCOMPETENCIA DEL CUELLO UTERINO
O344;ATENCION MATERNA POR OTRA ANORMALIDAD DEL CUELLO UTERINO
O345;ATENCION MATERNA POR OTRAS ANORMALIDADES DEL UTERO GRAVIDO
O346;ATENCION MATERNA POR ANORMALIDAD DE LA VAGINA
O347;ATENCION MATERNA POR ANORMALIDAD DE LA VULVA Y DEL PERINEO
O348;ATENCION MATERNA POR OTRAS ANORMALIDADES DE LOS ORGANOS PELVIANOS
O349;ATENCION MATERNA POR ANORMALIDAD NO ESPECIFICADA DE ORGANO PELVIANO
O35;ATENCION MATERNA POR ANORMALIDAD O LESION FETAL, CONOCIDA O PRESUNTA
O350;ATENCION MATERNA POR (PRESUNTA) MALFORMACION DEL SISTEMA NERVIOSO CENTRAL EN EL FETO
O351;ATENCION MATERNA POR (PRESUNTA) ANORMALIDAD CROMOSOMICA EN EL FETO
O352;ATENCION MATERNA POR (PRESUNTA) ENFERMEDAD HEREDITARIA EN EL FETO
O353;ATENCION MATERNA POR (PRESUNTA) LESION FETAL DEBIDA A ENFERMEDAD VIRICA EN LA MADRE
O354;ATENCION MATERNA POR (PRESUNTA) LESION AL FETO DEBIDA AL ALCOHOL
O355;ATENCION MATERNA POR (PRESUNTA) LESION FETAL DEBIDA A DROGAS
O356;ATENCION MATERNA POR (PRESUNTA) LESION AL FETO DEBIDA A RADIACION
O357;ATENCION MATERNA POR (PRESUNTA) LESION FETAL DEBIDA A OTROS PROCEDIMIENTOS MEDICOS
O358;ATENCION MATERNA POR OTRAS (PRESUNTAS) ANORMALIDADES Y LESIONES FETALES
O359;ATENCION MATERNA POR (PRESUNTA) ANORMALIDAD Y LESION FETAL NO ESPECIFICADA
O36;ATENCION MATERNA POR OTROS PROBLEMAS FETALES CONOCIDOS O PRESUNTOS
O360;ATENCION MATERNA POR ISOINMUNIZACION RHESUS
O361;ATENCION MATERNA POR OTRA ISOINMUNIZACION
O362;ATENCION MATERNA POR HIDROPESIA FETAL
O363;ATENCION MATERNA POR SIGNOS DE HIPOXIA FETAL
O364;ATENCION MATERNA POR MUERTE INTRAUTERINA
O365;ATENCION MATERNA POR DEFICIT DEL CRECIMIENTO FETAL
O366;ATENCION MATERNA POR CRECIMIENTO FETAL EXCESIVO
O367;ATENCION MATERNA POR FETO VIABLE EN EMBARAZO ABDOMINAL
O368;ATENCION MATERNA POR OTROS PROBLEMAS FETALES ESPECIFICADOS
O369;ATENCION MATERNA POR PROBLEMAS FETALES NO ESPECIFICADOS
O40X;POLIHIDRAMNIOS
O41;OTROS TRASTORNOS DEL LIQUIDO AMNIOTICO Y DE LAS MEMBRANAS
O410;OLIGOHIDRAMNIOS
O411;INFECCION DE LA BOLSA AMNIOTICA O DE LAS MEMBRANAS
O418;OTROS TRASTORNOS ESPECIFICADOS DEL LIQUIDO AMNIOTICO Y DE LAS MEMBRANAS
O419;TRASTORNO DEL LIQUIDO AMNIOTICO Y DE LAS MEMBRANAS, NO ESPECIFICADO
O42;RUPTURA PREMATURA DE LAS MEMBRANAS
O420;RUPTURA PREMATURA DE LAS MEMBRANAS, E INICIO DEL TRABAJO DE PARTO DENTRO DE LAS 24 HORAS
O421;RUPTURA PREMATURA DE LAS MEMBRANAS, E INICIO DEL TRABAJO DE PARTO DESPUES DE LAS 24 HORAS
O422;RUPTURA PREMATURA DE LAS MEMBRANAS, TRABAJO DE PARTO RETRASADO POR LA TERAPEUTICA
O429;RUPTURA PREMATURA DE LAS MEMBRANAS, SIN OTRA ESPECIFICACION
O43;TRASTORNOS PLACENTARIOS
O430;SINDROME DE TRANSFUSION PLACENTARIA
O431;MALFORMACION DE LA PLACENTA
O432;PLACENTA ANORMALMENTE ADHERIDA
O438;OTROS TRASTORNOS PLACENTARIOS
O439;TRASTORNO DE LA PLACENTA, NO ESPECIFICADO
O44;PLACENTA PREVIA
O440;PLACENTA PREVIA CON ESPECIFICACION DE QUE NO HUBO HEMORRAGIA
O441;PLACENTA PREVIA CON HEMORRAGIA
O45;DESPRENDIMIENTO PREMATURO DE LA PLACENTA [ABRUPTIO PLACENTAE]
O450;DESPRENDIMIENTO PREMATURO DE LA PLACENTA CON DEFECTO DE LA COAGULACION
O458;OTROS DESPRENDIMIENTOS PREMATUROS DE LA PLACENTA
O459;DESPRENDIMIENTO PREMATURO DE LA PLACENTA, SIN OTRA ESPECIFICACION
O46;HEMORRAGIA ANTEPARTO, NO CLASIFICADA EN OTRA PARTE
O460;HEMORRAGIA ANTEPARTO CON DEFECTO DE LA COAGULACION
O468;OTRAS HEMORRAGIAS ANTEPARTO
O469;HEMORRAGIA ANTEPARTO, NO ESPECIFICADA
O47;FALSO TRABAJO DE PARTO
O470;FALSO TRABAJO DE PARTO ANTES DE LAS 37 SEMANAS COMPLETAS DE GESTACION
O471;FALSO TRABAJO DE PARTO A LAS 37 Y MAS SEMANAS COMPLETAS DE GESTACION
O479;FALSO TRABAJO DE PARTO, SIN OTRA ESPECIFICACION
O48X;EMBARAZO PROLONGADO
O60;TRABAJO DE PARTO PREMATURO Y PARTO
O600;TRABAJO DE PARTO PREMATURO SIN PARTO
O601;TRABAJO DE PARTO PREMATURO ESPONTANEO CON PARTO PREMATURO
O602;TRABAJO DE PARTO PREMATURO ESPONTANEO CON PARTO A TERMINO
O603;PARTO PREMATURO SIN TRABAJO DE PARTO ESPONTANEO
O60X;PARTO PREMATURO
O61;FRACASO DE LA INDUCCION DEL TRABAJO DE PARTO
O610;FRACASO DE LA INDUCCION MEDICA DEL TRABAJO DE PARTO
O611;FRACASO DE LA INDUCCION INSTRUMENTAL DEL TRABAJO DE PARTO
O618;OTROS FRACASOS DE LA INDUCCION DEL TRABAJO DE PARTO
O619;FRACASO NO ESPECIFICADO DE LA INDUCCION DEL TRABAJO DE PARTO
O62;ANORMALIDADES DE LA DINAMICA DEL TRABAJO DE PARTO
O620;CONTRACCIONES PRIMARIAS INADECUADAS
O621;INERCIA UTERINA SECUNDARIA
O622;OTRAS INERCIAS UTERINAS
O623;TRABAJO DE PARTO PRECIPITADO
O624;CONTRACCIONES UTERINAS HIPERTONICAS, INCOORDINADAS Y PROLONGADAS
O628;OTRAS ANOMALIAS DINAMICAS DEL TRABAJO DE PARTO
O629;ANOMALIA DINAMICA DEL TRABAJO DE PARTO, NO ESPECIFICADA
O63;TRABAJO DE PARTO PROLONGADO
O630;PROLONGACION DEL PRIMER PERIODO (DEL TRABAJO DE PARTO)
O631;PROLONGACION DEL SEGUNDO PERIODO (DEL TRABAJO DE PARTO)
O632;RETRASO DE LA EXPULSION DEL SEGUNDO GEMELO, DEL TERCERO, ETC.
O639;TRABAJO DE PARTO PROLONGADO, NO ESPECIFICADO
O64;TRABAJO DE PARTO OBSTRUIDO DEBIDO A MALA POSICION Y PRESENTACION ANORMAL DEL FETO
O640;TRABAJO DE PARTO OBSTRUIDO DEBIDO A ROTACION INCOMPLETA DE LA CABEZA FETAL
O641;TRABAJO DE PARTO OBSTRUIDO DEBIDO A PRESENTACION DE NALGAS
O642;TRABAJO DE PARTO OBSTRUIDO DEBIDO A PRESENTACION DE CARA
O643;TRABAJO DE PARTO OBSTRUIDO DEBIDO A PRESENTACION DE FRENTE
O644;TRABAJO DE PARTO OBSTRUIDO DEBIDO A PRESENTACION DE HOMBRO
O645;TRABAJO DE PARTO OBSTRUIDO DEBIDO A PRESENTACION COMPUESTA
O648;TRABAJO DE PARTO OBSTRUIDO DEBIDO A OTRAS PRESENTACIONES ANORMALES DEL FETO
O649;TRABAJO DE PARTO OBSTRUIDO DEBIDO A PRESENTACION ANORMAL DEL FETO NO ESPECIFICADA
O65;TRABAJO DE PARTO OBSTRUIDO DEBIDO A ANORMALIDAD DE LA PELVIS MATERNA
O650;TRABAJO DE PARTO OBSTRUIDO DEBIDO A DEFORMIDAD DE LA PELVIS
O651;TRABAJO DE PARTO OBSTRUIDO DEBIDO A ESTRECHEZ GENERAL DE LA PELVIS
O652;TRABAJO DE PARTO OBSTRUIDO DEBIDO A DISMINUCION DEL ESTRECHO SUPERIOR DE LA PELVIS
O653;TRABAJO DE PARTO OBSTRUIDO DEBIDO A DISMINUCION DEL ESTRECHO INFERIOR DE LA PELVIS
O654;TRABAJO DE PARTO OBSTRUIDO DEBIDO A DESPROPORCION FETOPELVIANA, SIN OTRA ESPECIFICACION
O655;TRABAJO DE PARTO OBSTRUIDO DEBIDO A ANOMALIAS DE LOS ORGANOS PELVIANOS MATERNOS
O658;TRABAJO DE PARTO OBSTRUIDO DEBIDO A OTRAS ANOMALIAS PELVIANAS MATERNAS
O659;TRABAJO DE PARTO OBSTRUIDO DEBIDO A ANOMALIA PELVIANA NO ESPECIFICADA
O66;OTRAS OBSTRUCCIONES DEL TRABAJO DE PARTO
O660;TRABAJO DE PARTO OBSTRUIDO DEBIDO A DISTOCIA DE HOMBROS
O661;TRABAJO DE PARTO OBSTRUIDO DEBIDO A DISTOCIA GEMELAR
O662;TRABAJO DE PARTO OBSTRUIDO DEBIDO A DISTOCIA POR FETO INUSUALMENTE GRANDE
O663;TRABAJO DE PARTO OBSTRUIDO DEBIDO A OTRAS ANORMALIDADES DEL FETO
O664;FRACASO DE LA PRUEBA DEL TRABAJO DE PARTO, NO ESPECIFICADA
O665;FRACASO NO ESPECIFICADO DE LA APLICACION DE FORCEPS O DE VENTOSA EXTRACTORA
O668;OTRAS OBSTRUCCIONES ESPECIFICADAS DEL TRABAJO DE PARTO
O669;TRABAJO DE PARTO OBSTRUIDO, SIN OTRA ESPECIFICACION
O67;TRABAJO DE PARTO Y PARTO COMPLICADOS POR HEMORRAGIA INTRAPARTO, NO CLASIFICADOS EN OTRA PARTE
O670;HEMORRAGIA INTRAPARTO CON DEFECTOS DE LA COAGULACION
O678;OTRAS HEMORRAGIAS INTRAPARTO
O679;HEMORRAGIA INTRAPARTO, NO ESPECIFICADA
O68;TRABAJO DE PARTO Y PARTO COMPLICADOS POR SUFRIMIENTO FETAL
O680;TRABAJO DE PARTO Y PARTO COMPLICADOS POR ANOMALIA DE LA FRECUENCIA CARDIACA FETAL
O681;TRABAJO DE PARTO Y PARTO COMPLICADOS POR LA PRESENCIA DE MECONIO EN EL LIQUIDO AMNIOTICO
O682;TRABAJO DE PARTO Y PARTO COMPLICADOS POR ANOMALIA DE LA FRECUENCIA CARDIACA FETAL ASOCIADA CON PRESENCIA DE MECONIO EN EL LIQUIDO AMNIOTICO
O683;TRABAJO DE PARTO Y PARTO COMPLICADOS POR EVIDENCIA BIOQUIMICA DE SUFRIMIENTO FETAL
O688;TRABAJO DE PARTO Y PARTO COMPLICADOS POR OTRAS EVIDENCIAS DE SUFRIMIENTO FETAL
O689;TRABAJO DE PARTO Y PARTO COMPLICADOS POR SUFRIMIENTO FETAL, SIN OTRA ESPECIFICACION
O69;TRABAJO DE PARTO Y PARTO COMPLICADOS POR PROBLEMAS DEL CORDON UMBILICAL
O690;TRABAJO DE PARTO Y PARTO COMPLICADOS POR PROLAPSO DEL CORDON UMBILICAL
O691;TRABAJO DE PARTO Y PARTO COMPLICADOS POR CIRCULAR PERICERVICAL DEL CORDON, CON COMPRESION
O692;TRABAJO DE PARTO Y PARTO COMPLICADOS POR OTROS ENREDOS DEL CORDON UMBLICAL CON COMPRESION
O693;TRABAJO DE PARTO Y PARTO COMPLICADOS POR CORDON UMBILICAL CORTO
O694;TRABAJO DE PARTO Y PARTO COMPLICADOS POR VASA PREVIA
O695;TRABAJO DE PARTO Y PARTO COMPLICADOS POR LESION VASCULAR DEL CORDON
O698;TRABAJO DE PARTO Y PARTO COMPLICADOS POR OTROS PROBLEMAS DEL CORDON UMBILICAL
O699;TRABAJO DE PARTO Y PARTO COMPLICADOS POR PROBLEMAS NO ESPECIFICADOS DEL CORDON UMBILICAL
O70;DESGARRO PERINEAL DURANTE EL PARTO
O700;DESGARRO PERINEAL DE PRIMER GRADO DURANTE EL PARTO
O701;DESGARRO PERINEAL DE SEGUNDO GRADO DURANTE EL PARTO
O702;DESGARRO PERINEAL DE TERCER GRADO DURANTE EL PARTO
O703;DESGARRO PERINEAL DE CUARTO GRADO DURANTE EL PARTO
O709;DESGARRO PERINEAL DURANTE EL PARTO, DE GRADO NO EPECIFICADO
O71;OTRO TRAUMA OBSTETRICO
O710;RUPTURA DEL UTERO ANTES DEL INICIO DEL TRABAJO DE PARTO
O711;RUPTURA DEL UTERO DURANTE EL TRABAJO DE PARTO
O712;INVERSION DEL UTERO, POSTPARTO
O713;DESGARRO OBSTETRICO DEL CUELLO UTERINO
O714;DESGARRO VAGINAL OBSTETRICO ALTO
O715;OTROS TRAUMATISMOS OBSTETRICOS DE LOS ORGANOS PELVIANOS
O716;TRAUMATISMO OBSTETRICO DE LOS LIGAMENTOS Y ARTICULACIONES DE LA PELVIS
O717;HEMATOMA OBSTETRICO DE LA PELVIS
O718;OTROS TRAUMAS OBSTETRICOS ESPECIFICADOS
O719;TRAUMA OBSTETRICO, NO ESPECIFICADO
O72;HEMORRAGIA POSTPARTO
O720;HEMORRAGIA DEL TERCER PERIODO DEL PARTO
O721;OTRAS HEMORRAGIAS POSTPARTO INMEDIATAS
O722;HEMORRAGIA POSTPARTO SECUNDARIA O TARDIA
O723;DEFECTO DE LA COAGULACION POSTPARTO
O73;RETENCION DE LA PLACENTA O DE LAS MEMBRANAS, SIN HEMORRAGIA
O730;RETENCION DE LA PLACENTA SIN HEMORRAGIA
O731;RETENCION DE FRAGMENTOS DE LA PLACENTA O DE LAS MEMBRANAS, SIN HEMORRAGIA
O74;COMPLICACIONES DE LA ANESTESIA ADMINISTRADA DURANTE EL TRABAJO DE PARTO Y EL PARTO
O740;NEUMONITIS POR ASPIRACION DEBIDA A LA ANESTESIA ADMINISTRADA DURANTE EL TRABAJO DE PARTO Y EL PARTO
O741;OTRAS COMPLICACIONES PULMONARES DEBIDAS A LA ANESTESIA ADMINISTRADA DURANTE EL TRABAJO DE PARTO Y EL PARTO
O742;COMPLICACIONES CARDIACAS DE LA ANESTESIA ADMINISTRADA DURANTE EL TRABAJO DE PARTO Y EL PARTO
O743;COMPLICACIONES DEL SISTEMA NERVIOSO CENTRAL POR LA ANESTESIA ADMINISTRADA DURANTE EL TRABAJO DE PARTO Y EL PARTO
O744;REACCION TOXICA A LA ANESTESIA LOCAL ADMINISTRADA DURANTE EL TRABAJO DE PARTO Y EL PARTO
O745;CEFALALGIA INDUCIDA POR LA ANESTESIA ESPINAL O EPIDURAL ADMINISTRADAS DURANTE EL TRABAJO DE PARTO Y EL PARTO
O746;OTRAS COMPLICACIONES DE LA ANESTESIA ESPINAL O EPIDURAL ADMINISTRADAS DURANTE EL TRABAJO DE PARTO Y EL PARTO
O747;FALLA O DIFICULTAD EN LA INTUBACION DURANTE EL TRABAJO DE PARTO Y EL PARTO
O748;OTRAS COMPLICACIONES DE LA ANESTESIA ADMINISTRADA DURANTE EL TRABAJO DE PARTO Y EL PARTO
O749;COMPLICACION NO ESPECIFICADA DE LA ANESTESIA ADMINISTRADA DURANTE EL TRABAJO DE PARTO Y EL PARTO
O75;OTRAS COMPLICACIONES DEL TRABAJO DE PARTO Y DEL PARTO, NO CLASIFICADAS EN OTRA PARTE
O750;SUFRIMIENTO MATERNO DURANTE EL TRABAJO DE PARTO Y EL PARTO
O751;CHOQUE DURANTE O DESPUES DEL TRABAJO DE PARTO Y EL PARTO
O752;PIREXIA DURANTE EL TRABAJO DE PARTO, NO CLASIFICADA EN OTRA PARTE
O753;OTRAS INFECCIONES DURANTE EL TRABAJO DE PARTO
O754;OTRAS COMPLICACIONES DE PROCEDIMIENTOS Y DE CIRUGIA OBSTETRICA
O755;RETRASO DEL PARTO DESPUES DE LA RUPTURA ARTIFICIAL DE LAS MEMBRANAS
O756;RETRASO DEL PARTO DESPUES DE LA RUPTURA ESPONTANEA O NO ESPECIFICADA DE LAS MEMBRANAS
O757;PARTO VAGINAL POSTERIOR A UNA CESAREA PREVIA
O758;OTRAS COMPLICACIONES ESPECIFICADAS DEL TRABAJO DE PARTO Y DEL PARTO
O759;COMPLICACION NO ESPECIFICADA DEL TRABAJO DE PARTO Y DEL PARTO
O80;PARTO UNICO ESPONTANEO
O800;PARTO UNICO ESPONTANEO, PRESENTACION CEFALICA DE VERTICE
O801;PARTO UNICO ESPONTANEO, PRESENTACION DE NALGAS O PODALICA
O808;PARTO UNICO ESPONTANEO, OTRAS PRESENTACIONES
O809;PARTO UNICO ESPONTANEO, SIN OTRA ESPECIFICACION
O81;PARTO UNICO CON FORCEPS Y VENTOSA EXTRACTORA
O810;PARTO CON FORCEPS BAJO
O811;PARTO CON FORCEPS MEDIO
O812;PARTO CON FORCEPS MEDIO CON ROTACION
O813;PARTO CON FORCEPS DE OTROS TIPOS Y LOS NO ESPECIFICADOS
O814;PARTO CON VENTOSA EXTRACTORA
O815;PARTO CON COMBINACION DE FORCEPS Y VENTOSA EXTRACTORA
O82;PARTO UNICO POR CESAREA
O820;PARTO POR CESAREA ELECTIVA
O821;PARTO POR CESAREA DE EMERGENCIA
O822;PARTO POR CESAREA CON HISTERECTOMIA
O828;OTROS PARTOS UNICOS POR CESAREA
O829;PARTO POR CESAREA, SIN OTRA ESPECIFICACION
O83;OTROS PARTOS UNICOS ASISTIDOS
O830;EXTRACCION DE NALGAS
O831;OTROS PARTOS UNICOS ASISTIDOS, DE NALGAS
O832;OTROS PARTOS UNICOS CON AYUDA DE MANIPULACION OBSTETRICA
O833;PARTO DE FETO VIABLE EN EMBARAZO ABDOMINAL
O834;OPERACION DESTRUCTIVA PARA FACILITAR EL PARTO
O838;OTROS PARTOS UNICOS ASISTIDOS ESPECIFICADOS
O839;PARTO UNICO ASISTIDO, SIN OTRA ESPECIFICACION
O84;PARTO MULTIPLE
O840;PARTO MULTIPLE, TODOS ESPONTANEOS
O841;PARTO MULTIPLE, TODOS POR FORCEPS Y VENTOSA EXTRACTORA
O842;PARTO MULTIPLE, TODOS POR CESAREA
O848;OTROS PARTOS MULTIPLES
O849;PARTO MULTIPLE, NO ESPECIFICADO
O85X;SEPSIS PUERPERAL
O86;OTRAS INFECCIONES PUERPERALES
O860;INFECCION DE HERIDA QUIRURGICA OBSTETRICA
O861;OTRAS INFECCIONES GENITALES CONSECUTIVAS AL PARTO
O862;INFECCION DE LAS VIAS URINARIAS CONSECUTIVA AL PARTO
O863;OTRAS INFECCIONES DE LAS VIAS GENITOURINARIAS CONSECUTIVAS AL PARTO
O864;PIREXIA DE ORIGEN DESCONOCIDO CONSECUTIVA AL PARTO
O868;OTRAS INFECCIONES PUERPERALES ESPECIFICADAS
O87;COMPLICACIONES VENOSAS Y HEMORROIDES EN EL PUERPERIO
O870;TROMBOFLEBITIS SUPERFICIAL EN EL PUERPERIO
O871;FLEBOTROMBOSIS PROFUNDA EN EL PUERPERIO
O872;HEMORROIDES EN EL PUERPERIO
O873;TROMBOSIS VENOSA CEREBRAL EN EL PUERPERIO
O878;OTRAS COMPLICACIONES VENOSAS EN EL PUERPERIO
O879;COMPLICACION VENOSA EN EL PUERPERIO, NO ESPECIFICADA
O88;EMBOLIA OBSTETRICA
O880;EMBOLIA GASEOSA, OBSTETRICA
O881;EMBOLIA DE LIQUIDO AMNIOTICO
O882;EMBOLIA DE COAGULO SANGUINEO, OBSTETRICA
O883;EMBOLIA SEPTICA Y PIEMICA, OBSTETRICA
O888;OTRAS EMBOLIAS OBSTETRICAS
O89;COMPLICACIONES DE LA ANESTESIA ADMINISTRADA DURANTE EL PUERPERIO
O890;COMPLICACIONES PULMONARES DE LA ANESTESIA ADMINISTRADA DURANTE EL PUERPERIO
O891;COMPLICACIONES CARDIACAS DE LA ANESTESIA ADMINISTRADA DURANTE EL PUERPERIO
O892;COMPLICACIONES DEL SISTEMA NERVIOSO CENTRAL DEBIDAS A LA ANESTESIA ADMINISTRADA DURANTE EL PUERPERIO
O893;REACCION TOXICA A LA ANESTESIA LOCAL ADMINISTRADA DURANTE EL PUERPERIO
O894;CEFALALGIA INDUCIDA POR LA ANESTESIA ESPINAL O EPIDURAL ADMINISTRADAS DURANTE EL PUERPERIO
O895;OTRAS COMPLICACIONES DE LA ANESTESIA ESPINAL O EPIDURAL ADMINISTRADAS DURANTE EL PUERPERIO
O896;FALLA O DIFICULTAD DE INTUBACION DURANTE EL PUERPERIO
O898;OTRAS COMPLICACIONES DE LA ANESTESIA ADMINISTRADA DURANTE EL PUERPERIO
O899;COMPLICACION NO ESPECIFICADA DE LA ANESTESIA ADMINISTRADA DURANTE EL PUERPERIO
O90;COMPLICACIONES DEL PUERPERIO, NO CLASIFICADAS EN OTRA PARTE
O900;DEHISCENCIA DE SUTURA DE CESAREA
O901;DEHISCENCIA DE SUTURA OBSTETRICA PERINEAL
O902;HEMATOMA DE HERIDA QUIRURGICA OBSTETRICA
O903;CARDIOMIOPATIA EN EL PUERPERIO
O904;INSUFICIENCIA RENAL AGUDA POSTPARTO
O905;TIROIDITIS POSTPARTO
O908;OTRAS COMPLICACIONES PUERPERALES, NO CLASIFICADAS EN OTRA PARTE
O909;COMPLICACION PUERPERAL, NO ESPECIFICADA
O91;INFECCIONES DE LA MAMA ASOCIADAS CON EL PARTO
O910;INFECCIONES DEL PEZON ASOCIADOS CON EL PARTO
O911;ABSCESO DE LA MAMA ASOCIADO CON EL PARTO
O912;MASTITIS NO PURULENTA ASOCIADA CON EL PARTO
O92;OTROS TRASTORNOS DE LA MAMA Y DE LA LACTANCIA ASOCIADOS CON EL PARTO
O920;RETRACCION DEL PEZON ASOCIADA CON EL PARTO
O921;FISURAS DEL PEZON ASOCIADAS CON EL PARTO
O922;OTROS TRASTORNOS DE LA MAMA Y LOS NO ESPECIFICADOS ASOCIADOS CON EL PARTO
O923;AGALACTIA
O924;HIPOGALACTIA
O925;SUPRESION DE LA LACTANCIA
O926;GALACTORREA
O927;OTROS TRASTORNOS Y LOS NO ESPECIFICADOS DE LA LACTANCIA
O94X;SECUELAS DE COMPLICACIONES DEL EMBARAZO, DEL PARTO Y DEL PUERPERIO
O95X;MUERTE OBSTETRICA DE CAUSA NO ESPECIFICADA
O96;MUERTE MATERNA DEBIDA A CUALQUIER CAUSA OBSTETRICA QUE OCURRE DESPUES DE 42 DIAS PERO ANTES DE UN AÑO DEL PARTO
O960;MUERTE POR CAUSA OBSTETRICA DIRECTA QUE OCURRE DESPUES DE 42 DIAS PERO ANTES DE UN AÑO DEL PARTO
O961;MUERTE POR CAUSA OBSTETRICA INDIRECTA QUE OCURRE DESPUES DE 42 DIAS PERO ANTES DE UN AÑO DEL PARTO
O969;MUERTE POR CAUSA OBSTETRICA NO ESPECIFICADA, QUE OCURRE DESPUES DE 42 DIAS PERO ANTES DE UN AÑO DEL PARTO
O96X;MUERTE MATERNA DEBIDA A CUALQUIER CAUSA OBSTETRICA QUE OCURRE DESPUES DE 42 DIAS PERO ANTES DE UN AÑO DEL PARTO
O97;MUERTE POR SECUELAS DE CAUSAS OBSTETRICAS
O970;MUERTE POR SECUELAS DE CAUSA OBSTETRICA DIRECTA
O971;MUERTE POR SECUELAS DE CAUSA OBSTETRICA INDIRECTA
O979;MUERTE POR SECUELAS DE CAUSA OBSTETRICA NO ESPECIFICADA
O97X;MUERTE POR SECUELAS DE CAUSAS OBSTETRICAS DIRECTAS
O98;ENFERMEDADES MATERNAS INFECCIOSAS Y PARASITARIAS CLASIFICABLES EN OTRA PARTE, PERO QUE COMPLICAN EL EMBARAZO, EL PARTO Y EL PUERPERIO
O980;TUBERCULOSIS QUE COMPLICA EL EMBARAZO, EL PARTO Y EL PUERPERIO
O981;SIFILIS QUE COMPLICA EL EMBARAZO, EL PARTO Y EL PUERPERIO
O982;GONORREA QUE COMPLICA EL EMBARAZO, EL PARTO Y EL PUERPERIO
O983;OTRAS INFECCIONES CON UN MODO DE TRANSMISION PREDOMINANTEMENTE SEXUAL QUE COMPLICAN EL EMBARAZO, PARTO Y PUERPERIO
O984;HEPATITIS VIRAL QUE COMPLICA EL EMBARAZO, EL PARTO Y EL PUERPERIO
O985;OTRAS ENFERMEDADES VIRALES QUE COMPLICAN EL EMBARAZO, EL PARTO Y EL PUERPERIO
O986;ENFERMEDADES CAUSADAS POR PROTOZOARIOS QUE COMPLICAN EL EMBARAZO, EL PARTO Y EL PUERPERIO
O987;ENFERMEDAD POR VIRUS DE LA INMUNODEFICIENCIA HUMANA [VIH] QUE COMPLICA EL EMBARAZO, EL PARTO Y EL PUERPERIO
O988;OTRAS ENFERMEDADES INFECCIOSAS Y PARASITARIAS MATERNAS QUE COMPLICAN EL EMBARAZO, EL PARTO Y EL PUERPERIO
O989;ENFERMEDAD INFECCIOSA Y PARASITARIA MATERNA NO ESPECIFICADA QUE COMPLICA EL EMBARAZO, EL PARTO Y EL PUERPERIO
O99;OTRAS ENFERMEDADES MATERNAS CLASIFICABLES EN OTRA PARTE, PERO QUE COMPLICAN EL EMBARAZO, EL PARTO Y EL PUERPERIO
O990;ANEMIA QUE COMPLICA EL EMBARAZO, EL PARTO Y EL PUERPERIO
O991;OTRAS ENFERMEDADES DE LA SANGRE Y ORGANOS HEMATOPOYETICOS Y CIERTOS TRASTORNOS QUE AFECTAN EL SISTEMA INMUNITARIO CUANDO COMPLICAN EL EMBARAZO, EL PARTO Y PUERPERIO
O992;ENFERMEDADES ENDOCRINAS, DE LA NUTRICION Y DEL METABOLISMO QUE COMPLICAN EL EMBARAZO, EL PARTO Y EL PUERPERIO
O993;TRASTORNOS MENTALES Y ENFERMEDADES DEL SISTEMA NERVIOSO QUE COMPLICAN EL EMBARAZO, EL PARTO Y EL PUERPERIO
O994;ENFERMEDADES DEL SISTEMA CIRCULATORIO QUE COMPLICAN EL EMBARAZO, EL PARTO Y EL PURPERIO
O995;ENFERMEDADES DEL SISTEMA RESPIRATORIO QUE COMPLICAN EL EMBARAZO, EL PARTO Y EL PUERPERIO
O996;ENFERMEDADES DEL SISTEMA DIGESTIVO QUE COMPLICAN EL EMBARAZO, EL PARTO Y EL PUERPERIO
O997;ENFERMEDADES DE LA PIEL Y DEL TEJIDO SUBCUTANEO QUE COMPLICAN EL EMBARAZO, EL PARTO Y EL PUERPERIO
O998;OTRAS ENFERMEDADES ESPECIFICADAS Y AFECCIONES QUE COMPLICAN EL EMBARAZO, EL PARTO Y EL PUERPERIO
P00;FETO Y RECIEN NACIDO AFECTADO POR CONDICIONES DE LA MADRE NO NECESARIAMENTE RELACIONADAS CON EL EMBARAZO PRESENTE
P000;FETO Y RECIEN NACIDO AFECTADOS POR TRASTORNOS HIPERTENSIVOS DE LA MADRE
P001;FETO Y RECIEN NACIDO AFECTADOS POR ENFERMEDADES RENALES Y DE LAS VIAS URINARIAS DE LA MADRE
P002;FETO Y RECIEN NACIDO AFECTADOS POR ENFERMEDADES INFECCIOSAS Y PARASITARIAS DE LA MADRE
P003;FETO Y RECIEN NACIDO AFECTADOS POR OTRAS ENFERMEDADES CIRCULATORIAS Y RESPIRATORIAS DE LA MADRE
P004;FETO Y RECIEN NACIDO AFECTADOS POR TRASTORNOS NUTRICIONALES DE LA MADRE
P005;FETO Y RECIEN NACIDO AFECTADOS POR TRAUMATISMO DE LA MADRE
P006;FETO Y RECIEN NACIDO AFECTADOS POR PROCEDIMIENTO QUIRURGICO EN LA MADRE
P007;FETO Y RECIEN NACIDO AFECTADOS POR OTRO PROCEDIMIENTO MEDICO EN LA MADRE, NO CLASIFICADO EN OTRA PARTE
P008;FETO Y RECIEN NACIDO AFECTADOS POR OTRAS AFECCIONES MATERNAS
P009;FETO Y RECIEN NACIDO AFECTADOS POR AFECCION MATERNA NO ESPECIFICADA
P01;FETO Y RECIEN NACIDO AFECTADOS POR COMPLICACIONES MATERNAS DEL EMBARAZO
P010;FETO Y RECIEN NACIDO AFECTADOS POR INCOMPETENCIA DEL CUELLO UTERINO
P011;FETO Y RECIEN NACIDO AFECTADOS POR RUPTURA PREMATURA DE LAS MEMBRANAS
P012;FETO Y RECIEN NACIDO AFECTADOS POR OLIGOHIDRAMNIOS
P013;FETO Y RECIEN NACIDO AFECTADOS POR POLIHIDRAMNIOS
P014;FETO Y RECIEN NACIDO AFECTADOS POR EMBARAZO ECTOPICO
P015;FETO Y RECIEN NACIDO AFECTADOS POR EMBARAZO MULTIPLE
P016;FETO Y RECIEN NACIDO AFECTADOS POR MUERTE MATERNA
P017;FETO Y RECIEN NACIDO AFECTADOS POR PRESENTACION ANOMALA ANTES DEL TRABAJO DE PARTO
P018;FETO Y RECIEN NACIDO AFECTADOS POR OTRAS COMPLICACIONES MATERNAS DEL EMBARAZO
P019;FETO Y RECIEN NACIDO AFECTADOS POR COMPLICACIONES MATERNAS NO ESPECIFICADAS DEL EMBARAZO
P02;FETO Y RECIEN NACIDO AFECTADO POR COMPLICACIONES DE LA PLACENTA, DEL CORDON UMBILICAL Y DE LAS MEMBRANAS
P020;FETO Y RECIEN NACIDO AFECTADOS POR PLACENTA PREVIA
P021;FETO Y RECIEN NACIDO AFECTADOS POR OTRAS FORMAS DE DESPRENDIMIENTO Y DE HEMORRAGIA PLACENTARIOS
P022;FETO Y RECIEN NACIDO AFECTADOS POR OTRAS ANORMALIDADES MORFOLOGICAS Y FUNCIONALES DE LA PLACENTA Y LAS NO ESPECIFICADAS
P023;FETO Y RECIEN NACIDO AFECTADOS POR SINDROMES DE TRANSFUSION PLACENTARIA
P024;FETO Y RECIEN NACIDO AFECTADOS POR PROLAPSO DEL CORDON UMBILICAL
P025;FETO Y RECIEN NACIDO AFECTADOS POR OTRA COMPRESION DEL CORDON UMBILICAL
P026;FETO Y RECIEN NACIDO AFECTADOS POR OTRAS COMPLICACIONES DEL CORDON UMBILICAL Y LAS NO ESPECIFICADAS
P027;FETO Y RECIEN NACIDO AFECTADOS POR CORIOAMNIONITIS
P028;FETO Y RECIEN NACIDO AFECTADOS POR OTRAS ANORMALIDADES DE LAS MEMBRANAS
P029;FETO Y RECIEN NACIDO AFECTADOS POR ANORMALIDAD NO ESPECIFICADA DE LAS MEMBRANAS
P03;FETO Y RECIEN NACIDO AFECTADOS POR OTRAS COMPLICACIONES DEL TRABAJO DE PARTO Y DEL PARTO
P030;FETO Y RECIEN NACIDO AFECTADOS POR PARTO Y EXTRACCION DE NALGAS
P031;FETO Y RECIEN NACIDO AFECTADOS POR OTRA PRESENTACION ANOMALA, POSICION ANOMALA Y DESPROPORCION DURANTE EL TRABAJO DE PARTO Y EL PARTO
P032;FETO Y RECIEN NACIDO AFECTADOS POR PARTO CON FORCEPS
P033;FETO Y RECIEN NACIDO AFECTADOS POR PARTO CON VENTOSA EXTRACTORA
P034;FETO Y RECIEN NACIDO AFECTADOS POR PARTO POR CESAREA
P035;FETO Y RECIEN NACIDO AFECTADOS POR PARTO PRECIPITADO
P036;FETO Y RECIEN NACIDO AFECTADOS POR CONTRACCIONES UTERINAS ANORMALES
P038;FETO Y RECIEN NACIDO AFECTADOS POR OTRAS COMPLICACIONES ESPECIFICADAS DEL TRABAJO DE PARTO Y DEL PARTO
P039;FETO Y RECIEN NACIDO AFECTADOS POR COMPLICACIONES NO ESPECIFICADAS DEL TRABAJO DE PARTO Y DEL PARTO
P04;FETO Y RECIEN NACIDO AFECTADOS POR INFLUENCIAS NOCIVAS TRANSMITIDAS A TRAVES DE LA PLACENTA O DE LA LECHE MATERNA
P040;FETO Y RECIEN NACIDO AFECTADOS POR ANESTESIA Y ANALGESIA MATERNA EN EL EMBARAZO, TRABAJO DE PARTO Y EN EL PARTO
P041;FETO Y RECIEN NACIDO AFECTADOS POR OTRAS MEDICACIONES MATERNAS
P042;FETO Y RECIEN NACIDO AFECTADOS POR TABAQUISMO DE LA MADRE
P043;FETO Y RECIEN NACIDO AFECTADOS POR ALCOHOLISMO DE LA MADRE
P044;FETO Y RECIEN NACIDO AFECTADOS POR DROGADICCION MATERNA
P045;FETO Y RECIEN NACIDO AFECTADOS POR EL USO MATERNO DE SUSTANCIAS QUIMICAS NUTRICIONALES
P046;FETO Y RECIEN NACIDO AFECTADOS POR EXPOSICION MATERNA A SUSTANCIAS QUIMICAS AMBIENTALES
P048;FETO Y RECIEN NACIDO AFECTADOS POR OTRAS INFLUENCIAS NOCIVAS DE LA MADRE
P049;FETO Y RECIEN NACIDO AFECTADOS POR INFLUENCIAS NOCIVAS DE LA MADRE, NO ESPECIFICADAS
P05;RETARDO DEL CRECIMIENTO FETAL Y DESNUTRICION FETAL
P050;BAJO PESO PARA LA EDAD GESTACIONAL
P051;PEQUEÑO PARA LA EDAD GESTACIONAL
P052;DESNUTRICION FETAL, SIN MENCION DE PESO O TALLA BAJOS PARA LA EDAD GESTACIONAL
P059;RETARDO DEL CRECIMIENTO FETAL, NO ESPECIFICADO
P07;TRASTORNOS RELACIONADOS CON DURACION CORTA DE LA GESTACION Y CON BAJO PESO AL NACER, NO CLASIFICADOS EN OTRA PARTE
P070;PESO EXTREMADAMENTE BAJO AL NACER
P071;OTRO PESO BAJO AL NACER
P072;INMATURIDAD EXTREMA
P073;OTROS RECIEN NACIDOS PRETERMINO
P08;TRASTORNOS RELACIONADOS CON EL EMBARAZO PROLONGADO Y CON SOBREPESO AL NACER
P080;RECIEN NACIDO EXCEPCIONALMENTE GRANDE
P081;OTROS RECIEN NACIDOS CON SOBREPESO PARA LA EDAD GESTACIONAL
P082;RECIEN NACIDO POSTERMINO SIN SOBREPESO PARA SU EDAD GESTACIONAL
P10;HEMORRAGIA Y LACERACION INTRACRANEAL DEBIDAS A TRAUMATISMO DEL NACIMIENTO
P100;HEMORRAGIA SUBDURAL DEBIDA A TRAUMATISMO DEL NACIMIENTO
P101;HEMORRAGIA CEREBRAL DEBIDA A TRAUMATISMO DEL NACIMIENTO
P102;HEMORRAGIA INTRAVENTRICULAR DEBIDA A TRAUMATISMO DEL NACIMIENTO
P103;HEMORRAGIA SUBARACNOIDEA DEBIDA A TRAUMATISMO DEL NACIMIENTO
P104;DESGARRO TENTORIAL DEBIDO A TRAUMATISMO DEL NACIMIENTO
P108;OTRAS HEMORRAGIAS Y LACERACIONES INTRACRANEALES DEBIDAS A TRAUMATISMO DEL NACIMIENTO
P109;HEMORRAGIA Y LACERACION INTRACRANEALES NO ESPECIFICADAS, DEBIDAS A TRAUMATISMO DEL NACIMIENTO
P11;OTROS TRAUMATISMOS DEL NACIMIENTO EN EL SISTEMA NERVIOSO CENTRAL
P110;EDEMA CEREBRAL DEBIDO A TRAUMATISMO DEL NACIMIENTO
P111;OTRAS LESIONES ESPECIFICADAS DEL ENCEFALO, DEBIDAS A TRAUMATISMO DEL NACIMIENTO
P112;LESION NO ESPECIFICADA DEL ENCEFALO, DEBIDA A TRAUMATISMO DEL NACIMIENTO
P113;TRAUMATISMO DEL NACIMIENTO EN EL NERVIO FACIAL
P114;TRAUMATISMO DEL NACIMIENTO EN OTROS NERVIOS CRANEALES
P115;TRAUMATISMO DEL NACIMIENTO EN LA COLUMNA VERTEBRAL Y EN LA MEDULA ESPINAL
P119;TRAUMATISMO DEL NACIMIENTO EN EL SISTEMA NERVIOSO CENTRAL, NO ESPECIFICADO
P12;TRAUMATISMO DEL NACIMIENTO EN EL CUERO CABELLUDO
P120;CEFALOHEMATOMA DEBIDO A TRAUMATISMO DEL NACIMIENTO
P121;CAPUT SUCCEDANEUM DEBIDO A TRAUMATISMO DEL NACIMIENTO
P122;HEMORRAGIA EPICRANEAL SUBAPONEUROTICA DEBIDA A TRAUMATISMO DEL NACIMIENTO
P123;EQUIMOSIS DEL CUERO CABELLUDO DEBIDA A TRAUMATISMO DEL NACIMIENTO
P124;TRAUMATISMO EN EL CUERO CABELLUDO DEL RECIEN NACIDO POR MONITOREO FETAL
P128;OTROS TRAUMATISMOS DEL NACIMIENTO EN EL CUERO CABELLUDO
P129;TRAUMATISMO DEL NACIMIENTO EN EL CUERO CABELLUDO, NO ESPECIFICADO
P13;TRAUMATISMO DEL ESQUELETO DURANTE EL NACIMIENTO
P130;FRACTURA DEL CRANEO DEBIDA A TRAUMATISMO DEL NACIMIENTO
P131;OTROS TRAUMATISMOS DEL CRANEO DURANTE EL NACIMIENTO
P132;TRAUMATISMO DEL FEMUR DURANTE EL NACIMIENTO
P133;TRAUMATISMO DE OTROS HUESOS LARGOS DURANTE EL NACIMIENTO
P134;FRACTURA DE LA CLAVICULA DEBIDA A TRAUMATISMO DEL NACIMIENTO
P138;TRAUMATISMO DEL NACIMIENTO EN OTRAS PARTES DEL ESQUELETO
P139;TRAUMATISMO NO ESPECIFICADO DEL ESQUELETO DURANTE EL NACIMIENTO
P14;TRAUMATISMO DEL SISTEMA NERVIOSO PERIFERICO DURANTE EL NACIMIENTO
P140;PARALISIS DE ERB DEBIDA A TRAUMATISMO DEL NACIMIENTO
P141;PARALISIS DE KLUMPKE DEBIDA A TRAUMATISMO DEL NACIMIENTO
P142;PARALISIS DEL NERVIO FRENICO DEBIDA A TRAUMATISMO DEL NACIMIENTO
P143;OTRO TRAUMATISMO DEL PLEXO BRAQUIAL DURANTE EL NACIMIENTO
P148;TRAUMATISMO DURANTE EL NACIMIENTO EN OTRAS PARTES DEL SISTEMA NERVIOSO PERIFERICO
P149;TRAUMATISMO NO ESPECIFICADO DEL SISTEMA NERVIOSO PERIFERICO DURANTE EL NACIMIENTO
P15;OTROS TRAUMATISMOS DEL NACIMIENTO
P150;LESION DEL HIGADO DURANTE EL NACIMIENTO
P151;LESION DEL BAZO DURANTE EL NACIMIENTO
P152;TRAUMATISMO DEL MUSCULO ESTERNOCLEIDOMASTOIDEO DURANTE EL NACIMIENTO
P153;TRAUMATISMO OCULAR DURANTE EL NACIMIENTO
P154;TRAUMATISMO FACIAL DURANTE EL NACIMIENTO
P155;TRAUMATISMO DE LOS GENITALES EXTERNOS DURANTE EL NACIMIENTO
P156;NECROSIS GRASA SUBCUTANEA DEBIDA A TRAUMATISMO DEL NACIMIENTO
P158;OTROS TRAUMATISMOS ESPECIFICADOS, DURANTE EL NACIMIENTO
P159;TRAUMATISMO NO ESPECIFICADO, DURANTE EL NACIMIENTO
P20;HIPOXIA INTRAUTERINA
P200;HIPOXIA INTRAUTERINA NOTADA POR PRIMERA VEZ ANTES DEL INICIO DEL TRABAJO DE PARTO
P201;HIPOXIA INTRAUTERINA NOTADA POR PRIMERA VEZ DURANTE EL TRABAJO DE PARTO Y EL PARTO
P209;HIPOXIA INTRAUTERINA, NO ESPECIFICADA
P21;ASFIXIA DEL NACIMIENTO
P210;ASFIXIA DEL NACIMIENTO, SEVERA
P211;ASFIXIA DEL NACIMIENTO, LEVE Y MODERADA
P219;ASFIXIA DEL NACIMIENTO, NO ESPECIFICADA
P22;DIFICULTAD RESPIRATORIA DEL RECIEN NACIDO
P220;SINDROME DE DIFICULTAD RESPIRATORIA DEL RECIEN NACIDO
P221;TAQUIPNEA TRANSITORIA DEL RECIEN NACIDO
P228;OTRAS DIFICULTADES RESPIRATORIAS DEL RECIEN NACIDO
P229;DIFICULTAD RESPIRATORIA DEL RECIEN NACIDO, NO ESPECIFICADA
P23;NEUMONIA CONGENITA
P230;NEUMONIA CONGENITA DEBIDA A AGENTE VIRAL
P231;NEUMONIA CONGENITA DEBIDA A CHLAMYDIA
P232;NEUMONIA CONGENITA DEBIDA A ESTAFILOCOCOS
P233;NEUMONIA CONGENITA DEBIDA A ESTREPTOCOCOS DEL GRUPO B
P234;NEUMONIA CONGENITA DEBIDA A ESCHERICHIA COLI
P235;NEUMONIA CONGENITA DEBIDA A PSEUDOMONAS
P236;NEUMONIA CONGENITA DEBIDA A OTROS AGENTES BACTERIANOS
P238;NEUMONIA CONGENITA DEBIDA A OTROS ORGANISMOS
P239;NEUMONIA CONGENITA, ORGANISMO NO ESPECIFICADO
P24;SINDROMES DE ASPIRACION NEONATAL
P240;ASPIRACION NEONATAL DE MECONIO
P241;ASPIRACION NEONATAL DE LIQUIDO AMNIOTICO Y DE MOCO
P242;ASPIRACION NEONATAL DE SANGRE
P243;ASPIRACION NEONATAL DE LECHE Y ALIMENTO REGURGITADO
P248;OTROS SINDROMES DE ASPIRACION NEONATAL
P249;SINDROME DE ASPIRACION NEONATAL, SIN OTRA ESPECIFICACION
P25;ENFISEMA INTERSTICIAL Y AFECCIONES RELACIONADAS, ORIGINADAS EN EL PERIODO PERINATAL
P250;ENFISEMA INTERSTICIAL ORIGINADO EN EL PERIODO PERINATAL
P251;NEUMOTORAX ORIGINADO EN EL PERIODO PERINATAL
P252;NEUMOMEDIASTINO ORIGINADO EN EL PERIODO PERINATAL
P253;NEUMOPERICARDIO ORIGINADO EN EL PERIODO PERINATAL
P258;OTRAS AFECCIONES RELACIONADAS CON EL ENFISEMA INTERSTICIAL, ORIGINADAS EN EL PERIODO PERINATAL
P26;HEMORRAGIA PULMONAR ORIGINADA EN EL PERIODO PERINATAL
P260;HEMORRAGIA TRAQUEOBRONQUIAL ORIGINADA EN EL PERIODO PERINATAL
P261;HEMORRAGIA PULMONAR MASIVA ORIGINADA EN EL PERIODO PERINATAL
P268;OTRAS HEMORRAGIAS PULMONARES ORIGINADAS EN EL PERIODO PERINATAL
P269;HEMORRAGIA PULMONAR NO ESPECIFICADA, ORIGINADA EN EL PERIODO PERINATAL
P27;ENFERMEDAD RESPIRATORIA CRONICA ORIGINADA EN EL PERIODO PERINATAL
P270;SINDROME DE WILSON-MIKITY
P271;DISPLASIA BRONCOPULMONAR ORIGINADA EN EL PERIODO PERINATAL
P278;OTRAS ENFERMEDADES RESPIRATORIAS CRONICAS ORIGINADAS EN EL PERIODO PERINATAL
P279;ENFERMEDAD RESPIRATORIA CRONICA NO ESPECIFICADA ORIGINADA EN EL PERIODO PERINATAL
P28;OTROS PROBLEMAS RESPIRATORIOS DEL RECIEN NACIDO, ORIGINADOS EN EL PERIODO PERINATAL
P280;ATELECTASIA PRIMARIA DEL RECIEN NACIDO
P281;OTRAS ATELECTASIAS DEL RECIEN NACIDO Y LAS NO ESPECIFICADAS
P282;ATAQUE CIANOTICO DEL RECIEN NACIDO
P283;APNEA PRIMARIA DEL SUEÑO DEL RECIEN NACIDO
P284;OTRAS APNEAS DEL RECIEN NACIDO
P285;INSUFICIENCIA RESPIRATORIA DEL RECIEN NACIDO
P288;OTROS PROBLEMAS RESPIRATORIOS ESPECIFICADOS DEL RECIEN NACIDO
P289;AFECCION RESPIRATORIA NO ESPECIFICADA DEL RECIEN NACIDO
P29;TRASTORNOS CARDIOVASCULARES ORIGINADOS EN EL PERIODO PERINATAL
P290;INSUFICIENCIA CARDIACA NEONATAL
P291;DISRITMIA CARDIACA NEONATAL
P292;HIPERTENSION NEONATAL
P293;PERSISTENCIA DE LA CIRCULACION FETAL
P294;ISQUEMIA MIOCARDICA TRANSITORIA DEL RECIEN NACIDO
P298;OTROS TRASTORNOS CARDIOVASCULARES ORIGINADOS EN EL PERIODO PERINATAL
P299;TRASTORNO CARDIOVASCULAR NO ESPECIFICADO, ORIGINADO EN EL PERIODO PERINATAL
P35;ENFERMEDADES VIRALES CONGENITAS
P350;SINDROME DE RUBEOLA CONGENITA
P351;INFECCION CITOMEGALOVIRICA CONGENITA
P352;INFECCIONES CONGENITAS POR VIRUS DEL HERPES SIMPLE
P353;HEPATITIS VIRAL CONGENITA
P358;OTRAS ENFERMEDADES VIRALES CONGENITAS
P359;ENFERMEDAD VIRAL CONGENITA, SIN OTRA ESPECIFICACION
P36;SEPSIS BACTERIANA DEL RECIEN NACIDO
P360;SEPSIS DEL RECIEN NACIDO DEBIDA A ESTREPTOCOCO DEL GRUPO B
P361;SEPSIS DEL RECIEN NACIDO DEBIDA A OTROS ESTREPTOCOCOS Y A LOS NO ESPECIFICADOS
P362;SEPSIS DEL RECIEN NACIDO DEBIDA A STAPHYLOCOCCUS AUREUS
P363;SEPSIS DEL RECIEN NACIDO DEBIDA A OTROS ESTAFILOCOCOS Y A LOS NO ESPECIFICADOS
P364;SEPSIS DEL RECIEN NACIDO DEBIDA A ESCHERICHIA COLI
P365;SEPSIS DEL RECIEN NACIDO DEBIDA A ANAEROBIOS
P368;SEPSIS DEL RECIEN NACIDO DEBIDA A OTRAS BACTERIAS
P369;SEPSIS BACTERIANA DEL RECIEN NACIDO, NO ESPECIFICADA
P37;OTRAS ENFERMEDADES INFECCIOSAS Y PARASITARIAS CONGENITAS
P370;TUBERCULOSIS CONGENITA
P371;TOXOPLASMOSIS CONGENITA
P372;LISTERIOSIS CONGENITA (DISEMINADA)
P373;PALUDISMO CONGENITO POR PLASMODIUM FALCIPARUM
P374;OTROS PALUDISMOS CONGENITOS
P375;CANDIDIASIS NEONATAL
P378;OTRAS ENFERMEDADES NEONATALES INFECCIOSAS O PARASITARIAS ESPECIFICADAS
P379;ENFERMEDAD INFECCIOSA Y PARASITARIA CONGENITA, NO ESPECIFICADA
P38X;ONFALITIS DEL RECIEN NACIDO CON O SIN HEMORRAGIA LEVE
P39;OTRAS INFECCIONES ESPECIFICAS DEL PERIODO PERINATAL
P390;MASTITIS INFECCIOSA NEONATAL
P391;CONJUNTIVITIS Y DACRIOCISTITIS NEONATALES
P392;INFECCION INTRAAMNIOTICA DEL FETO, NO CLASIFICADA EN OTRA PARTE
P393;INFECCION NEONATAL DE LAS VIAS URINARIAS
P394;INFECCION CUTANEA NEONATAL
P398;OTRAS INFECCIONES ESPECIFICADAS PROPIAS DEL PERIODO PERINATAL
P399;INFECCION PROPIA DEL PERIODO PERINATAL, NO ESPECIFICADA
P50;PERDIDA DE SANGRE FETAL
P500;PERDIDA DE SANGRE FETAL POR VASA PREVIA
P501;PERDIDA DE SANGRE FETAL POR RUPTURA DEL CORDON UMBILICAL
P502;PERDIDA DE SANGRE FETAL POR LA PLACENTA
P503;HEMORRAGIA FETAL HACIA EL OTRO GEMELO
P504;HEMORRAGIA FETAL HACIA LA CIRCULACION MATERNA
P505;PERDIDA DE SANGRE FETAL POR EL CORTE DEL CORDON UMBILICAL EN EL OTRO GEMELO
P508;OTRAS PERDIDAS DE SANGRE FETAL
P509;PERDIDA DE SANGRE FETAL, NO ESPECIFICADA
P51;HEMORRAGIA UMBILICAL DEL RECIEN NACIDO
P510;HEMORRAGIA UMBILICAL MASIVA DEL RECIEN NACIDO
P518;OTRAS HEMORRAGIAS UMBILICALES DEL RECIEN NACIDO
P519;HEMORRAGIA UMBILICAL DEL RECIEN NACIDO, SIN OTRA ESPECIFICACION
P52;HEMORRAGIA INTRACRANEAL NO TRAUMATICA DEL FETO Y DEL RECIEN NACIDO
P520;HEMORRAGIA INTRAVENTRICULAR (NO TRAUMATICA) GRADO 1, DEL FETO Y DEL RECIEN NACIDO
P521;HEMORRAGIA INTRAVENTRICULAR (NO TRAUMATICA) GRADO 2, DEL FETO Y DEL RECIEN NACIDO
P522;HEMORRAGIA INTRAVENTRICULAR (NO TRAUMATICA) GRADO 3, DEL FETO Y DEL RECIEN NACIDO
P523;HEMORRAGIA INTRAVENTRICULAR (NO TRAUMATICA) DEL FETO Y DEL RECIEN NACIDO, SIN OTRA ESPECIFICACION
P524;HEMORRAGIA INTRACEREBRAL (NO TRAUMATICA) DEL FETO Y DEL RECIEN NACIDO
P525;HEMORRAGIA SUBARACNOIDEA (NO TRAUMATICA) DEL FETO Y DEL RECIEN NACIDO
P526;HEMORRAGIA CEREBELOSA Y DE LA FOSA POSTERIOR (NO TRAUMATICA) DEL FETO Y DEL RECIEN NACIDO
P528;OTRAS HEMORRAGIAS INTRACRANEALES (NO TRAUMATICAS) DEL FETO Y DEL RECIEN NACIDO
P529;HEMORRAGIA INTRACRANEAL (NO TRAUMATICA) DEL FETO Y DEL RECIEN NACIDO, SIN OTRA ESPECIFICACION
P53X;ENFERMEDAD HEMORRAGICA DEL FETO Y DEL RECIEN NACIDO
P54;OTRAS HEMORRAGIAS NEONATALES
P540;HEMATEMESIS NEONATAL
P541;MELENA NEONATAL
P542;HEMORRAGIA RECTAL NEONATAL
P543;OTRAS HEMORRAGIAS GASTROINTESTINALES NEONATALES
P544;HEMORRAGIA SUPRARRENAL NEONATAL
P545;HEMORRAGIA CUTANEA NEONATAL
P546;HEMORRAGIA VAGINAL NEONATAL
P548;OTRAS HEMORRAGIAS FETALES Y NEONATALES ESPECIFICADAS
P549;HEMORRAGIA NEONATAL, NO ESPECIFICADA
P55;ENFERMEDAD HEMOLITICA DEL FETO Y DEL RECIEN NACIDO
P550;INCOMPATIBILIDAD RH DEL FETO Y DEL RECIEN NACIDO
P551;INCOMPATIBILIDAD ABO DEL FETO Y DEL RECIEN NACIDO
P558;OTRAS ENFERMEDADES HEMOLITICAS DEL FETO Y DEL RECIEN NACIDO
P559;ENFERMEDAD HEMOLITICA DEL FETO Y DEL RECIEN NACIDO, NO ESPECIFICADA
P56;HIDROPESIA FETAL DEBIDA A ENFERMEDAD HEMOLITICA
P560;HIDROPESIA FETAL DEBIDA A INCOMPATIBILIDAD
P569;HIDROPESIA FETAL DEBIDA A OTRAS ENFERMEDADES HEMOLITICAS ESPECIFICADAS Y A LAS NO ESPECIFICADAS
P57;KERNICTERUS
P570;KERNICTERUS DEBIDO A INCOMPATIBILIDAD
P578;KERNICTERUS DEBIDO A OTRAS CAUSAS ESPECIFICADAS
P579;KERNICTERUS, NO ESPECIFICADO
P58;ICTERICIA NEONATAL DEBIDA A OTRAS HEMOLISIS EXCESIVAS
P580;ICTERICIA NEONATAL DEBIDA A CONTUSION
P581;ICTERICIA NEONATAL DEBIDA A HEMORRAGIA
P582;ICTERICIA NEONATAL DEBIDA A INFECCION
P583;ICTERICIA NEONATAL DEBIDA A POLICITEMIA
P584;ICTERICIA NEONATAL DEBIDA A DROGAS O TOXINAS TRANSMITIDAS POR LA MADRE O ADMINISTRADAS AL RECIEN NACIDO
P585;ICTERICIA NEONATAL DEBIDA A DEGLUCION DE SANGRE MATERNA
P588;ICTERICIA NEONATAL DEBIDA A OTRAS HEMOLISIS EXCESIVAS ESPECIFICADAS
P589;ICTERICIA NEONATAL DEBIDA A HEMOLISIS EXCESIVA, SIN OTRA ESPECIFICACION
P59;ICTERICIA NEONATAL POR OTRAS CAUSAS Y POR LAS NO ESPECIFICADAS
P590;ICTERICIA NEONATAL ASOCIADA CON EL PARTO ANTES DE TERMINO
P591;SINDROME DE LA BILIS ESPESA
P592;ICTERICIA NEONATAL DEBIDA A OTRA LESION HEPATICA ESPECIFICADA O NO
P593;ICTERICIA NEONATAL POR INHIBIDOR DE LA LECHE MATERNA
P598;ICTERICIA NEONATAL POR OTRAS CAUSAS ESPECIFICADAS
P599;ICTERICIA NEONATAL, NO ESPECIFICADA
P60X;COAGULACION INTRAVASCULAR DISEMINADA EN EL FETO Y EL RECIEN NACIDO
P61;OTROS TRASTORNOS HEMATOLOGICOS PERINATALES
P610;TROMBOCITOPENIA NEONATAL TRANSITORIA
P611;POLICITEMIA NEONATAL
P612;ANEMIA DE LA PREMATURIDAD
P613;ANEMIA CONGENITA DEBIDA A PERDIDA DE SANGRE FETAL
P614;OTRAS ANEMIAS CONGENITAS, NO CLASIFICADAS EN OTRA PARTE
P615;NEUTROPENIA NEONATAL TRANSITORIA
P616;OTROS TRASTORNOS NEONATALES TRANSITORIOS DE LA COAGULACION
P618;OTROS TRASTORNOS HEMATOLOGICOS PERINATALES ESPECIFICADOS
P619;TRASTORNO HEMATOLOGICO PERINATAL, NO ESPECIFICADO
P70;TRASTORNOS TRANSITORIOS DEL METABOLISMO DE LOS CARBOHIDRATOS ESPECIFICOS DEL FETO Y DEL RECIEN NACIDO
P700;SINDROME DEL RECIEN NACIDO DE MADRE CON DIABETES GESTACIONAL
P701;SINDROME DEL RECIEN NACIDO DE MADRE DIABETICA
P702;DIABETES MELLITUS NEONATAL
P703;HIPOGLICEMIA NEONATAL YATROGENICA
P704;OTRAS HIPOGLICEMIAS NEONATALES
P708;OTROS TRASTORNOS TRANSITORIOS DEL METABOLISMO DE LOS CARBOHIDRATOS EN EL FETO Y EL RECIEN NACIDO
P709;TRASTORNO TRANSITORIO NO ESPECIFICADO DEL METABOLISMO DE LOS CARBOHIDRATOS EN EL FETO Y EL RECIEN NACIDO
P71;TRASTORNOS NEONATALES TRANSITORIOS DEL METABOLISMO DEL CALCIO Y DEL MAGNESIO
P710;HIPOCALCEMIA DEL RECIEN NACIDO DEBIDA A LA LECHE DE VACA
P711;OTRA HIPOCALCEMIA NEONATAL
P712;HIPOMAGNESEMIA NEONATAL
P713;TETANIA NEONATAL SIN MENCION DE DEFICIENCIA DE CALCIO O DE MAGNESIO
P714;HIPOPARATIROIDISMO NEONATAL TRANSITORIO
P718;OTROS TRASTORNOS NEONATALES TRANSITORIOS DEL METABOLISMO DEL CALCIO Y DEL MAGNESIO
P719;TRASTORNO NEONATAL TRANSITORIO NO ESPECIFICADO DEL METABOLISMO DEL CALCIO Y DEL MAGNESIO
P72;OTROS TRASTORNOS ENDOCRINOS NEONATALES TRANSITORIOS
P720;BOCIO NEONATAL, NO CLASIFICADO EN OTRA PARTE
P721;HIPERTIROIDISMO NEONATAL TRANSITORIO
P722;OTROS TRASTORNOS NEONATALES TRANSITORIOS DE LA FUNCION TIROIDEA, NO CLASIFICADOS EN OTRA PARTE
P728;OTROS TRASTORNOS ENDOCRINOS NEONATALES TRANSITORIOS ESPECIFICADOS
P729;TRASTORNO ENDOCRINO NEONATAL TRANSITORIO, NO ESPECIFICADO
P74;OTRAS ALTERACIONES METABOLICAS Y ELECTROLITICAS NEONATALES TRANSITORIAS
P740;ACIDOSIS METABOLICA TARDIA DEL RECIEN NACIDO
P741;DESHIDRATACION DEL RECIEN NACIDO
P742;ALTERACIONES DEL EQUILIBRIO DEL SODIO EN EL RECIEN NACIDO
P743;ALTERACIONES DEL EQUILIBRIO DEL POTASIO EN EL RECIEN NACIDO
P744;OTRAS ALTERACIONES ELECTROLITICAS TRANSITORIAS DEL RECIEN NACIDO
P745;TIROSINEMIA TRANSITORIA DEL RECIEN NACIDO
P748;OTRAS ALTERACIONES METABOLICAS TRANSITORIAS DEL RECIEN NACIDO
P749;TRASTORNO METABOLICO TRANSITORIO DEL RECIEN NACIDO, NO ESPECIFICADO
P75X;ILEO MECONIAL EN LA FIBROSIS QUISTICA (E84.1†)
P76;OTRAS OBSTRUCCIONES INTESTINALES DEL RECIEN NACIDO
P760;SINDROME DEL TAPON DE MECONIO
P761;ILEO TRANSITORIO DEL RECIEN NACIDO
P762;OBSTRUCCION INTESTINAL DEBIDA A LA LECHE ESPESA
P768;OTRAS OBSTRUCCIONES INTESTINALES ESPECIFICADAS DEL RECIEN NACIDO
P769;OBSTRUCCION INTESTINAL DEL RECIEN NACIDO, NO ESPECIFICADA
P77X;ENTEROCOLITIS NECROTIZANTE DEL FETO Y DEL RECIEN NACIDO
P78;OTROS TRASTORNOS PERINATALES DEL SISTEMA DIGESTIVO
P780;PERFORACION INTESTINAL PERINATAL
P781;OTRAS PERITONITIS NEONATALES
P782;HEMATEMESIS Y MELENA NEONATALES DEBIDAS A LA DEGLUCION DE SANGRE MATERNA
P783;DIARREA NEONATAL NO INFECCIOSA
P788;OTROS TRASTORNOS PERINATALES ESPECIFICOS DEL SISTEMA DIGESTIVO
P789;TRASTORNO PERINATAL DEL SISTEMA DIGESTIVO, NO ESPECIFICADO
P80;HIPOTERMIA DEL RECIEN NACIDO
P800;SINDROME DEL ENFRIAMIENTO
P808;OTRAS HIPOTERMIAS DEL RECIEN NACIDO
P809;HIPOTERMIA DEL RECIEN NACIDO, NO ESPECIFICADA
P81;OTRAS ALTERACIONES DE LA REGULACION DE LA TEMPERATURA EN EL RECIEN NACIDO
P810;HIPERTERMIA DEL RECIEN NACIDO INDUCIDA POR LAS CONDICIONES AMBIENTALES
P818;OTRAS ALTERACIONES ESPECIFICADAS DE LA REGULACION DE LA TEMPERATURA DEL RECIEN NACIDO
P819;ALTERACION NO ESPECIFICADA DE LA REGULACION DE LA TEMPERATURA EN EL RECIEN NACIDO
P83;OTRAS AFECCIONES DE LA PIEL ESPECIFICAS DEL FETO Y DEL RECIEN NACIDO
P830;ESCLEREMA NEONATAL
P831;ERITEMA TOXICO NEONATAL
P832;HIDROPESIA FETAL NO DEBIDA A ENFERMEDAD HEMOLITICA
P833;OTROS EDEMAS Y LOS NO ESPECIFICADOS, PROPIOS DEL FETO Y DEL RECIEN NACIDO
P834;INGURGITACION MAMARIA DEL RECIEN NACIDO
P835;HIDROCELE CONGENITO
P836;POLIPO UMBILICAL DEL RECIEN NACIDO
P838;OTRAS AFECCIONES ESPECIFICADAS DE LA PIEL, PROPIAS DEL FETO Y DEL RECIEN NACIDO
P839;AFECCION NO ESPECIFICADA DE LA PIEL, PROPIA DEL FETO Y DEL RECIEN NACIDO
P90X;CONVULSIONES DEL RECIEN NACIDO
P91;OTRAS ALTERACIONES CEREBRALES DEL RECIEN NACIDO
P910;ISQUEMIA CEREBRAL NEONATAL
P911;QUISTES PERIVENTRICULARES ADQUIRIDOS DEL RECIEN NACIDO
P912;LEUCOMALACIA CEREBRAL NEONATAL
P913;IRRITABILIDAD CEREBRAL NEONATAL
P914;DEPRESION CEREBRAL NEONATAL
P915;COMA NEONATAL
P916;ENCEFALOPATIA HIPOXICO ISQUEMICA DEL RECIEN NACIDO
P917;HIDROCEFALIA ADQUIRIDA DEL RECIEN NACIDO
P918;OTRAS ALTERACIONES CEREBRALES ESPECIFICADAS DEL RECIEN NACIDO
P919;ALTERACION CEREBRAL NO ESPECIFICADA DEL RECIEN NACIDO
P92;PROBLEMAS DE LA INGESTION DE ALIMENTOS DEL RECIEN NACIDO
P920;VOMITOS DEL RECIEN NACIDO
P921;REGURGITACION Y RUMIACION DEL RECIEN NACIDO
P922;LENTITUD EN LA INGESTION DE ALIMENTOS DEL RECIEN NACIDO
P923;HIPOALIMENTACION DEL RECIEN NACIDO
P924;HIPERALIMENTACION DEL RECIEN NACIDO
P925;DIFICULTAD NEONATAL EN LA LACTANCIA MATERNA
P928;OTROS PROBLEMAS DE ALIMENTACION DEL RECIEN NACIDO
P929;PROBLEMA NO ESPECIFICADO DE LA ALIMENTACION DEL RECIEN NACIDO
P93X;REACCIONES E INTOXICACIONES DEBIDAS A DROGAS ADMINISTRADAS AL FETO Y AL RECIEN NACIDO
P94;TRASTORNOS DEL TONO MUSCULAR DEL RECIEN NACIDO
P940;MIASTENIA GRAVE NEONATAL TRANSITORIA
P941;HIPERTONIA CONGENITA
P942;HIPOTONIA CONGENITA
P948;OTROS TRASTORNOS DEL TONO MUSCULAR EN EL RECIEN NACIDO
P949;TRASTORNO NO ESPECIFICADO DEL TONO MUSCULAR EN EL RECIEN NACIDO
P95X;MUERTE FETAL DE CAUSA NO ESPECIFICADA
P96;OTRAS AFECCIONES ORIGINADAS EN EL PERIODO PERINATAL
P960;INSUFICIENCIA RENAL CONGENITA
P961;SINTOMAS NEONATALES DE ABSTINENCIA POR DROGADICCION MATERNA
P962;SINTOMAS DE ABSTINENCIA POR EL USO TERAPEUTICO DE DROGAS EN EL RECIEN NACIDO
P963;AMPLITUD DE LAS SUTURAS CRANEALES DEL RECIEN NACIDO
P964;TERMINACION DEL EMBARAZO, FETO Y RECIEN NACIDO
P965;COMPLICACIONES DE PROCEDIMIENTOS INTRAUTERINOS, NO CLASIFICADOS EN OTRA PARTE
P968;OTRAS AFECCIONES ESPECIFICADAS ORIGINADAS EN EL PERIODO PERINATAL
P969;AFECCION NO ESPECIFICADA ORIGINADA EN EL PERIODO PERINATAL
Q00;ANENCEFALIA Y MALFORMACIONES CONGENITAS SIMILARES
Q000;ANENCEFALIA
Q001;CRANEORRAQUISQUISIS
Q002;INIENCEFALIA
Q01;ENCEFALOCELE
Q010;ENCEFALOCELE FRONTAL
Q011;ENCEFALOCELE NASOFRONTAL
Q012;ENCEFALOCELE OCCIPITAL
Q018;ENCEFALOCELE DE OTROS SITIOS
Q019;ENCEFALOCELE, NO ESPECIFICADO
Q02X;MICROCEFALIA
Q03;HIDROCEFALO CONGENITO
Q030;MALFORMACIONES DEL ACUEDUCTO DE SILVIO
Q031;ATRESIA DE LOS AGUJEROS DE MAGENDIE Y DE LUSCHKA
Q038;OTROS HIDROCEFALOS CONGENITOS
Q039;HIDROCEFALO CONGENITO, NO ESPECIFICADO
Q04;OTRAS MALFORMACIONES CONGENITAS DEL ENCEFALO
Q040;MALFORMACIONES CONGENITAS DEL CUERPO CALLOSO
Q041;ARRINENCEFALIA
Q042;HOLOPROSENCEFALIA
Q043;OTRAS ANOMALIAS HIPOPLASICAS DEL ENCEFALO
Q044;DISPLASIA OPTICOSEPTAL
Q045;MEGALENCEFALIA
Q046;QUISTES CEREBRALES CONGENITOS
Q048;OTRAS MALFORMACIONES CONGENITAS DEL ENCEFALO, ESPECIFICADAS
Q049;MALFORMACION CONGENITA DEL ENCEFALO, NO ESPECIFICADA
Q05;ESPINA BIFIDA
Q050;ESPINA BIFIDA CERVICAL CON HIDROCEFALO
Q051;ESPINA BIFIDA TORACICA CON HIDROCEFALO
Q052;ESPINA BIFIDA LUMBAR CON HIDROCEFALO
Q053;ESPINA BIFIDA SACRA CON HIDROCEFALO
Q054;ESPINA BIFIDA CON HIDROCEFALO, SIN OTRA ESPECIFICACION
Q055;ESPINA BIFIDA CERVICAL SIN HIDROCEFALO
Q056;ESPINA BIFIDA TORACICA SIN HIDROCEFALO
Q057;ESPINA BIFIDA LUMBAR SIN HIDROCEFALO
Q058;ESPINA BIFIDA SACRA SIN HIDROCEFALO
Q059;ESPINA BIFIDA, NO ESPECIFICADA
Q06;OTRAS MALFORMACIONES CONGENITAS DE LA MEDULA ESPINAL
Q060;AMIELIA
Q061;HIPOPLASIA Y DISPLASIA DE LA MEDULA ESPINAL
Q062;DIASTEMATOMIELIA
Q063;OTRAS ANOMALIAS CONGENITAS DE LA COLA DE CABALLO
Q064;HIDROMIELIA
Q068;OTRAS MALFORMACIONES CONGENITAS ESPECIFICADAS DE LA MEDULA ESPINAL
Q069;MALFORMACION CONGENITA DE LA MEDULA ESPINAL, NO ESPECIFICADA
Q07;OTRAS MALFORMACIONES CONGENITAS DEL SISTEMA NERVIOSO
Q070;SINDROME DE ARNOLD-CHIARI
Q078;OTRAS MALFORMACIONES CONGENITAS DEL SISTEMA NERVIOSO, ESPECIFICADAS
Q079;OTRAS MALFORMACIONES CONGENITAS DEL SISTEMA NERVIOSO, NO ESPECIFICADA
Q10;MALFORMACIONES CONGENITAS DE LOS PARPADOS, DEL APARATO LAGRIMAL Y DE LA ORBITA
Q100;BLEFAROPTOSIS CONGENITA
Q101;ECTROPION CONGENITO
Q102;ENTROPION CONGENITO
Q103;OTRAS MALFORMACIONES CONGENITAS DE LOS PARPADOS
Q104;AUSENCIA Y AGENESIA DEL APARATO LAGRIMAL
Q105;ESTENOSIS Y ESTRECHEZ CONGENITAS DEL CONDUCTO LAGRIMAL
Q106;OTRAS MALFORMACIONES CONGENITAS DEL APARATO LAGRIMAL
Q107;MALFORMACION CONGENITA DE LA ORBITA
Q11;ANOFTALMIA, MICROFTALMIA Y MACROFTALMIA
Q110;GLOBO OCULAR QUISTICO
Q111;OTRAS ANOFTALMIAS
Q112;MICROFTALMIA
Q113;MACROFTALMIA
Q12;MALFORMACIONES CONGENITAS DEL CRISTALINO
Q120;CATARATA CONGENITA
Q121;DESPLAZAMIENTO CONGENITO DEL CRISTALINO
Q122;COLOBOMA DEL CRISTALINO
Q123;AFAQUIA CONGENITA
Q124;ESFEROFAQUIA
Q128;OTRAS MALFORMACIONES CONGENITAS DEL CRISTALINO
Q129;MALFORMACION CONGENITA DEL CRISTALINO, NO ESPECIFICADA
Q13;MALFORMACIONES CONGENITAS DEL SEGMENTO ANTERIOR DEL OJO
Q130;COLOBOMA DEL IRIS
Q131;AUSENCIA DEL IRIS
Q132;OTRAS MALFORMACIONES CONGENITAS DEL IRIS
Q133;OPACIDAD CORNEAL CONGENITA
Q134;OTRAS MALFORMACIONES CONGENITAS DE LA CORNEA
Q135;ESCLEROTICA AZUL
Q138;OTRAS MALFORMACIONES CONGENITAS DEL SEGMENTO ANTERIOR DEL OJO
Q139;MALFORMACION CONGENITA DEL SEGMENTO ANTERIOR DEL OJO, NO ESPECIFICADA
Q14;MALFORMACIONES CONGENITAS DEL SEGMENTO POSTERIOR DEL OJO
Q140;MALFORMACION CONGENITA DEL HUMOR VITREO
Q141;MALFORMACION CONGENITA DE LA RETINA
Q142;MALFORMACION CONGENITA DEL DISCO OPTICO
Q143;MALFORMACION CONGENITA DE LA COROIDES
Q148;OTRAS MALFORMACIONES CONGENITAS DEL SEGMENTO POSTERIOR DEL OJO
Q149;MALFORMACION CONGENITA DEL SEGMENTO POSTERIOR DEL OJO, NO ESPECIFICADA
Q15;OTRAS MALFORMACIONES CONGENITAS DEL OJO
Q150;GLAUCOMA CONGENITO
Q158;OTRAS MALFORMACIONES CONGENITAS DEL OJO, ESPECIFICADAS
Q159;MALFORMACIONES CONGENITAS DEL OJO, NO ESPECIFICADAS
Q16;MALFORMACIONES CONGENITAS DEL OIDO QUE CAUSAN LA ALTERACION DE LA AUDICION
Q160;AUSENCIA CONGENITA DEL PABELLON (DE LA OREJA)
Q161;AUSENCIA CONGENITA, ATRESIA O ESTRECHEZ DEL CONDUCTO AUDITIVO (EXTERNO)
Q162;AUSENCIA DE LA TROMPA DE EUSTAQUIO
Q163;MALFORMACION CONGENITA DE LOS HUESECILLOS DEL OIDO
Q164;OTRAS MALFORMACIONES CONGENITAS DEL OIDO MEDIO
Q165;MALFORMACION CONGENITA DEL OIDO INTERNO
Q169;MALFORMACION CONGENITA DEL OIDO QUE CAUSA ALTERACION DE LA AUDICION, SIN OTRA ESPECIFICACION
Q17;OTRAS MALFORMACIONES CONGENITAS DEL OIDO
Q170;OREJA SUPERNUMERARIA
Q171;MACROTIA
Q172;MICROTIA
Q173;OTRAS DEFORMIDADES DEL PABELLON AURICULAR
Q174;ANOMALIA DE LA POSICION DE LA OREJA
Q175;OREJA PROMINENTE
Q178;OTRAS MALFORMACIONES CONGENITAS DEL OIDO, ESPECIFICADAS
Q179;MALFORMACION CONGENITA DEL OIDO, NO ESPECIFICADA
Q18;OTRAS MALFORMACIONES CONGENITAS DEL LA CARA Y DEL CUELLO
Q180;SENO, FISTULA O QUISTE DE LA HENDIDURA BRANQUIAL
Q181;SENO Y QUISTE PREAURICULAR
Q182;OTRAS MALFORMACIONES DE LAS HENDIDURAS BRANQUIALES
Q183;PTERIGION DEL CUELLO
Q184;MACROSTOMIA
Q185;MICROSTOMIA
Q186;MACROQUEILIA
Q187;MICROQUEILIA
Q188;OTRAS MALFORMACIONES CONGENITAS ESPECIFICADAS DE CARA Y CUELLO
Q189;MALFORMACION CONGENITA DE LA CARA Y DEL CUELLO, NO ESPECIFICADA
Q20;MALFORMACIONES CONGENITAS DE LAS CAMARAS CARDIACAS Y SUS CONEXIONES
Q200;TRONCO ARTERIOSO COMUN
Q201;TRANSPOSICION DE LOS GRANDES VASOS EN VENTRICULO DERECHO
Q202;TRANSPOSICION DE LOS GRANDES VASOS EN VENTRICULO IZQUIERDO
Q203;DISCORDANCIA DE LA CONEXION VENTRICULOARTERIAL
Q204;VENTRICULO CON DOBLE ENTRADA
Q205;DISCORDANCIA DE LA CONEXION AURICULOVENTRICULAR
Q206;ISOMERISMO DE LOS APENDICES AURICULARES
Q208;OTRAS MALFORMACIONES CONGENITAS DE LAS CAMARAS CARDIACAS Y SUS CONEXIONES
Q209;MALFORMACION CONGENITA DE LAS CAMARAS CARDIACAS Y SUS CONEXIONES, NO ESPECIFICADA
Q21;MALFORMACIONES CONGENITAS DE LOS TABIQUES CARDIACOS
Q210;DEFECTO DEL TABIQUE VENTRICULAR
Q211;DEFECTO DEL TABIQUE AURICULAR
Q212;DEFECTO DEL TABIQUE AURICULOVENTRICULAR
Q213;TETRALOGIA DE FALLOT
Q214;DEFECTO DEL TABIQUE AORTOPULMONAR
Q218;OTRAS MALFORMACIONES CONGENITAS DE LOS TABIQUES CARDIACOS
Q219;MALFORMACION CONGENITA DEL TABIQUE CARDIACO, NO ESPECIFICADA
Q22;MALFORMACIONES CONGENITAS DE LA VALVULAS PULMONAR Y TRICUSPIDE
Q220;ATRESIA DE LA VALVULA PULMONAR
Q221;ESTENOSIS CONGENITA DE LA VALVULA PULMONAR
Q222;INSUFICIENCIA CONGENITA DE LA VALVULA PULMONAR
Q223;OTRAS MALFORMACIONES CONGENITAS DE LA VALVULA PULMONAR
Q224;ESTENOSIS CONGENITA DE LA VALVULA TRICUSPIDE
Q225;ANOMALIA DE EBSTEIN
Q226;SINDROME DE HIPOPLASIA DEL CORAZON DERECHO
Q228;OTRAS MALFORMACIONES CONGENITAS DE LA VALVULA TRICUSPIDE
Q229;MALFORMACION CONGENITA DE LA VALVULA TRICUSPIDE, NO ESPECIFICADA
Q23;MALFORMACIONES CONGENITAS DE LAS VALVULAS AORTICA Y MITRAL
Q230;ESTENOSIS CONGENITA DE LA VALVULA AORTICA
Q231;INSUFICIENCIA CONGENITA DE LA VALVULA AORTICA
Q232;ESTENOSIS MITRAL CONGENITA
Q233;INSUFICIENCIA MITRAL CONGENITA
Q234;SINDROME DE HIPOPLASIA DEL CORAZON IZQUIERDO
Q238;OTRAS MALFORMACIONES CONGENITAS DE LAS VALVULAS AORTICA Y MITRAL
Q239;MALFORMACION CONGENITA DE LAS VALVULAS AORTICA Y MITRAL, NO ESPECIFICADA
Q24;OTRAS MALFORMACIONES CONGENITAS DEL CORAZON
Q240;DEXTROCARDIA
Q241;LEVOCARDIA
Q242;CORAZON TRIAURICULAR
Q243;ESTENOSIS DEL INFUNDIBULO PULMONAR
Q244;ESTENOSIS SUBAORTICA CONGENITA
Q245;MALFORMACION DE LOS VASOS CORONARIOS
Q246;BLOQUEO CARDIACO CONGENITO
Q248;OTRAS MALFORMACIONES CONGENITAS DEL CORAZON, ESPECIFICADAS
Q249;MALFORMACION CONGENITA DEL CORAZON, NO ESPECIFICADA
Q25;MALFORMACIONES CONGENITAS DE LAS GRANDES ARTERIAS
Q250;CONDUCTO ARTERIOSO PERSISTENTE
Q251;COARTACION DE LA AORTA
Q252;ATRESIA DE LA AORTA
Q253;ESTENOSIS DE LA AORTA
Q254;OTRAS MALFORMACIONES CONGENITAS DE LA AORTA
Q255;ATRESIA DE LA ARTERIA PULMONAR
Q256;ESTENOSIS DE LA ARTERIA PULMONAR
Q257;OTRAS MALFORMACIONES CONGENITAS DE LA ARTERIA PULMONAR
Q258;OTRAS MALFORMACIONES CONGENITAS DE LAS GRANDES ARTERIAS
Q259;MALFORMACION CONGENITA DE LAS GRANDES ARTERIAS, NO ESPECIFICADA
Q26;MALFORMACIONES CONGENITAS DE LAS GRANDES VENAS
Q260;ESTENOSIS CONGENITA DE LA VENA CAVA
Q261;PERSISTENCIA DE LA VENA CAVA SUPERIOR IZQUIERDA
Q262;CONEXION ANOMALA TOTAL DE LAS VENAS PULMONARES
Q263;CONEXION ANOMALA PARCIAL DE LAS VENAS PULMONARES
Q264;CONEXION ANOMALA DE LAS VENAS PULMONARES, SIN OTRA ESPECIFICACION
Q265;CONEXION ANOMALA DE LA VENA PORTA
Q266;FISTULA ARTERIA HEPATICA-VENA PORTA
Q268;OTRAS MALFORMACIONES CONGENITAS DE LAS GRANDES VENAS
Q269;MALFORMACION CONGENITA DE LAS GRANDES VENAS, NO ESPECIFICADA
Q27;OTRAS MALFORMACIONES CONGENITAS DEL SISTEMA VASCULAR PERIFERICO
Q270;AUSENCIA E HIPOPLASIA CONGENITA DE LA ARTERIA UMBILICAL
Q271;ESTENOSIS CONGENITA DE LA ARTERIA RENAL
Q272;OTRAS MALFORMACIONES CONGENITAS DE LA ARTERIA RENAL
Q273;MALFORMACION ARTERIOVENOSA PERIFERICA
Q274;FLEBECTASIA CONGENITA
Q278;OTRAS MALFORMACIONES CONGENITAS DEL SISTEMA VASCULAR PERIFERICO, ESPECIFICADAS
Q279;MALFORMACION CONGENITA DEL SISTEMA VASCULAR PERIFERICO, NO ESPECIFICADA
Q28;OTRAS MALFORMACIONES CONGENITAS DEL SISTEMA CIRCULATORIO
Q280;MALFORMACION ARTERIOVENOSA DE LOS VASOS PRECEREBRALES
Q281;OTRAS MALFORMACIONES DE LOS VASOS PRECEREBRALES
Q282;MALFORMACION ARTERIOVENOSA DE LOS VASOS CEREBRALES
Q283;OTRAS MALFORMACIONES DE LOS VASOS CEREBRALES
Q288;OTRAS MALFORMACIONES CONGENITAS DEL SISTEMA CIRCULATORIO, ESPECIFICADAS
Q289;MALFORMACION CONGENITA DEL SISTEMA CIRCULATORIO, NO ESPECIFICADA
Q30;MALFORMACIONES CONGENITAS DE LA NARIZ
Q300;ATRESIA DE LAS COANAS
Q301;AGENESIA O HIPOPLASIA DE LA NARIZ
Q302;HENDIDURA, FISURA O MUESCA DE LA NARIZ
Q303;PERFORACION CONGENITA DEL TABIQUE NASAL
Q308;OTRAS MALFORMACIONES CONGENITAS DE LA NARIZ
Q309;MALFORMACION CONGENITA DE LA NARIZ, NO ESPECIFICADA
Q31;MALFORMACIONES CONGENITAS DE LA LARINGE
Q310;PTERIGION DE LA LARINGE
Q311;ESTENOSIS SUBGLOTICA CONGENITA
Q312;HIPOPLASIA LARINGEA
Q313;LARINGOCELE
Q314;ESTRIDOR LARINGEO CONGENITO
Q315;LARINGOMALASIA CONGENITA
Q318;OTRAS MALFORMACIONES CONGENITAS DE LA LARINGE
Q319;MALFORMACION CONGENITA DE LA LARINGE, NO ESPECIFICADA
Q32;MALFORMACIONES CONGENITAS DE LA TRAQUEA Y DE LOS BRONQUIOS
Q320;TRAQUEOMALACIA CONGENITA
Q321;OTRAS MALFORMACIONES CONGENITAS DE LA TRAQUEA
Q322;BRONCOMALACIA CONGENITA
Q323;ESTENOSIS CONGENITA DE LOS BRONQUIOS
Q324;OTRAS MALFORMACIONES CONGENITAS DE LOS BRONQUIOS
Q33;MALFORMACIONES CONGENITAS DEL PULMON
Q330;QUISTE PULMONAR CONGENITO
Q331;LOBULO PULMONAR SUPERNUMERARIO
Q332;SECUESTRO DEL PULMON
Q333;AGENESIA DEL PULMON
Q334;BRONQUIECTASIA CONGENITA
Q335;TEJIDO ECTOPICO EN EL PULMON
Q336;HIPOPLASIA Y DISPLASIA PULMONAR
Q338;OTRAS MALFORMACIONES CONGENITAS DEL PULMON
Q339;MALFORMACION CONGENITA DEL PULMON, NO ESPECIFICADA
Q34;OTRAS MALFORMACIONES CONGENITAS DEL SISTEMA RESPIRATORIO
Q340;ANOMALIA DE LA PLEURA
Q341;QUISTE CONGENITO DEL MEDIASTINO
Q348;OTRAS MALFORMACIONES CONGENITAS ESPECIFICADAS DEL SISTEMA RESPIRATORIO
Q349;MALFORMACION CONGENITA DEL SISTEMA RESPIRATORIO, NO ESPECIFICADA
Q35;FISURA DEL PALADAR
Q350;FISURA DEL PALADAR DURO, BILATERAL
Q351;FISURA DEL PALADAR DURO
Q352;FISURA DEL PALADAR BLANDO, BILATERAL
Q353;FISURA DEL PALADAR BLANDO
Q354;FISURA DEL PALADAR DURO Y DEL PALADAR BLANDO, BILATERAL
Q355;FISURA DEL PALADAR DURO Y DEL PALADAR BLANDO
Q356;FISURA DEL PALADAR, LINEA MEDIA
Q357;FISURA DE LA UVULA
Q358;FISURA DEL PALADAR, BILATERAL SIN OTRA ESPECIFICACION
Q359;FISURA DEL PALADAR, SIN OTRA ESPECIFICACION
Q36;LABIO LEPORINO
Q360;LABIO LEPORINO, BILATERAL
Q361;LABIO LEPORINO, LINEA MEDIA
Q369;LABIO LEPORINO, UNILATERAL
Q37;FISURA DEL PALADAR CON LABIO LEPORINO
Q370;FISURA DEL PALADAR DURO CON LABIO LEPORINO BILATERAL
Q371;FISURA DEL PALADAR DURO CON LABIO LEPORINO UNILATERAL
Q372;FISURA DEL PALADAR BLANDO CON LABIO LEPORINO BILATERAL
Q373;FISURA DEL PALADAR BLANDO CON LABIO LEPORINO UNILATERAL
Q374;FISURA DEL PALADAR DURO Y DEL PALADAR BLANDO CON LABIO LEPORINO BILATERAL
Q375;FISURA DEL PALADAR DURO Y DEL PALADAR BLANDO CON LABIO LEPORINO UNILATERAL
Q378;FISURA DEL PALADAR CON LABIO LEPORINO BILATERAL, SIN OTRA ESPECIFICACION
Q379;FISURA DEL PALADAR CON LABIO LEPORINO UNILATERAL, SIN OTRA ESPECIFICACION
Q38;OTRAS MALFORMACIONES CONGENITAS DE LA LENGUA, DE LA BOCA Y DE LA FARINGE
Q380;MALFORMACIONES CONGENITAS DE LOS LABIOS, NO CLASIFICADAS EN OTRA PARTE
Q381;ANQUILOGLOSIA
Q382;MACROGLOSIA
Q383;OTRAS MALFORMACIONES CONGENITAS DE LA LENGUA
Q384;MALFORMACIONES CONGENITAS DE LAS GLANDULAS Y DE LOS CONDUCTOS SALIVALES
Q385;MALFORMACIONES CONGENITAS DEL PALADAR, NO CLASIFICADAS EN OTRA PARTE
Q386;OTRAS MALFORMACIONES CONGENITAS DE LA BOCA
Q387;DIVERTICULO FARINGEO
Q388;OTRAS MALFORMACIONES CONGENITAS DE LA FARINGE
Q39;MALFORMACIONES CONGENITAS DEL ESOFAGO
Q390;ATRESIA DEL ESOFAGO SIN MENCION DE FISTULA
Q391;ATRESIA DEL ESOFAGO CON FISTULA TRAQUEOESOFAGICA
Q392;FISTULA TRAQUEOESOFAGICA CONGENITA SIN MENCION DE ATRESIA
Q393;ESTRECHEZ O ESTENOSIS CONGENITA DEL ESOFAGO
Q394;PTERIGION DEL ESOFAGO
Q395;DILATACION CONGENITA DEL ESOFAGO
Q396;DIVERTICULO DEL ESOFAGO
Q398;OTRAS MALFORMACIONES CONGENITAS DEL ESOFAGO
Q399;MALFORMACION CONGENITA DEL ESOFAGO, NO ESPECIFICADA
Q40;OTRAS MALFORMACIONES CONGENITAS DE LA PARTE SUPERIOR DEL TUBO DIGESTIVO
Q400;ESTENOSIS HIPERTROFICA CONGENITA DEL PILORO
Q401;HERNIA HIATAL CONGENITA
Q402;OTRAS MALFORMACIONES CONGENITAS DEL ESTOMAGO, ESPECIFICADAS
Q403;MALFORMACION CONGENITA DEL ESTOMAGO, NO ESPECIFICADA
Q408;OTRAS MALFORMACIONES CONGENITAS DE LA PARTE SUPERIOR DEL TUBO DIGESTIVO
Q409;MALFORMACION CONGENITA DE LA PARTE SUPERIOR DEL TUBO DIGESTIVO, NO ESPECIFICADA
Q41;AUSENCIA, ATRESIA Y ESTENOSIS CONGENITA DEL INTESTINO DELGADO
Q410;AUSENCIA, ATRESIA Y ESTENOSIS CONGENITA DEL DUODENO
Q411;AUSENCIA, ATRESIA Y ESTENOSIS CONGENITA DEL YEYUNO
Q412;AUSENCIA, ATRESIA Y ESTENOSIS CONGENITA DEL ILEON
Q418;AUSENCIA, ATRESIA Y ESTENOSIS CONGENITA DE OTRAS PARTES ESPECIFICADAS DEL INTESTINO DELGADO
Q419;AUSENCIA, ATRESIA Y ESTENOSIS CONGENITA DEL INTESTINO DELGADO, PARTE NO ESPECIFICADA
Q42;AUSENCIA, ATRESIA Y ESTENOSIS CONGENITA DEL INTESTINO GRUESO
Q420;AUSENCIA, ATRESIA Y ESTENOSIS CONGENITA DEL RECTO, CON FISTULA
Q421;AUSENCIA, ATRESIA Y ESTENOSIS CONGENITA DEL RECTO, SIN FISTULA
Q422;AUSENCIA, ATRESIA Y ESTENOSIS CONGENITA DEL ANO, CON FISTULA
Q423;AUSENCIA, ATRESIA Y ESTENOSIS CONGENITA DEL ANO, SIN FISTULA
Q428;AUSENCIA, ATRESIA Y ESTENOSIS CONGENITA DE OTRAS PARTES DEL INTESTINO GRUESO
Q429;AUSENCIA, ATRESIA Y ESTENOSIS CONGENITA DEL INTESTINO GRUESO, PARTE NO ESPECIFICADA
Q43;OTRAS MALFORMACIONES CONGENITAS DEL INTESTINO
Q430;DIVERTICULO DE MECKEL
Q431;ENFERMEDAD DE HIRSCHSPRUNG
Q432;OTROS TRASTORNOS FUNCIONALES CONGENITOS DEL COLON
Q433;MALFORMACIONES CONGENITAS DE LA FIJACION DEL INTESTINO
Q434;DUPLICACION DEL INTESTINO
Q435;ANO ECTOPICO
Q436;FISTULA CONGENITA DEL RECTO Y DEL ANO
Q437;PERSISTENCIA DE LA CLOACA
Q438;OTRAS MALFORMACIONES CONGENITAS DEL INTESTINO, ESPECIFICADAS
Q439;MALFORMACION CONGENITA DEL INTESTINO, NO ESPECIFICADA
Q44;MALFORMACIONES CONGENITAS DE LA VESICULA BILIAR, DE LOS CONDUCTOS BILIARES Y DEL HIGADO
Q440;AGENESIA, APLASIA E HIPOPLASIA DE LA VESICULA BILIAR
Q441;OTRAS MALFORMACIONES CONGENITAS DE LA VESICULA BILIAR
Q442;ATRESIA DE LOS CONDUCTOS BILIARES
Q443;ESTRECHEZ Y ESTENOSIS CONGENITA DE LOS CONDUCTOS BILIARES
Q444;QUISTE DEL COLEDOCO
Q445;OTRAS MALFORMACIONES CONGENITAS DE LOS CONDUCTOS BILIARES
Q446;ENFERMEDAD QUISTICA DEL HIGADO
Q447;OTRAS MALFORMACIONES CONGENITAS DEL HIGADO
Q45;OTRAS MALFORMACIONES CONGENITAS DEL SISTEMA DIGESTIVO
Q450;AGENESIA, APLASIA E HIPOPLASIA DEL PANCREAS
Q451;PANCREAS ANULAR
Q452;QUISTE CONGENITO DEL PANCREAS
Q453;OTRAS MALFORMACIONES CONGENITAS DEL PANCREAS Y DEL CONDUCTO PANCREATICO
Q458;OTRAS MALFORMACIONES CONGENITAS DEL SISTEMA DIGESTIVO, ESPECIFICADAS
Q459;MALFORMACION CONGENITA DEL SISTEMA DIGESTIVO, NO ESPECIFICADA
Q50;MALFORMACIONES CONGENITAS DE LOS OVARIOS, DE LAS TROMPAS DE FALOPIO Y DE LOS LIGAMENTOS ANCHOS
Q500;AUSENCIA CONGENITA DE OVARIO
Q501;QUISTE EN DESARROLLO DEL OVARIO
Q502;TORSION CONGENITA DEL OVARIO
Q503;OTRAS MALFORMACIONES CONGENITAS DE LOS OVARIOS
Q504;QUISTE EMBRIONARIO DE LA TROMPA DE FALOPIO
Q505;QUISTE EMBRIONARIO DEL LIGAMENTO ANCHO
Q506;OTRAS MALFORMACIONES CONGENITAS DE LA TROMPA DE FALOPIO Y DEL LIGAMENTO ANCHO
Q51;MALFORMACIONES CONGENITAS DEL UTERO Y DEL CUELLO UTERINO
Q510;AGENESIA Y APLASIA DEL UTERO
Q511;DUPLICACION DEL UTERO CON DUPLICACION DEL CUELLO UTERINO Y DE LA VAGINA
Q512;OTRA DUPLICACION DEL UTERO
Q513;UTERO BICORNE
Q514;UTERO UNICORNE
Q515;AGENESIA Y APLASIA DEL CUELLO UTERINO
Q516;QUISTE EMBRIONARIO DEL CUELLO UTERINO
Q517;FISTULA CONGENITA ENTRE EL UTERO Y EL TRACTO DIGESTIVO Y URINARIO
Q518;OTRAS MALFORMACIONES CONGENITAS DEL UTERO Y DEL CUELLO UTERINO
Q519;MALFORMACION CONGENITA DEL UTERO Y DEL CUELLO UTERINO, NO ESPECIFICADA
Q52;OTRAS MALFORMACIONES CONGENITAS DE LOS ORGANOS GENITALES FEMENINOS
Q520;AUSENCIA CONGENITA DE LA VAGINA
Q521;DUPLICACION DE LA VAGINA
Q522;FISTULA RECTOVAGINAL CONGENITA
Q523;HIMEN IMPERFORADO
Q524;OTRAS MALFORMACIONES CONGENITAS DE LA VAGINA
Q525;FUSION DE LABIOS DE LA VULVA
Q526;MALFORMACION CONGENITA DEL CLITORIS
Q527;OTRAS MALFORMACIONES CONGENITAS DE LA VULVA
Q528;OTRAS MALFORMACIONES CONGENITAS DE LOS ORGANOS GENITALES FEMENINOS, ESPECIFICADAS
Q529;MALFORMACION CONGENITA DE LOS GENITALES FEMENINOS, NO ESPECIFICADA
Q53;TESTICULO NO DESCENDIDO
Q530;ECTOPIA TESTICULAR
Q531;TESTICULO NO DESCENDIDO, UNILATERAL
Q532;TESTICULO NO DESCENDIDO, BILATERAL
Q539;TESTICULO NO DESCENDIDO, SIN OTRA ESPECIFICACION
Q54;HIPOSPADIAS
Q540;HIPOSPADIAS DEL GLANDE
Q541;HIPOSPADIAS PENEANA
Q542;HIPOSPADIAS PENOSCROTAL
Q543;HIPOSPADIAS PERINEAL
Q544;ENCORDAMIENTO CONGENITO DEL PENE
Q548;OTRAS HIPOSPADIAS
Q549;HIPOSPADIAS, NO ESPECIFICADA
Q55;OTRAS MALFORMACIONES CONGENITAS DE LOS ORGANOS GENITALES MASCULINOS
Q550;AUSENCIA Y APLASIA DEL TESTICULO
Q551;HIPOPLASIA DEL TESTICULO Y DEL ESCROTO
Q552;OTRAS MALFORMACIONES CONGENITAS DE LOS TESTICULOS Y DEL ESCROTO
Q553;ATRESIA DEL CONDUCTO DEFERENTE
Q554;OTRAS MALFORMACIONES CONGENITAS DE LOS CONDUCTOS DEFERENTES, DEL EPIDIDIMO, DE LAS VESICULAS SEMINALES Y DE LA PROSTATA
Q555;APLASIA Y AUSENCIA CONGENITA DEL PENE
Q556;OTRAS MALFORMACIONES CONGENITAS DEL PENE
Q558;OTRAS MALFORMACIONES CONGENITAS DE LOS ORGANOS GENITALES MASCULINOS, ESPECIFICADAS
Q559;MALFORMACION CONGENITA DE LOS ORGANOS GENITALES MASCULINOS, NO ESPECIFICADA
Q56;SEXO INDETERMINADO Y SEUDOHERMAFRODITISMO
Q560;HERMAFRODITISMO, NO CLASIFICADO EN OTRA PARTE
Q561;SEUDOHERMAFRODITISMO MASCULINO, NO CLASIFICADO EN OTRA PARTE
Q562;SEUDOHERMAFRODITISMO FEMENINO, NO CLASIFICADO EN OTRA PARTE
Q563;SEUDOHERMAFRODITISMO, NO ESPECIFICADO
Q564;SEXO INDETERMINADO, SIN OTRA ESPECIFICACION
Q60;AGENESIA RENAL Y OTRAS MALFORMACIONES HIPOPLASICAS DEL RIÑON
Q600;AGENESIA RENAL, UNILATERAL
Q601;AGENESIA RENAL, BILATERAL
Q602;AGENESIA RENAL, SIN OTRA ESPECIFICACION
Q603;HIPOPLASIA RENAL, UNILATERAL
Q604;HIPOPLASIA RENAL, BILATERAL
Q605;HIPOPLASIA RENAL, NO ESPECIFICADA
Q606;SINDROME DE POTTER
Q61;ENFERMEDAD QUISTICA DEL RIÑON
Q610;QUISTE RENAL SOLITARIO CONGENITO
Q611;RIÑON POLIQUISTICO, AUTOSOMICO RECESIVO
Q612;RIÑON POLIQUISTICO, AUTOSOMICO DOMINANTE
Q613;RIÑON POLIQUISTICO, TIPO NO ESPECIFICADO
Q614;DISPLASIA RENAL
Q615;RIÑON QUISTICO MEDULAR
Q618;OTRAS ENFERMEDADES RENALES QUISTICAS
Q619;ENFERMEDAD QUISTICA DEL RIÑON, NO ESPECIFICADA
Q62;DEFECTOS OBSTRUCTIVOS CONGENITOS DE LA PELVIS RENAL Y MALFORMACIONES CONGENITAS DEL URETER
Q620;HIDRONEFROSIS CONGENITA
Q621;ATRESIA Y ESTENOSIS DEL URETER
Q622;MEGALOURETER CONGENITO
Q623;OTROS DEFECTOS OBSTRUCTIVOS DE LA PELVIS RENAL Y DEL URETER
Q624;AGENESIA DEL URETER
Q625;DUPLICACION DEL URETER
Q626;MALA POSICION DEL URETER
Q627;REFLUJO VESICO-URETERO-RENAL CONGENITO
Q628;OTRAS MALFORMACIONES CONGENITAS DEL URETER
Q63;OTRAS MALFORMACIONES CONGENITAS DEL RIÑON
Q630;RIÑON SUPERNUMERARIO
Q631;RIÑON LOBULADO, FUSIONADO Y EN HERRADURA
Q632;RIÑON ECTOPICO
Q633;HIPERPLASIA RENAL Y RIÑON GIGANTE
Q638;OTRAS MALFORMACIONES CONGENITAS DEL RIÑON, ESPECIFICADAS
Q639;MALFORMACION CONGENITA DEL RIÑON, NO ESPECIFICADA
Q64;OTRAS MALFORMACIONES CONGENITAS DEL SISTEMA URINARIO
Q640;EPISPADIAS
Q641;EXTROFIA DE LA VEJIGA URINARIA
Q642;VALVULAS URETRALES POSTERIORES CONGENITAS
Q643;OTRAS ATRESIAS Y ESTENOSIS DE LA URETRA Y DEL CUELLO DE LA VEJIGA
Q644;MALFORMACION DEL URACO
Q645;AUSENCIA CONGENITA DE LA VEJIGA Y DE LA URETRA
Q646;DIVERTICULO CONGENITO DE LA VEJIGA
Q647;OTRAS MALFORMACIONES CONGENITAS DE LA VEJIGA Y DE LA URETRA
Q648;OTRAS MALFORMACIONES CONGENITAS DEL APARATO URINARIO, ESPECIFICADAS
Q649;MALFORMACION CONGENITA DEL APARATO URINARIO, NO ESPECIFICADA
Q65;DEFORMIDADES CONGENITAS DE LA CADERA
Q650;LUXACION CONGENITA DE LA CADERA, UNILATERAL
Q651;LUXACION CONGENITA DE LA CADERA, BILATERAL
Q652;LUXACION CONGENITA DE LA CADERA, NO ESPECIFICADA
Q653;SUBLUXACION CONGENITA DE LA CADERA, UNILATERAL
Q654;SUBLUXACION CONGENITA DE LA CADERA, BILATERAL
Q655;SUBLUXACION CONGENITA DE LA CADERA, NO ESPECIFICADA
Q656;CADERA INESTABLE
Q658;OTRAS DEFORMIDADES CONGENITAS DE LA CADERA
Q659;DEFORMIDAD CONGENITA DE LA CADERA, NO ESPECIFICADA
Q66;DEFORMIDADES CONGENITAS DE LOS PIES
Q660;TALIPES EQUINOVARUS
Q661;TALIPES CALCANEOVARUS
Q662;METATARSUS VARUS
Q663;OTRAS DEFORMIDADES VARUS CONGENITAS DE LOS PIES
Q664;TALIPES CALCANEOVALGUS
Q665;PIE PLANO CONGENITO
Q666;OTRAS DEFORMIDADES VALGUS CONGENITAS DE LOS PIES
Q667;PIE CAVUS
Q668;OTRAS DEFORMIDADES CONGENITAS DE LOS PIES
Q669;DEFORMIDAD CONGENITA DE LOS PIES, NO ESPECIFICADA
Q67;DEFORMIDADES OSTEOMUSCULARES CONGENITAS DE LA CABEZA, DE LA CARA, DE LA COLUMNA VERTEBRAL Y DEL TORAX
Q670;ASIMETRIA FACIAL
Q671;FACIES COMPRIMIDA
Q672;DOLICOCEFALIA
Q673;PLAGIOCEFALIA
Q674;OTRAS DEFORMIDADES CONGENITAS DEL CRANEO, DE LA CARA Y DE LA MANDIBULA
Q675;DEFORMIDAD CONGENITA DE LA COLUMNA VERTEBRAL
Q676;TORAX EXCAVADO
Q677;TORAX EN QUILLA
Q678;OTRAS DEFORMIDADES CONGENITAS DEL TORAX
Q68;OTRAS DEFORMIDADES OSTEOMUSCULARES CONGENITAS
Q680;DEFORMIDAD CONGENITA DEL MUSCULO ESTERNOCLEIDOMASTOIDEO
Q681;DEFORMIDAD CONGENITA DE LA MANO
Q682;DEFORMIDAD CONGENITA DE LA RODILLA
Q683;CURVATURA CONGENITA DEL FEMUR
Q684;CURVATURA CONGENITA DE LA TIBIA Y DEL PERONE
Q685;CURVATURA CONGENITA DE HUESO(S) LARGO(S) DEL MIEMBRO INFERIOR, SIN OTRA ESPECIFICACION
Q688;OTRAS DEFORMIDADES CONGENITAS OSTEOMUSCULARES, ESPECIFICADAS
Q69;POLIDACTILIA
Q690;DEDO(S) SUPERNUMERARIO(S) DE LA MANO
Q691;PULGAR(ES) SUPERNUMERARIO(S)
Q692;DEDO(S) SUPERNUMERARIO(S) DEL PIE
Q699;POLIDACTILIA, NO ESPECIFICADA
Q70;SINDACTILIA
Q700;FUSION DE LOS DEDOS DE LA MANO
Q701;MEMBRANA INTERDIGITAL DE LA MANO
Q702;FUSION DE LOS DEDOS DEL PIE
Q703;MEMBRANA INTERDIGITAL DEL PIE
Q704;POLISINDACTILIA
Q709;SINDACTILIA, NO ESPECIFICADA
Q71;DEFECTOS POR REDUCCION DEL MIEMBRO SUPERIOR
Q710;AUSENCIA CONGENITA COMPLETA DEL (DE LOS) MIEMBRO(S) SUPERIOR(ES)
Q711;AUSENCIA CONGENITA DEL BRAZO Y DEL ANTEBRAZO CON PRESENCIA DE LA MANO
Q712;AUSENCIA CONGENITA DEL ANTEBRAZO Y DE LA MANO
Q713;AUSENCIA CONGENITA DE LA MANO Y EL (LOS) DEDO(S)
Q714;DEFECTO POR REDUCCION LONGITUDINAL DEL RADIO
Q715;DEFECTO POR REDUCCION LONGITUDINAL DEL CUBITO
Q716;MANO EN PINZA DE LANGOSTA
Q718;OTROS DEFECTOS POR REDUCCION DEL (DE LOS) MIEMBRO(S) SUPERIOR(ES)
Q719;DEFECTO POR REDUCCION DEL MIEMBRO SUPERIOR, NO ESPECIFICADO
Q72;DEFECTOS POR REDUCCION DEL MIEMBRO INFERIOR
Q720;AUSENCIA CONGENITA COMPLETA DEL (DE LOS) MIEMBRO(S) INFERIOR(ES)
Q721;AUSENCIA CONGENITA DEL MUSLO Y DE LA PIERNA CON PRESENCIA DEL PIE
Q722;AUSENCIA CONGENITA DE LA PIERNA Y DEL PIE
Q723;AUSENCIA CONGENITA DEL PIE Y DEDO(S) DEL PIE
Q724;DEFECTO POR REDUCCION LONGITUDINAL DEL FEMUR
Q725;DEFECTO POR REDUCCION LONGITUDINAL DE LA TIBIA
Q726;DEFECTO POR REDUCCION LONGITUDINAL DEL PERONE
Q727;PIE HENDIDO
Q728;OTROS DEFECTOS POR REDUCCION DEL (DE LOS) MIEMBRO(S) INFERIOR(ES)
Q729;DEFECTO POR REDUCCION DEL MIEMBRO INFERIOR, NO ESPECIFICADO
Q73;DEFECTOS POR REDUCCION DE MIEMBRO NO ESPECIFICADO
Q730;AUSENCIA COMPLETA DE MIEMBRO(S) NO ESPECIFICADO(S)
Q731;FOCOMELIA, MIEMBRO(S) NO ESPECIFICADO(S)
Q738;OTROS DEFECTOS POR REDUCCION DE MIEMBRO(S) NO ESPECIFICADO(S)
Q74;OTRAS ANOMALIAS CONGENITAS DEL (DE LOS) MIEMBRO(S)
Q740;OTRAS MALFORMACIONES CONGENITAS DEL (DE LOS) MIEMBRO(S) SUPERIOR(ES), INCLUIDA LA CINTURA ESCAPULAR
Q741;MALFORMACION CONGENITA DE LA RODILLA
Q742;OTRAS MALFORMACIONES CONGENITAS DEL (DE LOS) MIEMBRO(S) INFERIOR(ES), INCLUIDA LA CINTURA PELVIANA
Q743;ARTROGRIPOSIS MULTIPLE CONGENITA
Q748;OTRAS MALFORMACIONES CONGENITAS ESPECIFICADAS DEL (DE LOS) MIEMBRO(S)
Q749;MALFORMACION CONGENITA DE MIEMBRO(S), NO ESPECIFICADA
Q75;OTRAS MALFORMACIONES CONGENITAS DE LOS HUESOS DEL CRANEO Y DE LA CARA
Q750;CRANEOSINOSTOSIS
Q751;DISOSTOSIS CRANEOFACIAL
Q752;HIPERTELORISMO
Q753;MACROCEFALIA
Q754;DISOSTOSIS MAXILOFACIAL
Q755;DISOSTOSIS OCULOMAXILAR
Q758;OTRAS MALFORMACIONES CONGENITAS ESPECIFICADAS DE LOS HUESOS DEL CRANEO Y DE LA CARA
Q759;MALFORMACION CONGENITA NO ESPECIFICADA DE LOS HUESOS DEL CRANEO Y DE LA CARA
Q76;MALFORMACIONES CONGENITAS DE LA COLUMNA VERTEBRAL Y TORAX OSEO
Q760;ESPINA BIFIDA OCULTA
Q761;SINDROME DE KLIPPEL-FEIL
Q762;ESPONDILOLISTESIS CONGENITA
Q763;ESCOLIOSIS CONGENITA DEBIDA A MALFORMACION CONGENITA OSEA
Q764;OTRA MALFORMACION CONGENITA DE LA COLUMNA VERTEBRAL, NO ASOCIADA CON ESCOLIOSIS
Q765;COSTILLA CERVICAL
Q766;OTRAS MALFORMACIONES CONGENITAS DE LAS COSTILLAS
Q767;MALFORMACION CONGENITA DEL ESTERNON
Q768;OTRAS MALFORMACIONES CONGENITAS DEL TORAX OSEO
Q769;MALFORMACION CONGENITA DEL TORAX OSEO, NO ESPECIFICADA
Q77;OSTEOCONDRODISPLASIA CON DEFECTO DEL CRECIMIENTO DE LOS HUESOS LARGOS Y DE LA COLUMNA VERTEBRAL
Q770;ACONDROGENESIS
Q771;ENANISMO TANATOFORICO
Q772;SINDROME DE COSTILLA CORTA
Q773;CONDRODISPLASIA PUNCTATA
Q774;ACONDROPLASIA
Q775;DISPLASIA DISTROFICA
Q776;DISPLASIA CONDROECTODERMICA
Q777;DISPLASIA ESPONDILOEPIFISARIA
Q778;OTRAS OSTEOCONDRODISPLASIAS CON DEFECTOS DEL CRECIMIENTO DE LOS HUESOS LARGOS Y DE LA COLUMNA VERTEBRAL
Q779;OSTEOCONDRODISPLASIA CON DEFECTOS DEL CRECIMIENTO DE LOS HUESOS LARGOS Y DE LA COLUMNA VERTEBRAL, SIN OTRA ESPECIFICACION
Q78;OTRAS OSTEOCONDRODISPLASIAS
Q780;OSTEOGENESIS IMPERFECTA
Q781;DISPLASIA POLIOSTOTICA FIBROSA
Q782;OSTEOPETROSIS
Q783;DISPLASIA DIAFISARIA PROGRESIVA
Q784;ENCONDROMATOSIS
Q785;DISPLASIA METAFISARIA
Q786;EXOSTOSIS CONGENITA MULTIPLE
Q788;OTRAS OSTEOCONDRODISPLASIAS ESPECIFICADAS
Q789;OSTEOCONDRODISPLASIA, NO ESPECIFICADA
Q79;MALFORMACIONES CONGENITAS DEL SISTEMA OSTEOMUSCULAR, NO CLASIFICADAS EN OTRA PARTE
Q790;HERNIA DIAFRAGMATICA CONGENITA
Q791;OTRAS MALFORMACIONES CONGENITAS DEL DIAFRAGMA
Q792;EXONFALOS
Q793;GASTROSQUISIS
Q794;SINDROME DEL ABDOMEN EN CIRUELA PASA
Q795;OTRAS MALFORMACIONES CONGENITAS DE LA PARED ABDOMINAL
Q796;SINDROME DE EHLERS-DANLOS
Q798;OTRAS MALFORMACIONES CONGENITAS DEL SISTEMA OSTEOMUSCULAR
Q799;MALFORMACION CONGENITA DEL SISTEMA OSTEOMUSCULAR, NO ESPECIFICADA
Q80;ICTIOSIS CONGENITA
Q800;ICTIOSIS VULGAR
Q801;ICTIOSIS LIGADA AL CROMOSOMA X
Q802;ICTIOSIS LAMELAR
Q803;ERITRODERMIA ICTIOSIFORME VESICULAR CONGENITA
Q804;FETO ARLEQUIN
Q808;OTRAS ICTIOSIS CONGENITAS
Q809;ICTIOSIS CONGENITA, NO ESPECIFICADA
Q81;EPIDERMOLISIS BULLOSA
Q810;EPIDERMOLISIS BULLOSA SIMPLE
Q811;EPIDERMOLISIS BULLOSA LETAL
Q812;EPIDERMOLISIS BULLOSA DISTROFICA
Q818;OTRAS EPIDERMOLISIS BULLOSAS
Q819;EPIDERMOLISIS BULLOSA, NO ESPECIFICADA
Q82;OTRAS MALFORMACIONES CONGENITAS DE LA PIEL
Q820;LINFEDEMA HEREDITARIO
Q821;XERODERMA PIGMENTOSO
Q822;MASTOCITOSIS
Q823;INCONTINENCIA PIGMENTARIA
Q824;DISPLASIA ECTODERMICA (ANHIDROTICA)
Q825;NEVO NO NEOPLASICO, CONGENITO
Q828;OTRAS MALFORMACIONES CONGENITAS DE LA PIEL, ESPECIFICADAS
Q829;MALFORMACION CONGENITA DE LA PIEL, NO ESPECIFICADA
Q83;MALFORMACIONES CONGENITAS DE LA MAMA
Q830;AUSENCIA CONGENITA DE LA MAMA CON AUSENCIA DEL PEZON
Q831;MAMA SUPERNUMERARIA
Q832;AUSENCIA DEL PEZON
Q833;PEZON SUPERNUMERARIO
Q838;OTRAS MALFORMACIONES CONGENITAS DE LA MAMA
Q839;MALFORMACION CONGENITA DE LA MAMA, NO ESPECIFICADA
Q84;OTRAS MALFORMACIONES CONGENITAS DE LAS FANERAS
Q840;ALOPECIA CONGENITA
Q841;ALTERACIONES MORFOLOGICAS CONGENITAS DEL PELO, NO CLASIFICADAS EN OTRA PARTE
Q842;OTRAS MALFORMACIONES CONGENITAS DEL PELO
Q843;ANONIQUIA
Q844;LEUCONIQUIA CONGENITA
Q845;AGRANDAMIENTO E HIPERTROFIA DE LAS UÑAS
Q846;OTRAS MALFORMACIONES CONGENITAS DE LAS UÑAS
Q848;OTRAS MALFORMACIONES CONGENITAS DE LAS FANERAS, ESPECIFICADAS
Q849;MALFORMACION CONGENITA DE LAS FANERAS, NO ESPECIFICADA
Q85;FACOMATOSIS, NO CLASIFICADA EN OTRA PARTE
Q850;NEUROFIBROMATOSIS (NO MALIGNA)
Q851;ESCLEROSIS TUBEROSA
Q858;OTRAS FACOMATOSIS, NO CLASIFICADAS EN OTRA PARTE
Q859;FACOMATOSIS, NO ESPECIFICADA
Q86;SINDROMES DE MALFORMACIONES CONGENITAS DEBIDOS A CAUSAS EXOGENAS CONOCIDAS, NO CLASIFICADOS EN OTRA PARTE
Q860;SINDROME FETAL (DISMORFICO) DEBIDO AL ALCOHOL
Q861;SINDROME DE HIDANTOINA FETAL
Q862;DISMORFISMO DEBIDO A WARFARINA
Q868;OTROS SINDROMES DE MALFORMACIONES CONGENITAS DEBIDOS A CAUSAS EXOGENAS CONOCIDAS
Q87;OTROS SINDROMES DE MALFORMACIONES CONGENITAS ESPECIFICADOS QUE AFECTAN MULTIPLES SISTEMAS
Q870;SINDROMES DE MALFORMACIONES CONGENITAS QUE AFECTAN PRINCIPALMENTE LA APARIENCIA FACIAL
Q871;SINDROMES DE MALFORMACIONES CONGENITAS ASOCIADAS PRINCIPALMENTE CON ESTATURA BAJA
Q872;SINDROMES DE MALFORMACIONES CONGENITAS QUE AFECTAN PRINCIPALMENTE LOS MIEMBROS
Q873;SINDROMES DE MALFORMACIONES CONGENITAS CON EXCESO DE CRECIMIENTO PRECOZ
Q874;SINDROME DE MARFAN
Q875;OTROS SINDROMES DE MALFORMACIONES CONGENITAS CON OTROS CAMBIOS ESQUELETICOS
Q878;OTROS SINDROMES DE MALFORMACIONES CONGENITAS ESPECIFICADOS, NO CLASIFICADOS EN OTRA PARTE
Q89;OTRAS MALFORMACIONES CONGENITAS, NO CLASIFICADAS EN OTRA PARTE
Q890;MALFORMACIONES CONGENITAS DEL BAZO
Q891;MALFORMACIONES CONGENITAS DE LA GLANDULA SUPRARRENAL
Q892;MALFORMACIONES CONGENITAS DE OTRAS GLANDULAS ENDOCRINAS
Q893;SITUS INVERSUS
Q894;GEMELOS SIAMESES
Q897;MALFORMACIONES CONGENITAS MULTIPLES, NO CLASIFICADAS EN OTRA PARTE
Q898;OTRAS MALFORMACIONES CONGENITAS, ESPECIFICADAS
Q899;MALFORMACION CONGENITA, NO ESPECIFICADA
Q90;SINDROME DE DOWN
Q900;TRISOMIA 21, POR FALTA DE DISYUNCION MEIOTICA
Q901;TRISOMIA 21, MOSAICO (POR FALTA DE DISYUNCION MITOTICA)
Q902;TRISOMIA 21, POR TRANSLOCACION
Q909;SINDROME DE DOWN, NO ESPECIFICADO
Q91;SINDROME DE EDWARDS Y SINDROME DE PATAU
Q910;TRISOMIA 18, POR FALTA DE DISYUNCION MEIOTICA
Q911;TRISOMIA 18, MOSAICO (POR FALTA DE DISYUNCION MITOTICA)
Q912;TRISOMIA 18, POR TRANSLOCACION
Q913;SINDROME DE EDWARDS, NO ESPECIFICADO
Q914;TRISOMIA 13, POR FALTA DE DISYUNCION MEIOTICA
Q915;TRISOMIA 13, MOSAICO (POR FALTA DE DISYUNCION MITOTICA)
Q916;TRISOMIA 13, POR TRANSLOCACION
Q917;SINDROME DE PATAU, NO ESPECIFICADO
Q92;OTRAS TRISOMIAS Y TRISOMIAS PARCIALES DE LOS AUTOSOMAS, NO CLASIFICADAS EN OTRA PARTE
Q920;TRISOMIA DE UN CROMOSOMA COMPLETO, POR FALTA DE DISYUNCION MEIOTICA
Q921;TRISOMIA DE UN CROMOSOMA COMPLETO, MOSAICO (POR FALTA DE DISYUNCION MITOTICA)
Q922;TRISOMIA PARCIAL MAYOR
Q923;TRISOMIA PARCIAL MENOR
Q924;DUPLICACIONES VISIBLES SOLO EN LA PROMETAFASE
Q925;DUPLICACIONES CON OTROS REORDENAMIENTOS COMPLEJOS
Q926;CROMOSOMAS MARCADORES SUPLEMENTARIOS
Q927;TRIPLOIDIA Y POLIPLOIDIA
Q928;OTRAS TRISOMIAS Y TRISOMIAS PARCIALES DE LOS AUTOSOMAS, ESPECIFICADAS
Q929;TRISOMIA Y TRISOMIA PARCIAL DE LOS AUTOSOMAS, SIN OTRA ESPECIFICACION
Q93;MONOSOMIAS Y SUPRESIONES DE LOS AUTOSOMAS, NO CLASIFICADAS EN OTRA PARTE
Q930;MONOSOMIA COMPLETA DE UN CROMOSOMA, POR FALTA DE DISYUNCION MEIOTICA
Q931;MONOSOMIA COMPLETA DE UN CROMOSOMA, MOSAICO (POR FALTA DE DISYUNCION MITOTICA)
Q932;CROMOSOMA REEMPLAZADO POR ANILLO O DICENTRICO
Q933;SUPRESION DEL BRAZO CORTO DEL CROMOSOMA 4
Q934;SUPRESION DEL BRAZO CORTO DEL CROMOSOMA 5
Q935;OTRAS SUPRESIONES DE PARTE DE UN CROMOSOMA
Q936;SUPRESIONES VISIBLES SOLO EN LA PROMETAFASE
Q937;SUPRESIONES CON OTROS REORDENAMIENTOS COMPLEJOS
Q938;OTRAS SUPRESIONES DE LOS AUTOSOMAS
Q939;SUPRESION DE LOS AUTOSOMAS, NO ESPECIFICADA
Q95;REORDENAMIENTOS EQUILIBRADOS Y MARCADORES ESTRUCTURALES, NO CLASIFICADOS EN OTRA PARTE
Q950;TRANSLOCACION EQUILIBRADA E INSERCION EN INDIVIDUO NORMAL
Q951;INVERSION CROMOSOMICA EN INDIVIDUO NORMAL
Q952;REORDENAMIENTO AUTOSOMICO EQUILIBRADO EN INDIVIDUO ANORMAL
Q953;REORDENAMIENTO AUTOSOMICO/SEXUAL EQUILIBRADO EN INDIVIDUO ANORMAL
Q954;INDIVIDUOS CON HETEROCROMATINA MARCADORA
Q955;INDIVIDUOS CON SITIO FRAGIL AUTOSOMICO
Q958;OTROS REORDENAMIENTOS EQUILIBRADOS Y MARCADORES ESTRUCTURALES
Q959;REORDENAMIENTO EQUILIBRADO Y MARCADOR ESTRUCTURAL, SIN OTRA ESPECIFICACION
Q96;SINDROME DE TURNER
Q960;CARIOTIPO 45,X
Q961;CARIOTIPO 46,X ISO (XQ)
Q962;CARIOTIPO 46,X CON CROMOSOMA SEXUAL ANORMAL EXCEPTO ISO (XQ)
Q963;MOSAICO 45, X/46,XX O XY
Q964;MOSAICO 45,X/OTRA(S) LINEA(S) CELULAR(ES) CON CROMOSOMA SEXUAL ANORMAL
Q968;OTRAS VARIANTES DEL SINDROME DE TURNER
Q969;SINDROME DE TURNER, NO ESPECIFICADO
Q97;OTRAS ANOMALIAS DE LOS CROMOSOMAS SEXUALES, CON FENOTIPO FEMENINO, NO CLASIFICADAS EN OTRA PARTE
Q970;CARIOTIPO 47, XXX
Q971;MUJER CON MAS DE TRES CROMOSOMAS X
Q972;MOSAICO, LINEAS CON NUMERO VARIABLE DE CROMOSOMAS X
Q973;MUJER CON CARIOTIPO 46, XY
Q978;OTRAS ANOMALIAS DE LOS CROMOSOMAS SEXUALES, CON FENOTIPO FEMENINO, ESPECIFICADAS
Q979;ANOMALIA DE LOS CROMOSOMAS SEXUALES, CON FENOTIPO FEMENINO, SIN OTRA ESPECIFICACION
Q98;OTRAS ANOMALIAS DE LOS CROMOSOMAS SEXUALES, CON FENOTIPO MASCULINO, NO CLASIFICADAS EN OTRA PARTE
Q980;SINDROME DE KLINEFELTER, CARIOTIPO 47, XXY
Q981;SINDROME DE KLINEFELTER, HOMBRE CON MAS DE DOS CROMOSOMAS X
Q982;SINDROME DE KLINEFELTER, HOMBRE CON CARIOTIPO 46, XX
Q983;OTRO HOMBRE CON CARIOTIPO 46, XX
Q984;SINDROME DE KLINEFELTER, NO ESPECIFICADO
Q985;CARIOTIPO 47, XYY
Q986;HOMBRE CON CROMOSOMA SEXUAL ESTRUCTURALMENTE ANORMAL
Q987;HOMBRE CON MOSAICO DE CROMOSOMAS SEXUALES
Q988;OTRAS ANOMALIAS DE LOS CROMOSOMAS SEXUALES, CON FENOTIPO MASCULINO, ESPECIFICADAS
Q989;ANOMALIA DE LOS CROMOSOMAS SEXUALES, FENOTIPO MASCULINO, SIN OTRA ESPECIFICACION
Q99;OTRAS ANOMALIAS CROMOSOMICAS, NO CLASIFICADAS EN OTRA PARTE
Q990;QUIMERA 46, XX/46, XY
Q991;HERMAFRODITA VERDADERO 46, XX
Q992;CROMOSOMA X FRAGIL
Q998;OTRAS ANOMALIAS DE LOS CROMOSOMAS, ESPECIFICADAS
Q999;ANOMALIA CROMOSOMICA, NO ESPECIFICADA
R00;ANORMALIDADES DEL LATIDO CARDIACO
R000;TAQUICARDIA, NO ESPECIFICADA
R001;BRADICARDIA, NO ESPECIFICADA
R002;PALPITACIONES
R008;OTRAS ANORMALIDADES DEL LATIDO CARDIACO Y LAS NO ESPECIFICADAS
R01;SOPLOS Y OTROS SONIDOS CARDIACOS
R010;SOPLOS CARDIACOS BENIGNOS O INOCENTES
R011;SOPLO CARDIACO, NO ESPECIFICADO
R012;OTROS SONIDOS CARDIACOS
R02X;GANGRENA, NO CLASIFICADA EN OTRA PARTE
R03;LECTURA DE PRESION SANGUINEA ANORMAL, SIN DIAGNOSTICO
R030;LECTURA ELEVADA DE LA PRESION SANGUINEA, SIN DIAGNOSTICO DE HIPERTENSION
R031;LECTURA DE PRESION BAJA NO ESPECIFICA
R04;HEMORRAGIA DE LAS VIAS RESPIRATORIAS
R040;EPISTAXIS
R041;HEMORRAGIA DE LA GARGANTA
R042;HEMOPTISIS
R048;HEMORRAGIA DE OTROS SITIOS DE LAS VIAS RESPIRATORIAS
R049;HEMORRAGIA DE LAS VIAS RESPIRATORIAS, NO ESPECIFICADA
R05X;TOS
R06;ANORMALIDADES DE LA RESPIRACION
R060;DISNEA
R061;ESTRIDOR
R062;SILBIDO
R063;RESPIRACION PERIODICA
R064;HIPERVENTILACION
R065;RESPIRACION CON LA BOCA
R066;HIPO
R067;ESTORNUDO
R068;OTRAS ANORMALIDADES DE LA RESPIRACION Y LAS NO ESPECIFICADAS
R07;DOLOR DE GARGANTA Y EN EL PECHO
R070;DOLOR DE GARGANTA
R071;DOLOR EN EL PECHO AL RESPIRAR
R072;DOLOR PRECORDIAL
R073;OTROS DOLORES EN EL PECHO
R074;DOLOR EN EL PECHO, NO ESPECIFICADO
R09;OTROS SINTOMAS Y SIGNOS QUE INVOLUCRAN LOS SISTEMAS CIRCULATORIO Y RESPIRATORIO
R090;ASFIXIA
R091;PLEURESIA
R092;PARO RESPIRATORIO
R093;ESPUTO ANORMAL
R098;OTROS SINTOMAS Y SIGNOS ESPECIFICADOS QUE INVOLUCRAN LOS SISTEMAS CIRCULATORIO Y RESPIRATORIO
R10;DOLOR ABDOMINAL Y PELVICO
R100;ABDOMEN AGUDO
R101;DOLOR ABDOMINAL LOCALIZADO EN PARTE SUPERIOR
R102;DOLOR PELVICO Y PERINEAL
R103;DOLOR LOCALIZADO EN OTRAS PARTES INFERIORES DEL ABDOMEN
R104;OTROS DOLORES ABDOMINALES Y LOS NO ESPECIFICADOS
R11X;NAUSEA Y VOMITO
R12X;ACIDEZ
R13X;DISFAGIA
R14X;FLATULENCIA Y AFECCIONES AFINES
R15X;INCONTINENCIA FECAL
R16;HEPATOMEGALIA Y ESPLENOMEGALIA, NO CLASIFICADAS EN OTRA PARTE
R160;HEPATOMEGALIA, NO CLASIFICADA EN OTRA PARTE
R161;ESPLENOMEGALIA, NO CLASIFICADA EN OTRA PARTE
R162;HEPATOMEGALIA CON ESPLENOMEGALIA, NO CLASIFICADAS EN OTRA PARTE
R17X;ICTERICIA NO ESPECIFICADA
R18X;ASCITIS
R19;OTROS SINTOMAS Y SIGNOS QUE INVOLUCRAN EL SISTEMA DIGESTIVO Y EL ABDOMEN
R190;TUMEFACCION, MASA O PROMINENCIA INTRAABDOMINAL Y PELVICA
R191;SONIDOS INTESTINALES ANORMALES
R192;PERISTALSIS VISIBLE
R193;RIGIDEZ ABDOMINAL
R194;CAMBIOS EN LOS HABITOS INTESTINALES
R195;OTRAS ANORMALIDADES FECALES
R196;HALITOSIS
R198;OTROS SINTOMAS Y SIGNOS ESPECIFICADOS QUE INVOLUCRAN EL SISTEMA DIGESTIVO Y EL ABDOMEN
R20;ALTERACIONES DE LA SENSIBILIDAD CUTANEA
R200;ANESTESIA DE LA PIEL
R201;HIPOESTESIA DE LA PIEL
R202;PARESTESIA DE LA PIEL
R203;HIPERESTESIA
R208;OTRAS ALTERACIONES DE LA SENSIBILIDAD CUTANEA Y LAS NO ESPECIFICADAS
R21X;SALPULLIDO Y OTRAS ERUPCIONES CUTANEAS NO ESPECIFICADAS
R22;TUMEFACCION, MASA O PROMINENCIA DE LA PIEL Y DEL TEJIDO SUBCUTANEO LOCALIZADOS
R220;TUMEFACCION, MASA O PROMINENCIA LOCALIZADA EN LA CABEZA
R221;TUMEFACCION, MASA O PROMINENCIA LOCALIZADA EN EL CUELLO
R222;TUMEFACCION, MASA O PROMINENCIA LOCALIZADA EN EL TRONCO
R223;TUMEFACCION, MASA O PROMINENCIA LOCALIZADA EN EL MIEMBRO SUPERIOR
R224;TUMEFACCION, MASA O PROMINENCIA LOCALIZADA EN EL MIEMBRO INFERIOR
R227;TUMEFACCION, MASA O PROMINENCIA LOCALIZADA EN SITIOS MULTIPLES
R229;TUMEFACCION, MASA O PROMINENCIA LOCALIZADA EN PARTE NO ESPECIFICADA
R23;OTROS CAMBIOS EN LA PIEL
R230;CIANOSIS
R231;PALIDEZ
R232;RUBOR
R233;EQUIMOSIS ESPONTANEA
R234;CAMBIOS EN LA TEXTURA DE LA PIEL
R238;OTROS CAMBIOS DE LA PIEL Y LOS NO ESPECIFICADOS
R25;MOVIMIENTOS INVOLUNTARIOS ANORMALES
R250;MOVIMIENTOS ANORMALES DE LA CABEZA
R251;TEMBLOR NO ESPECIFICADO
R252;CALAMBRES Y ESPASMOS
R253;FASCICULACION
R258;OTROS MOVIMIENTOS ANORMALES INVOLUNTARIOS Y LOS NO ESPECIFICADOS
R26;ANORMALIDADES DE LA MARCHA Y DE LA MOVILIDAD
R260;MARCHA ATAXICA
R261;MARCHA PARALITICA
R262;DIFICULTAD PARA CAMINAR, NO CLASIFICADA EN OTRA PARTE
R263;INMOVILIDAD
R268;OTRAS ANORMALIDADES DE LA MARCHA Y DE LA MOVILIDAD Y LAS NO ESPECIFICADAS
R27;OTRAS FALLAS DE COORDINACION
R270;ATAXIA, NO ESPECIFICADA
R278;OTRAS FALLAS DE LA COORDINACION Y LAS NO ESPECIFICADAS
R29;OTROS SINTOMAS Y SIGNOS QUE INVOLUCRAN LOS SISTEMAS NERVIOSO Y OSTEOMUSCULAR
R290;TETANIA
R291;MENINGISMO
R292;REFLEJOS ANORMALES
R293;POSTURA ANORMAL
R294;CHASQUIDO DE LA CADERA
R296;TENDENCIA A CAER, NO CLASIFICADA EN OTRA PARTE
R298;OTROS SINTOMAS Y SIGNOS QUE INVOLUCRAN LOS SISTEMAS NERVIOSO Y OSTEOMUSCULAR Y LOS NO ESPECIFICADOS
R30;DOLOR ASOCIADO CON LA MICCION
R300;DISURIA
R301;TENESMO VESICAL
R309;MICCION DOLOROSA, NO ESPECIFICADA
R31X;HEMATURIA, NO ESPECIFICADA
R32X;INCONTINENCIA URINARIA, NO ESPECIFICADA
R33X;RETENCION DE ORINA
R34X;ANURIA Y OLIGURIA
R35X;POLIURIA
R36X;DESCARGA URETRAL
R39;OTROS SINTOMAS Y SIGNOS QUE INVOLUCRAN EL SISTEMA URINARIO
R390;EXTRAVASACION DE LA ORINA
R391;OTRAS DIFICULTADES DE LA MICCION
R392;UREMIA EXTRARRENAL
R398;OTROS SINTOMAS Y SIGNOS QUE INVOLUCRAN EL SISTEMA URINARIO Y LOS NO ESPECIFICADOS
R40;SOMNOLENCIA, ESTUPOR Y COMA
R400;SOMNOLENCIA
R401;ESTUPOR
R402;COMA, NO ESPECIFICADO
R41;OTROS SINTOMAS Y SIGNOS QUE INVOLUCRAN LA FUNCION COGNOSCITIVA Y LA CONCIENCIA
R410;DESORIENTACION NO ESPECIFICADA
R411;AMNESIA ANTEROGRADA
R412;AMNESIA RETROGRADA
R413;OTRA AMNESIA
R418;OTROS SINTOMAS Y SIGNOS QUE INVOLUCRAN LA FUNCION COGNOSCITIVA Y LA CONCIENCIA Y LOS NO ESPECIFICADOS
R42X;MAREO Y DESVANECIMIENTO
R43;TRASTORNOS DEL OLFATO Y DEL GUSTO
R430;ANOSMIA
R431;PAROSMIA
R432;PARAGEUSIA
R438;OTRAS ALTERACIONES DEL GUSTO Y DEL OLFATO Y LAS NO ESPECIFICADAS
R44;OTROS SINTOMAS Y SIGNOS QUE INVOLUCRAN LAS SENSACIONES Y PERCEPCIONES GENERALES
R440;ALUCINACIONES AUDITIVAS
R441;ALUCINACIONES VISUALES
R442;OTRAS ALUCINACIONES
R443;ALUCINACIONES, NO ESPECIFICADAS
R448;OTROS SINTOMAS Y SIGNOS QUE INVOLUCRAN LAS SENSACIONES Y PERCEPCIONES GENERALES Y LOS NO ESPECIFICADOS
R45;SINTOMAS Y SIGNOS QUE INVOLUCRAN EL ESTADO EMOCIONAL
R450;NERVIOSISMO
R451;INQUIETUD Y AGITACION
R452;INFELICIDAD
R453;DESMORALIZACION Y APATIA
R454;IRRITABILIDAD Y ENOJO
R455;HOSTILIDAD
R456;VIOLENCIA FISICA
R457;TENSION Y ESTADO DE CHOQUE EMOCIONAL, NO ESPECIFICADO
R458;OTROS SINTOMAS Y SIGNOS QUE INVOLUCRAN EL ESTADO EMOCIONAL
R46;SINTOMAS Y SIGNOS QUE INVOLUCRAN LA APARIENCIA Y EL COMPORTAMIENTO
R460;MUY BAJO NIVEL DE HIGIENE PERSONAL
R461;APARIENCIA PERSONAL EXTRAÑA
R462;CONDUCTA EXTRAÑA E INEXPLICABLE
R463;HIPERACTIVIDAD
R464;LENTITUD Y POBRE RESPUESTA
R465;SUSPICACIA Y EVASIVIDAD MARCADAS
R466;PREOCUPACION INDEBIDA POR SUCESOS QUE CAUSAN TENSION
R467;VERBOSIDAD Y DETALLES CIRCUNSTANCIALES QUE OSCURECEN LA RAZON DE LA CONSULTA O EL CONTACTO
R468;OTROS SINTOMAS Y SIGNOS QUE INVOLUCRAN LA APARIENCIA Y EL COMPORTAMIENTO
R47;ALTERACIONES DEL HABLA, NO CLASIFICADAS EN OTRA PARTE
R470;DISFASIA Y AFASIA
R471;DISARTRIA Y ANARTRIA
R478;OTRAS ALTERACIONES DEL HABLA Y LAS NO ESPECIFICADAS
R48;DISLEXIA Y OTRAS DISFUNCIONES SIMBOLICAS, NO CLASIFICADAS EN OTRA PARTE
R480;DISLEXIA Y ALEXIA
R481;AGNOSIA
R482;APRAXIA
R488;OTRAS DISFUNCIONES SIMBOLICAS Y LAS NO ESPECIFICADAS
R49;ALTERACIONES DE LA VOZ
R490;DISFONIA
R491;AFONIA
R492;HIPERNASALIDAD E HIPONASALIDAD
R498;OTRAS ALTERACIONES DE LA VOZ Y LAS NO ESPECIFICADAS
R50;FIEBRE DE OTRO ORIGEN Y DE ORIGEN DESCONOCIDO
R500;FIEBRE CON ESCALOFRIO
R501;FIEBRE PERSISTENTE
R502;FIEBRE INDUCIDA POR DROGAS
R508;OTRAS FIEBRES ESPECIFICADAS
R509;FIEBRE, NO ESPECIFICADA
R51X;CEFALEA
R52;DOLOR, NO CLASIFICADO EN OTRA PARTE
R520;DOLOR AGUDO
R521;DOLOR CRONICO INTRATABLE
R522;OTRO DOLOR CRONICO
R529;DOLOR, NO ESPECIFICADO
R53X;MALESTAR Y FATIGA
R54X;SENILIDAD
R55X;SINCOPE Y COLAPSO
R56;CONVULSIONES, NO CLASIFICADAS EN OTRA PARTE
R560;CONVULSIONES FEBRILES
R568;OTRAS CONVULSIONES Y LAS NO ESPECIFICADAS
R57;CHOQUE, NO CLASIFICADO EN OTRA PARTE
R570;CHOQUE CARDIOGENICO
R571;CHOQUE HIPOVOLEMICO
R572;CHOQUE SEPTICO
R578;OTRAS FORMAS DE CHOQUE
R579;CHOQUE, NO ESPECIFICADO
R58X;HEMORRAGIA, NO CLASIFICADA EN OTRA PARTE
R59;ADENOMEGALIA
R590;ADENOMEGALIA LOCALIZADA
R591;ADENOMEGALIA GENERALIZADA
R599;ADENOMEGALIA, NO ESPECIFICADA
R60;EDEMA, NO CLASIFICADO EN OTRA PARTE
R600;EDEMA LOCALIZADO
R601;EDEMA GENERALIZADO
R609;EDEMA, NO ESPECIFICADO
R61;HIPERHIDROSIS
R610;HIPERHIDROSIS LOCALIZADA
R611;HIPERHIDROSIS GENERALIZADA
R619;HIPERHIDROSIS, NO ESPECIFICADA
R62;FALTA DEL DESARROLLO FISIOLOGICO NORMAL ESPERADO
R620;RETARDO DEL DESARROLLO
R628;OTRAS FALTAS DEL DESARROLLO FISIOLOGICO NORMAL ESPERADO
R629;FALTA DEL DESARROLLO FISIOLOGICO NORMAL ESPERADO, SIN OTRA ESPECIFICACION
R63;SINTOMAS Y SIGNOS CONCERNIENTES A LA ALIMENTACION Y A LA INGESTION DE LIQUIDOS
R630;ANOREXIA
R631;POLIDIPSIA
R632;POLIFAGIA
R633;DIFICULTADES Y MALA ADMINISTRACION DE LA ALIMENTACION
R634;PERDIDA ANORMAL DE PESO
R635;AUMENTO ANORMAL DE PESO
R636;INGESTA INSUFICIENTE DE ALIMENTOS Y AGUA DEBIDA A DESCUIDO PERSONAL
R638;OTROS SINTOMAS Y SIGNOS CONCERNIENTES A LA ALIMENTACION Y A LA INGESTION DE LIQUIDOS
R64X;CAQUEXIA
R65;SINDROME DE RESPUESTA INFLAMATORIA SISTEMICA
R650;SINDROME DE RESPUESTA INFLAMATORIA SISTEMICA DE ORIGEN INFECCIOSO, SIN FALLA ORGANICA
R651;SINDROME DE RESPUESTA INFLAMATORIA SISTEMICA DE ORIGEN INFECCIOSO, CON FALLA ORGANICA
R652;SINDROME DE RESPUESTA INFLAMATORIA SISTEMICA DE ORIGEN NO INFECCIOSO, SIN FALLA ORGANICA
R653;SINDROME DE RESPUESTA INFLAMATORIA SISTEMICA DE ORIGEN NO INFECCIOSO, CON FALLA ORGANICA
R659;SINDROME DE RESPUESTA INFLAMATORIA SISTEMICA, NO ESPECIFICADO
R68;OTROS SINTOMAS Y SIGNOS GENERALES
R680;HIPOTERMIA NO ASOCIADA CON BAJA TEMPERATURA DEL AMBIENTE
R681;SINTOMAS NO ESPECIFICOS PROPIOS DE LA INFANCIA
R682;BOCA SECA, NO ESPECIFICADA
R683;DEDOS DE LA MANO DEFORMES
R688;OTROS SINTOMAS Y SIGNOS GENERALES ESPECIFICADOS
R69X;CAUSAS DE MORBILIDAD DESCONOCIDAS Y NO ESPECIFICADAS
R70;VELOCIDAD DE ERITROSEDIMENTACION ELEVADA Y OTRAS ANORMALIDADES DE LA VISCOSIDAD DEL PLASMA
R700;VELOCIDAD DE ERITROSEDIMENTACION ELEVADA
R701;VISCOSIDAD PLASMATICA ANORMAL
R71X;ANORMALIDAD DE LOS ERITROCITOS
R72X;ANORMALIDADES DE LOS LEUCOCITOS, NO CLASIFICADAS EN OTRA PARTE
R73;NIVEL ELEVADO DE GLUCOSA EN SANGRE
R730;ANORMALIDADES EN LA PRUEBA DE TOLERANCIA A LA GLUCOSA
R739;HIPERGLICEMIA, NO ESPECIFICADA
R74;NIVEL ANORMAL DE ENZIMAS EN SUERO
R740;ELEVACION DE LOS NIVELES DE TRANSAMINASAS O DESHIDROGENASA LACTICA [DHL]
R748;NIVELES ANORMALES DE OTRAS ENZIMAS EN SUERO
R749;NIVEL ANORMAL DE ENZIMAS EN SUERO, NO ESPECIFICADO
R75X;EVIDENCIAS DE LABORATORIO DEL VIRUS DE LA INMUNODEFICIENCIA HUMANA [VIH]
R76;OTROS HALLAZGOS INMUNOLOGICOS ANORMALES EN SUERO
R760;TITULACION ELEVADA DE ANTICUERPOS
R761;REACCION ANORMAL A LA PRUEBA CON TUBERCULINA
R762;FALSO POSITIVO EN LA PRUEBA SEROLOGICA PARA SIFILIS
R768;OTROS HALLAZGOS INMUNOLOGICOS ANORMALES ESPECIFICADOS EN SUERO
R769;HALLAZGOS INMUNOLOGICOS ANORMALES NO ESPECIFICADOS EN SUERO
R77;OTRAS ANORMALIDADES DE LAS PROTEINAS PLASMATICAS
R770;ANORMALIDAD DE LA ALBUMINA
R771;ANORMALIDAD DE LA GLOBULINA
R772;ANORMALIDAD DE LA ALFAFETOPROTEINA
R778;OTRAS ANORMALIDADES ESPECIFICADAS DE LAS PROTEINAS PLASMATICAS
R779;ANORMALIDADES NO ESPECIFICADAS DE LAS PROTEINAS PLASMATICAS
R78;HALLAZGO DE DROGAS Y OTRAS SUSTANCIAS QUE NORMALMENTE NO SE ENCUENTRAN EN LA SANGRE
R780;HALLAZGO DE ALCOHOL EN LA SANGRE
R781;HALLAZGO DE DROGAS OPIACEAS EN LA SANGRE
R782;HALLAZGO DE COCAINA EN LA SANGRE
R783;HALLAZGO DE ALUCINOGENOS EN LA SANGRE
R784;HALLAZGO DE OTRAS DROGAS POTENCIALMENTE ADICTIVAS EN LA SANGRE
R785;HALLAZGO DE DROGAS PSICOTROPICAS EN LA SANGRE
R786;HALLAZGO DE AGENTES ESTEROIDES EN LA SANGRE
R787;HALLAZGO DE NIVELES ANORMALES DE METALES PESADOS EN LA SANGRE
R788;HALLAZGO DE OTRAS SUSTANCIAS ESPECIFICADAS QUE NORMALMENTE NO SE ENCUENTRAN EN LA SANGRE
R789;HALLAZGO DE SUSTANCIA NO ESPECIFICADA QUE NORMALMENTE NO SE ENCUENTRA EN LA SANGRE
R79;OTROS HALLAZGOS ANORMALES EN LA QUIMICA SANGUINEA
R790;NIVEL ANORMAL DE MINERAL EN LA SANGRE
R798;OTROS HALLAZGOS ANORMALES ESPECIFICADOS EN LA QUIMICA SANGUINEA
R799;HALLAZGO ANORMAL EN LA QUIMICA SANGUINEA, SIN OTRA ESPECIFICACION
R80X;PROTEINURIA AISLADA
R81X;GLUCOSURIA
R82;OTROS HALLAZGOS ANORMALES EN LA ORINA
R820;QUILURIA
R821;MIOGLOBINURIA
R822;BILIURIA
R823;HEMOGLOBINURIA
R824;ACETONURIA
R825;ELEVACION DE LOS NIVELES DE DROGAS, MEDICAMENTOS Y SUSTANCIAS BIOLOGICAS EN LA ORINA
R826;NIVELES ANORMALES EN LA ORINA DE SUSTANCIAS DE ORIGEN PRINCIPALMENTE NO MEDICINAL
R827;HALLAZGOS ANORMALES EN EL EXAMEN MICROBIOLOGICO DE LA ORINA
R828;HALLAZGOS ANORMALES EN EL EXAMEN CITOLOGICO E HISTOLOGICO DE LA ORINA
R829;OTROS HALLAZGOS ANORMALES EN LA ORINA Y LOS NO ESPECIFICADOS
R83;HALLAZGOS ANORMALES EN EL LIQUIDO CEFALORRAQUIDEO
R830;HALLAZGOS ANORMALES EN EL LIQUIDO CEFALORRAQUIDEO, NIVEL ANORMAL DE ENZIMAS
R831;HALLAZGOS ANORMALES EN EL LIQUIDO CEFALORRAQUIDEO, NIVEL ANORMAL DE HORMONAS
R832;HALLAZGOS ANORMALES EN EL LIQUIDO CEFALORRAQUIDEO, NIVEL ANORMAL DE OTRAS DROGAS, MEDICAMENTOS Y SUSTANCIAS BIOLOGICAS
R833;HALLAZGOS ANORMALES EN EL LIQUIDO CEFALORRAQUIDEO, NIVEL ANORMAL DE SUSTANCIAS DE ORIGEN FUNDAMENTALMENTE NO MEDICINAL
R834;HALLAZGOS ANORMALES EN EL LIQUIDO CEFALORRAQUIDEO, HALLAZGOS INMUNOLOGICOS ANORMALES
R835;HALLAZGOS ANORMALES EN EL LIQUIDO CEFALORRAQUIDEO, HALLAZGOS MICROBIOLOGICOS ANORMALES, HALLAZGOS POSITIVOS EN EL CULTIVO
R836;HALLAZGOS ANORMALES EN EL LIQUIDO CEFALORRAQUIDEO, HALLAZGOS CITOLOGICOS ANORMALES, FROTIS ANORMAL DE PAPANICOLAOU
R837;HALLAZGOS ANORMALES EN EL LIQUIDO CEFALORRAQUIDEO, HALLAZGOS HISTOLOGICOS ANORMALES
R838;HALLAZGOS ANORMALES EN EL LIQUIDO CEFALORRAQUIDEO, OTROS HALLAZGOS ANORMALES, HALLAZGOS CROMOSOMICOS ANORMALES
R839;HALLAZGOS ANORMALES EN EL LIQUIDO CEFALORRAQUIDEO, HALLAZGOS ANORMALES NO ESPECIFICADOS
R84;HALLAZGOS ANORMALES EN MUESTRAS TOMADAS DE ORGANOS RESPIRATORIOS Y TORACICOS
R840;HALLAZGOS ANORMALES EN MUESTRAS TOMADAS DE ORGANOS RESPIRATORIOS Y TORACICOS, NIVEL ANORMAL DE ENZIMAS
R841;HALLAZGOS ANORMALES EN MUESTRAS TOMADAS DE ORGANOS RESPIRATORIOS Y TORACICOS, NIVEL ANORMAL DE HORMONAS
R842;HALLAZGOS ANORMALES EN MUESTRAS TOMADAS DE ORGANOS RESPIRATORIOS Y TORACICOS,NIVEL ANORMAL DE OTRAS DROGAS, MEDICAMENTOS Y SUSTANCIAS BIOLOGICAS
R843;HALLAZGOS ANORMALES EN MUESTRAS TOMADAS DE ORGANOS RESPIRATORIOS Y TORACICOS, NIVEL ANORMAL DE SUSTANCIAS DE ORIGEN FUNDAMENTALMENTE NO MEDICINAL
R844;HALLAZGOS ANORMALES EN MUESTRAS TOMADAS DE ORGANOS RESPIRATORIOS Y TORACICOS, HALLAZGOS INMUNOLOGICOS ANORMALES
R845;HALLAZGOS ANORMALES EN MUESTRAS TOMADAS DE ORGANOS RESPIRATORIOS Y TORACICOS, HALLAZGOS MICROBIOLOGICOS ANORMALES, HALLAZGOS POSITIVOS EN EL CULTIVO
R846;HALLAZGOS ANORMALES EN MUESTRAS TOMADAS DE ORGANOS RESPIRATORIOS Y TORACICOS, HALLAZGOS CITOLOGICOS ANORMALES, FROTIS ANORMAL DE PAPANICOLAOU
R847;HALLAZGOS ANORMALES EN MUESTRAS TOMADAS DE ORGANOS RESPIRATORIOS Y TORACICOS, HALLAZGOS HISTOLOGICOS ANORMALES
R848;HALLAZGOS ANORMALES EN MUESTRAS TOMADAS DE ORGANOS RESPIRATORIAS Y TORACICOS OTROS HALLAZGOS ANORMALES, HALLAZGOS CROMOSOMICOS ANORMALES
R849;HALLAZGOS ANORMALES EN MUESTRAS TOMADAS DE ORGANOS RESPIRATORIOS Y TORACICOS, HALLAZGOS ANORMALES NO ESPECIFICADOS
R85;HALLAZGOS ANORMALES EN MUESTRAS TOMADAS DE ORGANOS DIGESTIVOS Y DE LA CAVIDAD ABDOMINAL
R850;HALLAZGOS ANORMALES EN MUESTRAS TOMADAS DE ORGANOS DIGESTIVOS Y DE LA CAVIDAD ABDOMINAL, NIVEL ANORMAL DE ENZIMAS
R851;HALLAZGOS ANORMALES EN MUESTRAS TOMADAS DE ORGANOS DIGESTIVOS Y DE LA CAVIDAD ABDOMINAL, NIVEL ANORMAL DE HORMONAS
R852;HALLAZGOS ANORMALES EN MUESTRAS TOMADAS DE ORGANOS DIGESIVOS Y DE LA CAVIDAD ABDOMINAL, NIVEL ANORMAL DE OTRAS DROGAS, MEDICAMENTOS Y SUSTANCIAS BIOLOGICAS
R853;HALLAZGOS ANORMALES EN MUESTRAS TOMADAS DE ORGANOS DIGESTIVOS Y DE LA CAVIDAD ABDOMINAL, NIVEL ANORMAL DE SUSTANCIAS DE ORIGEN FUNDAMENTALMENTE NO MEDICINAL
R854;HALLAZGOS ANORMALES EN MUESTRAS TOMADAS DE ORGANOS DIGESTIVOS Y DE LA CAVIDAD ABDOMINAL, HALLAZGOS INMUNOLOGICOS ANORMALES
R855;HALLAZGOS ANORMALES EN MUESTRAS TOMADAS DE ORGANOS DIGESTIVOS Y DE LA CAVIDAD ABDOMINAL, HALLAZGOS MICROBIOLOGICOS ANORMALES, HALLAZGOS POSITIVOS EN EL CULTIVO
R856;HALLAZGOS ANORMALES EN MUESTRAS TOMADAS DE ORGANOS DIGESTIVOS Y DE LA CAVIDAD ABDOMINAL, HALLAZGOS CITOLOGICOS ANORMALES, FROTIS ANORMAL DE PAPANICOLAOU
R857;HALLAZGOS ANORMALES EN MUESTRAS TOMADAS DE ORGANOS DIGESTIVOS Y DE LA CAVIDAD ABDOMINAL, HALLAZGOS HISTOLOGICOS ANORMALES
R858;HALLAZGOS ANORMALES EN MUESTRAS TOMADAS DE ORGANOS DIGESTIVOS Y DE LA CAVIDAD ABDOMINAL, OTROS HALLAZGOS ANORMALES, HALLAZGOS CROMOSOMICOS ANORMALES
R859;HALLAZGOS ANORMALES EN MUESTRA TOMADAS DE ORGANOS DIGESTIVOS Y DE LA CAVIDAD ABDOMINAL, HALLAZGOS ANORMALES NO ESPECIFICADOS
R86;HALLAZGOS ANORMALES EN MUESTRAS TOMADAS DE ORGANOS GENITALES MASCULINOS
R860;HALLAZGOS ANORMALES EN MUESTRAS TOMADAS DE ORGANOS GENITALES MASCULINOS, NIVEL ANORMAL DE ENZIMAS
R861;HALLAZGOS ANORMALES EN MUESTRAS TOMADAS DE ORGANOS GENITALES MASCULINOS, NIVEL ANORMAL DE HORMONAS
R862;HALLAZGOS ANORMALES EN MUESTRAS TOMADAS DE ORGANOS GENITALES MASCULINOS, NIVEL ANORMAL DE OTRAS DROGAS, MEDICAMENTOS Y SUSTANCIAS BIOLOGICAS
R863;HALLAZGOS ANORMALES EN MUESTRAS TOMADAS DE ORGANOS GENITALES MASCULINOS, NIVEL ANORMAL DE SUSTANCIAS DE ORIGEN FUNDAMENTALMENTE NO MEDICINAL
R864;HALLAZGOS ANORMALES EN MUESTRAS TOMADAS DE ORGANOS GENITALES MASCULINOS, HALLAZGOS INMUNOLOGICOS ANORMALES
R865;HALLAZGOS ANORMALES EN MUESTRAS TOMADAS DE ORGANOS GENITALES MASCULINOS, HALLAZGOS MICROBIOLOGICOS ANORMALES, HALLAZGOS POSITIVOS EN EL CULTIVO
R866;HALLAZGOS ANORMALES EN MUESTRAS TOMADAS DE ORGANOS GENITALES MASCULINOS, HALLAZGOS CITOLOGICOS ANORMALES, FROTIS ANORMAL DE PAPANICOLAOU
R867;HALLAZGOS ANORMALES EN MUESTRAS TOMADAS DE ORGANOS GENITALES MASCULINOS, HALLAZGOS HISTOLOGICOS ANORMALES
R868;HALLAZGOS ANORMALES EN MUESTRAS TOMADAS DE ORGANOS GENITALES MASCULINOS, OTROS HALLAZGOS ANORMALES, HALLAZGOS CROMOSOMICOS ANORMALES
R869;HALLAZGOS ANORMALES EN MUESTRAS TOMADAS DE ORGANOS GENITALES MASCULINOS, HALLAZGOS ANORMALES NO ESPECIFICADOS
R87;HALLAZGOS ANORMALES EN MUESTRAS TOMADAS DE ORGANOS GENITALES FEMENINOS
R870;HALLAZGOS ANORMALES EN MUESTRAS TOMADAS DE ORGANOS GENITALES FEMENINOS, NIVEL ANORMAL DE ENZIMAS
R871;HALLAZGOS ANORMALES EN MUESTRAS TOMADAS DE ORGANOS GENITALES FEMENINOS, NIVEL ANORMAL DE HORMONAS
R872;HALLAZGOS ANORMALES EN MUESTRAS TOMADAS DE ORGANOS GENITALES FEMENINOS, NIVEL ANORMAL DE OTRAS DROGAS, MEDICAMENTOS Y SUSTANCIAS BIOLOGICAS.
R873;HALLAZGOS ANORMALES EN MUESTRAS TOMADAS DE ORGANOS GENITALES FEMENINOS, NIVEL ANORMAL DE SUSTANCIAS DE ORIGEN FUNDAMENTALMENTE NO MEDICINAL
R874;HALLAZGOS ANORMALES EN MUESTRAS TOMADAS DE ORGANOS GENITALES FEMENINOS, HALLAZGOS INMUNOLOGICOS ANORMALES
R875;HALLAZGOS ANORMALES EN MUESTRAS TOMADAS DE ORGANOS GENITALES FEMENINOS, HALLAZGOS MICROBIOLOGICOS ANORMALES, HALLAZGOS POSITIVOS EN EL CULTIVO
R876;HALLAZGOS ANORMALES.EN MUESTRAS TOMADAS DE ORGANOS GENITALES FEMENINOS, HALLAZGOS CITOLOGICOS ANORMALES, FROTIS ANORMAL DE PAPANICOLAOU
R877;HALLAZGOS ANORMALES EN MUESTRAS TOMADAS DE ORGANOS GENITALES FEMENINOS, HALLAZGOS HISTOLOGICOS ANORMALES
R878;HALLAZGOS ANORMALES EN MUESTRAS TOMADAS DE ORGANOS GENITALES FEMENINOS, OTROS HALLAZGOS ANORMALES, HALLAZGOS CROMOSOMICOS ANORMALES
R879;HALLAZGOS ANORMALES EN MUESTRAS TOMADAS DE ORGANOS GENITALES FEMENINOS, HALLAZGOS ANORMALES, NO ESPECIFICADOS
R89;HALLAZGOS ANORMALES EN MUESTRAS TOMADAS DE OTROS ORGANOS, SISTEMAS Y TEJIDOS
R890;HALLAZGOS ANORMALES EN MUESTRAS TOMADAS DE OTROS ORGANOS, SISTEMAS Y TEJIDOS, NIVEL ANORMAL DE ENZIMAS
R891;HALLAZGOS ANORMALES EN MUESTRAS TOMADAS DE OTROS ORGANOS, SISTEMAS Y TEJIDOS, NIVEL ANORMAL DE HORMONAS
R892;HALLAZGOS ANORMALES EN MUESTRAS TOMADAS DE OTROS ORGANOS, SISTEMAS Y TEJIDOS, NIVEL ANORMAL DE OTRAS DROGAS, MEDICAMENTOS Y SUSTANCIAS BIOLOGICAS
R893;HALLAZGOS ANORMALES EN MUESTRAS TOMADAS DE OTROS ORGANOS, SISTEMAS Y TEJIDOS, NIVEL ANORMAL DE SUSTANCIAS DE ORIGEN FUNDAMENTALMENTE NO MEDICINAL
R894;HALLAZGOS ANORMALES EN MUESTRAS TOMADAS DE OTROS ORGANOS, SISTEMAS Y TEJIDOS, HALLAZGOS INMUNOLOGICOS ANORMALES
R895;HALLAZGOS ANORMALES EN MUESTRA TOMADAS DE OTROS ORGANOS , SISTEMAS Y TEJIDOS, HALLAZGOS MICROBIOLOGICOS ANORMALES, HALLAZGOS POSITIVOS EN EL CULTIVO
R896;HALLAZGOS ANORMALES EN MUESTRA TOMADAS DE OTROS ORGANOS, SISTEMAS Y TEJIDOS, HALLAZGOS CITOLOGICOS ANORMALES, FROTIS ANORMAL DE PAPANICOLAOU
R897;HALLAZGOS ANORMALES EN MUESTRAS TOMADAS DE OTROS ORGANOS, SISTEMAS Y TEJIDOS, HALLAZGOS HISTOLOGICOS ANORMALES
R898;HALLAZGOS ANORMALES EN MUESTRAS TOMADAS DE OTROS ORGANOS, SISTEMAS Y TEJIDOS, OTROS HALLAZGOS ANORMALES, HALLAZGOS CROMOSOMICOS ANORMALES
R899;HALLAZGOS ANORMALES EN MUESTRAS TOMADAS DE OTROS ORGANOS, SISTEMAS Y TEJIDOS, HALLAZGOS ANORMALES NO ESPECIFICADOS.
R90;HALLAZGOS ANORMALES EN DIAGNOSTICO POR IMAGEN DEL SISTEMA NERVIOSO CENTRAL
R900;LESION QUE OCUPA EL ESPACIO INTRACRANEAL
R908;OTROS HALLAZGOS ANORMALES EN DIAGNOSTICO POR IMAGEN DEL SISTEMA NERVIOSO CENTRAL
R91X;HALLAZGOS ANORMALES EN DIAGNOSTICO POR IMAGEN DEL PULMON
R92X;HALLAZGOS ANORMALES EN DIAGNOSTICO POR IMAGEN DE LA MAMA
R93;HALLAZGOS ANORMALES EN DIAGNOSTICO POR IMAGEN DE OTRAS ESTRUCTURAS DEL CUERPO
R930;HALLAZGOS ANORMALES EN DIAGNOSTICO POR IMAGEN DEL CRANEO Y DE LA CABEZA, NO CLASIFICADOS EN OTRA PARTE
R931;HALLAZGOS ANORMALES EN DIAGNOSTICO POR IMAGEN DEL CORAZON Y DE LA CIRCULACION CORONARIA
R932;HALLAZGOS ANORMALES EN DIAGNOSTICO POR IMAGEN DEL HIGADO Y DE LAS VIAS BILIARES
R933;HALLAZGOS ANORMALES EN DIAGNOSTICO POR IMAGEN DE OTRAS PARTES DE LAS VIAS DIGESTIVAS
R934;HALLAZGOS ANORMALES EN DIAGNOSTICO POR IMAGEN DE LOS ORGANOS URINARIOS
R935;HALLAZGOS ANORMALES EN DIAGNOSTICO POR IMAGEN DE OTRAS REGIONES ABDOMINALES, INCLUIDO EL RETROPERITONEO
R936;HALLAZGOS ANORMALES EN DIAGNOSTICO POR IMAGEN DE LOS MIEMBROS
R937;HALLAZGOS ANORMALES EN DIAGNOSTICO POR IMAGEN DE OTRAS PARTES DEL SISTEMA OSTEOMUSCULAR
R938;HALLAZGOS ANORMALES EN DIAGNOSTICO POR IMAGEN DE OTRAS ESTRUCTURAS ESPECIFICADAS DEL CUERPO
R94;RESULTADOS ANORMALES DE ESTUDIOS FUNCIONALES
R940;RESULTADOS ANORMALES EN ESTUDIOS FUNCIONALES DEL SISTEMA NERVIOSO CENTRAL
R941;RESULTADOS ANORMALES EN ESTUDIOS FUNCIONALES DEL SISTEMA NERVIOSO PERIFERICO Y SENTIDOS ESPECIALES
R942;RESULTADOS ANORMALES EN ESTUDIOS FUNCIONALES DEL PULMON
R943;RESULTADOS ANORMALES EN ESTUDIOS FUNCIONALES CARDIOVASCULARES
R944;RESULTADOS ANORMALES EN ESTUDIOS FUNCIONALES DEL RIÑON
R945;RESULTADOS ANORMALES EN ESTUDIOS FUNCIONALES DEL HIGADO
R946;RESULTADOS ANORMALES EN ESTUDIOS FUNCIONALES DE LA TIROIDES
R947;RESULTADOS ANORMALES EN OTROS ESTUDIOS FUNCIONALES ENDOCRINOS
R948;RESULTADOS ANORMALES EN LOS ESTUDIOS FUNCIONALES DE OTROS ORGANOS Y SISTEMAS
R95;SINDROME DE LA MUERTE SUBITA INFANTIL
R950;SINDROME DE LA MUERTE SUBITA INFANTIL, CON MENCION DE AUTOPSIA
R959;SINDROME DE LA MUERTE SUBITA INFANTIL, SIN MENCION DE AUTOPSIA
R95X;SINDROME DE LA MUERTE SUBITA INFANTIL
R96;OTRAS MUERTES SUBITAS DE CAUSA DESCONOCIDA
R960;MUERTE INSTANTANEA
R961;MUERTE QUE OCURRE EN MENOS DE 24 HORAS DEL INICIO DE LOS SINTOMAS, NO EXPLICADA DE OTRA FORMA
R98X;MUERTE SIN ASISTENCIA
R99X;OTRAS CAUSAS MAL DEFINIDAS Y LAS NO ESPECIFICADAS DE MORTALIDAD
S00;TRAUMATISMO SUPERFICIAL DE LA CABEZA
S000;TRAUMATISMO SUPERFICIAL DEL CUERO CABELLUDO
S001;CONTUSION DE LOS PARPADOS Y DE LA REGION PERIOCULAR
S002;OTROS TRAUMATISMOS SUPERFICIALES DEL PARPADO Y DE LA REGION PERIOCULAR
S003;TRAUMATISMO SUPERFICIAL DE LA NARIZ
S004;TRAUMATISMO SUPERFICIAL DEL OIDO
S005;TRAUMATISMO SUPERFICIAL DEL LABIO Y DE LA CAVIDAD BUCAL
S007;TRAUMATISMOS SUPERFICIALES MULTIPLES DE LA CABEZA
S008;TRAUMATISMO SUPERFICIAL DE OTRAS PARTES DE LA CABEZA
S009;TRAUMATISMO SUPERFICIAL DE LA CABEZA, PARTE NO ESPECIFICADA
S01;HERIDA DE LA CABEZA
S010;HERIDA DEL CUERO CABELLUDO
S011;HERIDA DEL PARPADO Y DE LA REGION PERIOCULAR
S012;HERIDA DE LA NARIZ
S013;HERIDA DEL OIDO
S014;HERIDA DE LA MEJILLA Y DE LA REGION TEMPOROMANDIBULAR
S015;HERIDA DEL LABIO Y DE LA CAVIDAD BUCAL
S017;HERIDAS MULTIPLES DE LA CABEZA
S018;HERIDA DE OTRAS PARTES DE LA CABEZA
S019;HERIDA DE LA CABEZA, PARTE NO ESPECIFICADA
S02;FRACTURA DE HUESOS DEL CRANEO Y DE LA CARA
S020;FRACTURA DE LA BOVEDA DEL CRANEO
S021;FRACTURA DE LA BASE DEL CRANEO
S022;FRACTURA DE LOS HUESOS DE LA NARIZ
S023;FRACTURA DEL SUELO DE LA ORBITA
S024;FRACTURA DEL MALAR Y DEL HUESO MAXILAR SUPERIOR
S025;FRACTURA DE LOS DIENTES
S026;FRACTURA DEL MAXILAR INFERIOR
S027;FRACTURAS MULTIPLES QUE COMPROMETEN EL CRANEO Y LOS HUESOS DE LA CARA
S028;FRACTURA DE OTROS HUESOS DEL CRANEO Y DE LA CARA
S029;FRACTURA DEL CRANEO Y DE LOS HUESOS DE LA CARA, PARTE NO ESPECIFICADA
S03;LUXACION, ESGUINCE Y TORCEDURA DE ARTICULACIONES Y DE LIGAMENTOS DE LA CABEZA
S030;LUXACION DEL MAXILAR
S031;LUXACION DEL CARTILAGO SEPTAL DE LA NARIZ
S032;LUXACION DE DIENTE
S033;LUXACION DE OTRAS PARTES Y DE LAS NO ESPECIFICADAS DE LA CABEZA
S034;ESGUINCES Y TORCEDURAS DEL MAXILAR
S035;ESGUINCES Y TORCEDURAS DE ARTICULACIONES Y LIGAMENTOS DE OTRAS PARTES Y LAS NO ESPECIFICADAS DE LA CABEZA
S04;TRAUMATISMO DE NERVIOS CRANEALES
S040;TRAUMATISMO DEL NERVIO OPTICO [II PAR] Y DE LAS VIAS OPTICAS
S041;TRAUMATISMO DEL NERVIO MOTOR OCULAR COMUN [III PAR]
S042;TRAUMATISMO DEL NERVIO PATETICO [IV PAR]
S043;TRAUMATISMO DEL NERVIO TRIGEMINO [V PAR]
S044;TRAUMATISMO DEL NERVIO MOTOR OCULAR EXTERNO [VI PAR]
S045;TRAUMATISMO DEL NERVIO FACIAL [VII PAR]
S046;TRAUMATISMO DEL NERVIO ACUSTICO [VIII PAR]
S047;TRAUMATISMO DEL NERVIO ESPINAL [XI PAR]
S048;TRAUMATISMO DE OTROS NERVIOS CRANEALES
S049;TRAUMATISMO DE NERVIOS CRANEALES, NO ESPECIFICADO
S05;TRAUMATISMO DEL OJO Y DE LA ORBITA
S050;TRAUMATISMO DE LA CONJUNTIVA Y ABRASION CORNEAL SIN MENCION DE CUERPO EXTRAÑO
S051;CONTUSION DEL GLOBO OCULAR Y DEL TEJIDO ORBITARIO
S052;LACERACION Y RUPTURA OCULAR CON PROLAPSO O PERDIDA DEL TEJIDO INTRAOCULAR
S053;LACERACION OCULAR SIN PROLAPSO O PERDIDA DEL TEJIDO INTRAOCULAR
S054;HERIDA PENETRANTE DE LA ORBITA CON O SIN CUERPO EXTRAÑO
S055;HERIDA PENETRANTE DEL GLOBO OCULAR CON CUERPO EXTRAÑO
S056;HERIDA PENETRANTE DEL GLOBO OCULAR SIN CUERPO EXTRAÑO
S057;AVULSION DE OJO
S058;OTROS TRAUMATISMOS DEL OJO Y DE LA ORBITA
S059;TRAUMATISMO DEL OJO Y DE LA ORBITA, NO ESPECIFICADO
S06;TRAUMATISMO INTRACRANEAL
S060;CONCUSION
S061;EDEMA CEREBRAL TRAUMATICO
S062;TRAUMATISMO CEREBRAL DIFUSO
S063;TRAUMATISMO CEREBRAL FOCAL
S064;HEMORRAGIA EPIDURAL
S065;HEMORRAGIA SUBDURAL TRAUMATICA
S066;HEMORRAGIA SUBARACNOIDEA TRAUMATICA
S067;TRAUMATISMO INTRACRANEAL CON COMA PROLONGADO
S068;OTROS TRAUMATISMOS INTRACRANEALES
S069;TRAUMATISMO INTRACRANEAL, NO ESPECIFICADO
S07;TRAUMATISMO POR APLASTAMIENTO DE LA CABEZA
S070;TRAUMATISMO POR APLASTAMIENTO DE LA CARA
S071;TRAUMATISMO POR APLASTAMIENTO DEL CRANEO
S078;TRAUMATISMO POR APLASTAMIENTO DE OTRAS PARTES DE LA CABEZA
S079;TRAUMATISMO POR APLASTAMIENTO DE LA CABEZA, PARTE NO ESPECIFICADA
S08;AMPUTACION TRAUMATICA DE PARTE DE LA CABEZA
S080;AVULSION DEL CUERO CABELLUDO
S081;AMPUTACION TRAUMATICA DE LA OREJA
S088;AMPUTACION TRAUMATICA DE OTRAS PARTES DE LA CABEZA
S089;AMPUTACION TRAUMATICA DE PARTE NO ESPECIFICADA DE LA CABEZA
S09;OTROS TRAUMATISMOS Y LOS NO ESPECIFICADOS DE LA CABEZA
S090;TRAUMATISMO DE LOS VASOS SANGUINEOS DE LA CABEZA NO CLASIFICADOS EN OTRA PARTE
S091;TRAUMATISMO DE TENDON Y MUSCULOS DE LA CABEZA
S092;RUPTURA TRAUMATICA DEL TIMPANO DEL OIDO
S097;TRAUMATISMOS MULTIPLES DE LA CABEZA
S098;OTROS TRAUMATISMOS DE LA CABEZA, ESPECIFICADOS
S099;TRAUMATISMO DE LA CABEZA, NO ESPECIFICADO
S10;TRAUMATISMO SUPERFICIAL DEL CUELLO
S100;CONTUSION DE LA GARGANTA
S101;OTROS TRAUMATISMOS SUPERFICIALES Y LOS NO ESPECIFICADOS DE LA GARGANTA
S107;TRAUMATISMO SUPERFICIAL MULTIPLE DEL CUELLO
S108;TRAUMATISMO SUPERFICIAL DE OTRAS PARTES DEL CUELLO
S109;TRAUMATISMO SUPERFICIAL DEL CUELLO, PARTE NO ESPECIFICADA
S11;HERIDA DEL CUELLO
S110;HERIDA QUE COMPROMETE LA LARINGE Y LA TRAQUEA
S111;HERIDA QUE COMPROMETE LA GLANDULA TIROIDES
S112;HERIDA QUE COMPROMETE LA FARINGE Y EL ESOFAGO CERVICAL
S117;HERIDAS MULTIPLES DEL CUELLO
S118;HERIDAS DE OTRAS PARTES DEL CUELLO
S119;HERIDA DE CUELLO, PARTE NO ESPECIFICADA
S12;FRACTURA DEL CUELLO
S120;FRACTURA DE LA PRIMERA VERTEBRA CERVICAL
S121;FRACTURA DE LA SEGUNDA VERTEBRA CERVICAL
S122;FRACTURA DE OTRAS VERTEBRAS CERVICALES ESPECIFICADAS
S127;FRACTURAS MULTIPLES DE COLUMNA CERVICAL
S128;FRACTURA DE OTRAS PARTES DEL CUELLO
S129;FRACTURA DEL CUELLO, PARTE NO ESPECIFICADA
S13;LUXACION, ESGUINCE Y TORCEDURA DE ARTICULACIONES Y LIGAMENTOS DEL CUELLO
S130;RUPTURA TRAUMATICA DE DISCO CERVICAL INTERVERTEBRAL
S131;LUXACION DE VERTEBRA CERVICAL
S132;LUXACIONES DE OTRAS PARTES Y DE LAS NO ESPECIFICADAS DEL CUELLO
S133;LUXACIONES MULTIPLES DEL CUELLO
S134;ESGUINCES Y TORCEDURAS DE LA COLUMNA CERVICAL
S135;ESGUINCES Y TORCEDURAS DE LA REGION TIROIDEA
S136;ESGUINCES Y TORCEDURAS DE ARTICULACIONES Y LIGAMENTOS DE OTROS SITIOS ESPECIFICADOS Y DE LOS NO ESPECIFICADOS DEL CUELLO
S14;TRAUMATISMO DE LA MEDULA ESPINAL Y DE NERVIOS A NIVEL DEL CUELLO
S140;CONCUSION Y EDEMA DE LA MEDULA ESPINAL CERVICAL
S141;OTROS TRAUMATISMOS DE LA MEDULA ESPINAL CERVICAL Y LOS NO ESPECIFICADOS
S142;TRAUMATISMO DE RAIZ NERVIOSA DE COLUMNA CERVICAL
S143;TRAUMATISMO DEL PLEXO BRAQUIAL
S144;TRAUMATISMO DE NERVIOS PERIFERICOS DEL CUELLO
S145;TRAUMATISMO DE NERVIOS CERVICALES SIMPATICOS
S146;TRAUMATISMO DE OTROS NERVIOS Y DE LOS NO ESPECIFICADOS DEL CUELLO
S15;TRAUMATISMO DE VASOS SANGUINEOS A NIVEL DEL CUELLO
S150;TRAUMATISMO DE LA ARTERIA CAROTIDA
S151;TRAUMATISMO DE LA ARTERIA VERTEBRAL
S152;TRAUMATISMO DE LA VENA YUGULAR EXTERNA
S153;TRAUMATISMO DE LA VENA YUGULAR INTERNA
S157;TRAUMATISMO DE MULTIPLES VASOS SANGUINEOS A NIVEL DEL CUELLO
S158;TRAUMATISMO DE OTROS VASOS SANGUINEOS A NIVEL DEL CUELLO
S159;TRAUMATISMO DE VASOS SANGUINEOS NO ESPECIFICADOS A NIVEL DEL CUELLO
S16X;TRAUMATISMO DE TENDON Y MUSCULOS A NIVEL DEL CUELLO
S17;TRAUMATISMO POR APLASTAMIENTO DEL CUELLO
S170;TRAUMATISMO POR APLASTAMIENTO DE LA LARINGE Y DE LA TRAQUEA
S178;TRAUMATISMO POR APLASTAMIENTO DE OTRAS PARTES DEL CUELLO
S179;TRAUMATISMO POR APLASTAMIENTO DEL CUELLO, PARTE NO ESPECIFICADA
S18X;AMPUTACION TRAUMATICA A NIVEL DEL CUELLO
S19;OTROS TRAUMATISMOS Y LOS NO ESPECIFICADOS DEL CUELLO
S197;TRAUMATISMOS MULTIPLES DEL CUELLO
S198;OTROS TRAUMATISMOS DEL CUELLO, ESPECIFICADOS
S199;TRAUMATISMO DEL CUELLO, NO ESPECIFICADO
S20;TRAUMATISMO SUPERFICIAL DEL TORAX
S200;CONTUSION DE LA MAMA
S201;OTROS TRAUMATISMOS SUPERFICIALES Y LOS NO ESPECIFICADOS DE LA MAMA
S202;CONTUSION DEL TORAX
S203;OTROS TRAUMATISMOS SUPERFICIALES DE LA PARED ANTERIOR DEL TORAX
S204;OTROS TRAUMATISMOS SUPERFICIALES DE LA PARED POSTERIOR DEL TORAX
S207;TRAUMATISMOS SUPERFICIALES MULTIPLES DEL TORAX
S208;TRAUMATISMO SUPERFICIAL DE OTRAS PARTES Y DE LAS NO ESPECIFICADAS DEL TORAX
S21;HERIDA DEL TORAX
S210;HERIDA DE LA MAMA
S211;HERIDA DE LA PARED ANTERIOR DEL TORAX
S212;HERIDA DE LA PARED POSTERIOR DEL TORAX
S217;HERIDA MULTIPLE DE LA PARED TORACICA
S218;HERIDA DE OTRAS PARTES DEL TORAX
S219;HERIDA DEL TORAX, PARTE NO ESPECIFICADA
S22;FRACTURA DE LAS COSTILLAS, DEL ESTERNON Y DE LA COLUMNA TORACICA [DORSAL]
S220;FRACTURA DE VERTEBRA TORACICA
S221;FRACTURAS MULTIPLES DE COLUMNA TORACICA
S222;FRACTURA DEL ESTERNON
S223;FRACTURA DE COSTILLA
S224;FRACTURAS MULTIPLES DE COSTILLAS
S225;TORAX AZOTADO
S228;FRACTURA DE OTRAS PARTES DEL TORAX OSEO
S229;FRACTURA DEL TORAX OSEO, PARTE NO ESPECIFICADA
S23;LUXACION, ESGUINCE Y TORCEDURA DE ARTICULACIONES Y LIGAMENTOS DEL TORAX
S230;RUPTURA TRAUMATICA DE DISCO INTERVERTEBRAL TORACICO
S231;LUXACION DE VERTEBRA TORACICA
S232;LUXACION DE OTRAS PARTES Y DE LAS NO ESPECIFICADAS DEL TORAX
S233;ESGUINCES Y TORCEDURAS DE COLUMNA TORACICA
S234;ESGUINCES Y TORCEDURAS DE COSTILLAS Y ESTERNON
S235;ESGUINCES Y TORCEDURAS DE OTRAS PARTES Y DE LAS NO ESPECIFICADAS DEL TORAX
S24;TRAUMATISMO DE NERVIOS Y DE LA MEDULA ESPINAL A NIVEL DEL TORAX
S240;CONCUSION Y EDEMA DE LA MEDULA ESPINAL TORACICA
S241;OTROS TRAUMATISMOS Y LOS NO ESPECIFICADOS DE LA MEDULA ESPINAL TORACICA
S242;TRAUMATISMO DE RAICES NERVIOSAS DE LA COLUMNA TORACICA
S243;TRAUMATISMO DE NERVIOS PERIFERICOS DEL TORAX
S244;TRAUMATISMO DE NERVIOS SIMPATICOS TORACICOS
S245;TRAUMATISMO DE OTROS NERVIOS DEL TORAX
S246;TRAUMATISMO DE NERVIO NO ESPECIFICADO DEL TORAX
S25;TRAUMATISMO DE VASOS SANGUINEOS DEL TORAX
S250;TRAUMATISMO DE LA AORTA TORACICA
S251;TRAUMATISMO DE LA ARTERIA INNOMINADA O SUBCLAVIA
S252;TRAUMATISMO DE VENA CAVA SUPERIOR
S253;TRAUMATISMO DE LA VENA INNOMINADA O SUBCLAVIA
S254;TRAUMATISMO DE VASOS SANGUINEOS PULMONARES
S255;TRAUMATISMO DE VASOS SANGUINEOS INTERCOSTALES
S257;TRAUMATISMO DE MULTIPLES VASOS SANGUINEOS DEL TORAX
S258;TRAUMATISMO DE OTROS VASOS SANGUINEOS DEL TORAX
S259;TRAUMATISMO DE VASOS SANGUINEOS NO ESPECIFICADOS DEL TORAX
S26;TRAUMATISMO DEL CORAZON
S260;TRAUMATISMO DEL CORAZON CON HEMOPERICARDIO
S268;OTROS TRAUMATISMOS DEL CORAZON
S269;TRAUMATISMO DEL CORAZON, NO ESPECIFICADO
S27;TRAUMATISMO DE OTROS ORGANOS INTRATORACICOS Y DE LOS NO ESPECIFICADOS
S270;NEUMOTORAX TRAUMATICO
S271;HEMOTORAX TRAUMATICO
S272;HEMONEUMOTORAX TRAUMATICO
S273;OTROS TRAUMATISMOS DEL PULMON
S274;TRAUMATISMO DE LOS BRONQUIOS
S275;TRAUMATISMO DE LA TRAQUEA TORACICA
S276;TRAUMATISMO DE LA PLEURA
S277;TRAUMATISMOS MULTIPLES DE ORGANOS INTRATORACICOS
S278;TRAUMATISMO DE OTROS ORGANOS INTRATORACICOS, ESPECIFICADOS
S279;TRAUMATISMO DE ORGANO INTRATORACICO, NO ESPECIFICADO
S28;TRAUMATISMO POR APLASTAMIENTO DEL TORAX Y AMPUTACION TRAUMATICA DE PARTE DEL TORAX
S280;APLASTAMIENTO DEL TORAX
S281;AMPUTACION TRAUMATICA DE PARTE DEL TORAX
S29;OTROS TRAUMATISMOS Y LOS NO ESPECIFICADOS DEL TORAX
S290;TRAUMATISMO DE TENDON Y MUSCULOS A NIVEL DEL TORAX
S297;TRAUMATISMOS MULTIPLES DEL TORAX
S298;OTROS TRAUMATISMOS DEL TORAX, ESPECIFICADOS
S299;TRAUMATISMO DEL TORAX, NO ESPECIFICADO
S30;TRAUMATISMO SUPERFICIAL DEL ABDOMEN, DE LA REGION LUMBOSACRA Y DE LA PELVIS
S300;CONTUSION DE LA REGION LUMBOSACRA Y DE LA PELVIS
S301;CONTUSION DE LA PARED ABDOMINAL
S302;CONTUSION DE ORGANOS GENITALES EXTERNOS
S307;TRAUMATISMOS SUPERFICIALES MULTIPLES DEL ABDOMEN, DE LA REGION LUMBOSACRA Y DE LA PELVIS
S308;OTROS TRAUMATISMOS SUPERFICIALES DEL ABDOMEN, DE LA REGION LUMBOSACRA Y DE LA PELVIS
S309;TRAUMATISMO SUPERFICIAL DEL ABDOMEN, DE LA REGION LUMBOSACRA Y DE LA PELVIS, PARTE NO ESPECIFICADA
S31;HERIDA DEL ABDOMEN, DE LA REGION LUMBOSACRA Y DE LA PELVIS
S310;HERIDA DE LA REGION LUMBOSACRA Y DE LA PELVIS
S311;HERIDA DE LA PARED ABDOMINAL
S312;HERIDA DEL PENE
S313;HERIDA DEL ESCROTO Y DE LOS TESTICULOS
S314;HERIDA DE LA VAGINA Y DE LA VULVA
S315;HERIDA DE OTROS ORGANOS GENITALES EXTERNOS Y DE LOS NO ESPECIFICADOS
S317;HERIDAS MULTIPLES DEL ABDOMEN, DE LA REGION LUMBOSACRA Y DE LA PELVIS
S318;HERIDAS DE OTRAS PARTES Y DE LAS NO ESPECIFICADAS DEL ABDOMEN
S32;FRACTURA DE LA COLUMNA LUMBAR Y DE LA PELVIS
S320;FRACTURA DE VERTEBRA LUMBAR
S321;FRACTURA DEL SACRO
S322;FRACTURA DEL COCCIX
S323;FRACTURA DEL HUESO ILIACO
S324;FRACTURA DEL ACETABULO
S325;FRACTURA DEL PUBIS
S327;FRACTURAS MULTIPLES DE LA COLUMNA LUMBAR Y DE LA PELVIS
S328;FRACTURA DE OTRAS PARTES Y DE LAS NO ESPECIFICADAS DE LA COLUMNA LUMBAR Y DE LA PELVIS
S33;LUXACION, ESGUINCE Y TORCEDURA DE ARTICULACIONES Y LIGAMENTOS DE LA COLUMNA LUMBAR Y DE LA PELVIS
S330;RUPTURA TRAUMATICA DE DISCO INTERVERTEBRAL LUMBAR
S331;LUXACION DE VERTEBRA LUMBAR
S332;LUXACION DE ARTICULACION SACROCOCCIGEA Y SACROILIACA
S333;LUXACION DE OTRAS PARTES Y DE LAS NO ESPECIFICADAS DE LA COLUMNA LUMBAR Y DE LA PELVIS
S334;RUPTURA TRAUMATICA DE LA SINFISIS DEL PUBIS
S335;ESGUINCES Y TORCEDURAS DE LA COLUMNA LUMBAR
S336;ESGUINCES Y TORCEDURAS DE LA ARTICULACION SACROILIACA
S337;ESGUINCES Y TORCEDURAS DE OTRAS PARTES Y DE LA NO ESPECIFICADAS DE LA COLUMNA LUMBAR Y DE LA PELVIS
S34;TRAUMATISMO DE LOS NERVIOS Y DE LA MEDULA ESPINAL LUMBAR, A NIVEL DEL ABDOMEN, DE LA REGION LUMBOSACRA Y DE LA PELVIS
S340;CONCUSION Y EDEMA DE LA MEDULA ESPINAL LUMBAR
S341;OTRO TRAUMATISMO DE LA MEDULA ESPINAL LUMBAR
S342;TRAUMATISMO DE RAIZ NERVIOSA DE LA COLUMNA LUMBAR Y SACRA
S343;TRAUMATISMO DE LA COLA DE CABALLO
S344;TRAUMATISMO DEL PLEXO LUMBOSACRO
S345;TRAUMATISMO DE NERVIOS(S) SIMPATICO(S) LUMBAR(ES),SACRO(S) Y PELVICO(S)
S346;TRAUMATISMO DE NERVIO(S) PERIFERICO(S) DEL ABDOMEN, DE LA REGION LUMBOSACRA Y DE LA PELVIS
S348;TRAUMATISMO DE OTROS NERVIOS A NIVEL DEL ABDOMEN, DE LA REGION LUMBOSACRA Y DE LA PELVIS Y DE LOS NO ESPECIFICADOS
S35;TRAUMATISMO DE VASOS SANGUINEOS A NIVEL DEL ABDOMEN, DE LA REGION LUMBOSACRA Y DE LA PELVIS
S350;TRAUMATISMO DE LA AORTA ABDOMINAL
S351;TRAUMATISMO DE LA VENA CAVA INFERIOR
S352;TRAUMATISMO DE ARTERIAS CELIACAS Y MESENTERICAS
S353;TRAUMATISMO DE VENAS PORTA Y ESPLENICA
S354;TRAUMATISMO DE VASOS SANGUINEOS RENALES
S355;TRAUMATISMO DE VASOS SANGUINEOS ILIACOS
S357;TRAUMATISMO DE MULTIPLES VASOS SANGUINEOS A NIVEL DEL ABDOMEN, DE LA REGION LUMBOSACRA Y DE LA PELVIS
S358;TRAUMATISMO DE OTROS VASOS SANGUINEOS A NIVEL DEL ABDOMEN, DE LA REGION LUMBOSACRA Y DE LA PELVIS
S359;TRAUMATISMO DE VASOS SANGUINEOS NO ESPECIFICADOS A NIVEL DEL ABDOMEN, DE LA REGION LUMBOSACRA Y DE LA PELVIS
S36;TRAUMATISMO DE ORGANOS INTRAABDOMINALES
S360;TRAUMATISMO DEL BAZO
S361;TRAUMATISMO DEL HIGADO Y DE LA VESICULA BILIAR
S362;TRAUMATISMO DEL PANCREAS
S363;TRAUMATISMO DEL ESTOMAGO
S364;TRAUMATISMO DEL INTESTINO DELGADO
S365;TRAUMATISMO DEL COLON
S366;TRAUMATISMO DEL RECTO
S367;TRAUMATISMO DE MULTIPLES ORGANOS INTRAABDOMINALES
S368;TRAUMATISMO DE OTROS ORGANOS INTRAABDOMINALES
S369;TRAUMATISMO DE ORGANO INTRAABDOMINAL NO ESPECIFICADO
S37;TRAUMATISMO DEL APARATO URINARIO Y DE LOS ORGANOS PELVICOS
S370;TRAUMATISMO DEL RIÑON
S371;TRAUMATISMO DEL URETER
S372;TRAUMATISMO DE LA VEJIGA
S373;TRAUMATISMO DE LA URETRA
S374;TRAUMATISMO DEL OVARIO
S375;TRAUMATISMO DE LA TROMPA DE FALOPIO
S376;TRAUMATISMO DEL UTERO
S377;TRAUMATISMO DE MULTIPLES ORGANOS PELVICOS
S378;TRAUMATISMO DE OTROS ORGANOS PELVICOS
S379;TRAUMATISMO DE ORGANO PELVICO NO ESPECIFICADO
S38;TRAUMATISMO POR APLASTAMIENTO Y AMPUTACION TRAUMATICA DE PARTE DEL ABDOMEN, DE LA REGION LUMBOSACRA Y DE LA PELVIS
S380;TRAUMATISMO POR APLASTAMIENTO DE ORGANOS GENITALES EXTERNOS
S381;TRAUMATISMO POR APLASTAMIENTO DE OTRAS PARTES Y DE LAS NO ESPECIFICADAS DEL ABDOMEN, DE LA REGION LUMBOSACRA Y DE LA PELVIS
S382;AMPUTACION TRAUMATICA DE ORGANOS GENITALES EXTERNOS
S383;AMPUTACION TRAUMATICA DE OTRAS PARTES Y DE LAS NO ESPECIFICADAS DEL ABDOMEN, REGION LUMBOSACRA Y PELVIS
S39;OTROS TRAUMATISMOS Y LOS NO ESPECIFICADOS DEL ABDOMEN, DE LA REGION LUMBOSACRA Y DE LA PELVIS
S390;TRAUMATISMO DE TENDON Y DE MUSCULOS DEL ABDOMEN, DE LA REGION LUMBOSACRA Y DE LA PELVIS
S396;TRAUMATISMO DE ORGANO(S) INTRAABDOMINAL(ES) CON ORGANO(S) PELVICO(S)
S397;OTROS TRAUMATISMOS MULTIPLES DEL ABDOMEN, DE LA REGION LUMBOSACRA Y DE LA PELVIS
S398;OTROS TRAUMATISMOS ESPECIFICADOS DEL ABDOMEN, DE LA REGION LUMBOSACRA Y DE LA PELVIS
S399;TRAUMATISMO NO ESPECIFICADO DEL ABDOMEN, DE LA REGION LUMBOSACRA Y DE LA PELVIS
S40;TRAUMATISMO SUPERIFICIAL DEL HOMBRO Y DEL BRAZO
S400;CONTUSION DEL HOMBRO Y DEL BRAZO
S407;TRAUMATISMOS SUPERFICIALES MULTIPLES DEL HOMBRO Y DEL BRAZO
S408;OTROS TRAUMATISMOS SUPERFICIALES DEL HOMBRO Y DEL BRAZO
S409;TRAUMATISMO SUPERFICIAL NO ESPECIFICADO DEL HOMBRO Y DEL BRAZO
S41;HERIDA DEL HOMBRO Y DEL BRAZO
S410;HERIDA DEL HOMBRO
S411;HERIDA DEL BRAZO
S417;HERIDAS MULTIPLES DEL HOMBRO Y DEL BRAZO
S418;HERIDA DE OTRAS PARTES Y DE LAS NO ESPECIFICADAS DEL HOMBRO Y DEL BRAZO
S42;FRACTURA DEL HOMBRO Y DEL BRAZO
S420;FRACTURA DE LA CLAVICULA
S421;FRACTURA DEL OMOPLATO
S422;FRACTURA DE LA EPIFISIS SUPERIOR DEL HUMERO
S423;FRACTURA DE LA DIAFISIS DEL HUMERO
S424;FRACTURA DE LA EPIFISIS INFERIOR DEL HUMERO
S427;FRACTURAS MULTIPLES DE LA CLAVICULA, DEL OMOPLATO Y DEL HUMERO
S428;FRACTURA DE OTRAS PARTES DEL HOMBRO Y DEL BRAZO
S429;FRACTURA DEL HOMBRO Y DEL BRAZO, PARTE NO ESPECIFICADA
S43;LUXACION, ESGUINCE Y TORCEDURA DE ARTICULACIONES Y LIGAMENTOS DE LA CINTURA ESCAPULAR
S430;LUXACION DE LA ARTICULACION DEL HOMBRO
S431;LUXACION DE LA ARTICULACION ACROMIOCLAVICULAR
S432;LUXACION DE LA ARTICULACION ESTERNOCLAVICULAR
S433;LUXACION DE OTRAS PARTES DE LA CINTURA ESCAPULAR Y DE LAS NO ESPECIFICADAS
S434;ESGUINCES Y TORCEDURAS DE LA ARTICULACION DEL HOMBRO
S435;ESGUINCES Y TORCEDURAS DE LA ARTICULACION ACROMIOCLAVICULAR
S436;ESGUINCES Y TORCEDURAS DE LA ARTICULACION ESTERNOCLAVICULAR
S437;ESGUINCES Y TORCEDURAS DE OTRAS PARTES Y DE LAS NO ESPECIFICADAS DE LA CINTURA ESCAPULAR
S44;TRAUMATISMO DE NERVIOS A NIVEL DEL HOMBRO Y DEL BRAZO
S440;TRAUMATISMO DEL NERVIO CUBITAL A NIVEL DEL BRAZO
S441;TRAUMATISMO DEL NERVIO MEDIANO A NIVEL DEL BRAZO
S442;TRAUMATISMO DEL NERVIO RADIAL A NIVEL DEL BRAZO
S443;TRAUMATISMO DEL NERVIO AXILAR
S444;TRAUMATISMO DEL NERVIO MUSCULOCUTANEO
S445;TRAUMATISMO DEL NERVIO SENSITIVO CUTANEO A NIVEL DEL HOMBRO Y DEL BRAZO
S447;TRAUMATISMO DE MULTIPLES NERVIOS A NIVEL DEL HOMBRO Y DEL BRAZO
S448;TRAUMATISMO DE OTROS NERVIOS A NIVEL DEL HOMBRO Y DEL BRAZO
S449;TRAUMATISMO DE NERVIO NO ESPECIFICADO A NIVEL DEL HOMBRO Y DEL BRAZO
S45;TRAUMATISMO DE VASOS SANGUINEOS A NIVEL DEL HOMBRO Y DEL BRAZO
S450;TRAUMATISMO DE LA ARTERIA AXILAR
S451;TRAUMATISMO DE LA ARTERIA BRAQUIAL
S452;TRAUMATISMO DE LA VENA AXILAR O BRAQUIAL
S453;TRAUMATISMO DE VENA SUPERFICIAL A NIVEL DEL HOMBRO Y DEL BRAZO
S457;TRAUMATISMO DE MULTIPLES VASOS SANGUINEOS A NIVEL DEL HOMBRO Y DEL BRAZO
S458;TRAUMATISMO DE OTROS VASOS SANGUINEOS A NIVEL DEL HOMBRO Y DEL BRAZO
S459;TRAUMATISMO DE VASO SANGUINEO NO ESPECIFICADO A NIVEL DEL HOMBRO Y DEL BRAZO
S46;TRAUMATISMO DE TENDON Y MUSCULO A NIVEL DEL HOMBRO Y DEL BRAZO
S460;TRAUMATISMO DEL MUSCULO(S) Y TENDON(ES) DEL MANGUITO ROTATORIO DEL HOMBRO
S461;TRAUMATISMO DEL TENDON Y MUSCULO DE LA CABEZA LARGA DEL BICEPS
S462;TRAUMATISMO DEL TENDON Y MUSCULO DE OTRAS PARTES DEL BICEPS
S463;TRAUMATISMO DEL TENDON Y MUSCULO DEL TRICEPS
S467;TRAUMATISMO DE MULTIPLES TENDONES Y MUSCULOS A NIVEL DEL HOMBRO Y DEL BRAZO
S468;TRAUMATISMO DE OTROS TENDONES Y MUSCULOS A NIVEL DEL HOMBRO Y DEL BRAZO
S469;TRAUMATISMO DE TENDON Y MUSCULO NO ESPECIFICADO, A NIVEL DEL HOMBRO Y DEL BRAZO
S47X;TRAUMATISMO POR APLASTAMIENTO DEL HOMBRO Y DEL BRAZO
S48;AMPUTACION TRAUMATICA DEL HOMBRO Y DEL BRAZO
S480;AMPUTACION TRAUMATICA EN LA ARTICULACION DEL HOMBRO
S481;AMPUTACION TRAUMATICA A NIVEL ENTRE EL HOMBRO Y EL CODO
S489;AMPUTACION TRAUMATICA DEL HOMBRO Y DEL BRAZO, NIVEL NO ESPECIFICADO
S49;OTROS TRAUMATISMOS Y LOS NO ESPECIFICADOS DEL HOMBRO Y DEL BRAZO
S497;TRAUMATISMOS MULTIPLES DEL HOMBRO Y DEL BRAZO
S498;OTROS TRAUMATISMOS ESPECIFICADOS DEL HOMBRO Y DEL BRAZO
S499;TRAUMATISMOS NO ESPECIFICADOS DEL HOMBRO Y DEL BRAZO
S50;TRAUMATISMO SUPERFICIAL DEL ANTEBRAZO Y DEL CODO
S500;CONTUSION DEL CODO
S501;CONTUSION DE OTRAS PARTES DEL ANTEBRAZO Y DE LAS NO ESPECIFICADAS
S507;TRAUMATISMOS SUPERFICIALES MULTIPLES DEL ANTEBRAZO
S508;OTROS TRAUMATISMOS SUPERFICIALES DEL ANTEBRAZO
S509;TRAUMATISMO SUPERFICIAL DEL ANTEBRAZO, NO ESPECIFICADO
S51;HERIDA DEL ANTEBRAZO Y DEL CODO
S510;HERIDA DEL CODO
S517;HERIDAS MULTIPLES DEL ANTEBRAZO
S518;HERIDA DE OTRAS PARTES DEL ANTEBRAZO
S519;HERIDA DEL ANTEBRAZO, PARTE NO ESPECIFICADA
S52;FRACTURA DEL ANTEBRAZO
S520;FRACTURA DE LA EPIFISIS SUPERIOR DEL CUBITO
S521;FRACTURA DE LA EPIFISIS SUPERIOR DEL RADIO
S522;FRACTURA DE LA DIAFISIS DEL CUBITO
S523;FRACTURA DE LA DIAFISIS DEL RADIO
S524;FRACTURA DE LA DIAFISIS DEL CUBITO Y DEL RADIO
S525;FRACTURA DE LA EPIFISIS INFERIOR DEL RADIO
S526;FRACTURA DE LA EPIFISIS INFERIOR DEL CUBITO Y DEL RADIO
S527;FRACTURAS MULTIPLES DEL ANTEBRAZO
S528;FRACTURA DE OTRAS PARTES DEL ANTEBRAZO
S529;FRACTURA DEL ANTEBRAZO, PARTE NO ESPECIFICADA
S53;LUXACION, ESGUINCE Y TORCEDURA DE ARTICULACIONES Y LIGAMENTOS DEL CODO
S530;LUXACION DE LA CABEZA DEL RADIO
S531;LUXACION DEL CODO, NO ESPECIFICADA
S532;RUPTURA TRAUMATICA DEL LIGAMENTO LATERAL DEL RADIO
S533;RUPTURA TRAUMATICA DEL LIGAMENTO LATERAL DEL CUBITO
S534;ESGUINCES Y TORCEDURAS DEL CODO
S54;TRAUMATISMO DE NERVIOS A NIVEL DEL ANTEBRAZO
S540;TRAUMATISMO DEL NERVIO CUBITAL A NIVEL DEL ANTEBRAZO
S541;TRAUMATISMO DEL NERVIO MEDIANO A NIVEL DEL ANTEBRAZO
S542;TRAUMATISMO DEL NERVIO RADIAL A NIVEL DEL ANTEBRAZO
S543;TRAUMATISMO DEL NERVIO SENSORIAL CUTANEO A NIVEL DEL ANTEBRAZO
S547;TRAUMATISMO DE MULTIPLES NERVIOS A NIVEL DEL ANTEBRAZO
S548;TRAUMATISMO DE OTROS NERVIOS A NIVEL DEL ANTEBRAZO
S549;TRAUMATISMO DE NERVIO NO ESPECIFICADO A NIVEL DEL ANTEBRAZO
S55;TRAUMATISMO DE LOS VASOS SANGUINEOS A NIVEL DEL ANTEBRAZO
S550;TRAUMATISMO DE LA ARTERIA CUBITAL A NIVEL DEL ANTEBRAZO
S551;TRAUMATISMO DE LA ARTERIA RADIAL A NIVEL DEL ANTEBRAZO
S552;TRAUMATISMO DE VENA A NIVEL DEL ANTEBRAZO
S557;TRAUMATISMO DE MULTIPLES VASOS SANGUINEOS A NIVEL DEL ANTEBRAZO
S558;TRAUMATISMO DE OTROS VASOS SANGUINEOS A NIVEL DEL ANTEBRAZO
S559;TRAUMATISMO DE VASO SANGUINEO NO ESPECIFICADO A NIVEL DEL ANTEBRAZO
S56;TRAUMATISMO DE TENDON Y MUSCULO A NIVEL DEL ANTEBRAZO
S560;TRAUMATISMO DEL TENDON Y MUSCULO FLEXOR DEL PULGAR A NIVEL DEL ANTEBRAZO
S561;TRAUMATISMO DEL TENDON Y MUSCULO FLEXOR DE OTRO(S) DEDO(S) A NIVEL DEL ANTEBRAZO
S562;TRAUMATISMO DE OTRO TENDON Y MUSCULO FLEXOR A NIVEL DEL ANTEBRAZO
S563;TRAUMATISMO DE TENDONES Y MUSCULOS ABDUCTORES Y EXTENSORES DEL PULGAR A NIVEL DEL ANTEBRAZO
S564;TRAUMATISMO DEL TENDON Y MUSCULO EXTENSOR DE OTRO(S) DEDO(S) A NIVEL DEL ANTEBRAZO
S565;TRAUMATISMO DE OTRO TENDON Y MUSCULO EXTENSOR A NIVEL DEL ANTEBRAZO
S567;TRAUMATISMO DE MULTIPLES TENDONES Y MUSCULOS A NIVEL DEL ANTEBRAZO
S568;TRAUMATISMO DE OTROS TENDONES Y MUSCULOS Y DE LOS NO ESPECIFICADOS, A NIVEL DEL ANTEBRAZO
S57;TRAUMATISMO POR APLASTAMIENTO DEL ANTEBRAZO
S570;TRAUMATISMO POR APLASTAMIENTO DEL CODO
S578;TRAUMATISMO POR APLASTAMIENTO DE OTRAS PARTES DEL ANTEBRAZO
S579;TRAUMATISMO POR APLASTAMIENTO DEL ANTEBRAZO, PARTE NO ESPECIFICADA
S58;AMPUTACION TRAUMATICA DEL ANTEBRAZO
S580;AMPUTACION TRAUMATICA A NIVEL DEL CODO
S581;AMPUTACION TRAUMATICA NIVEL ENTRE EL CODO Y LA MUÑECA
S589;AMPUTACION TRAUMATICA DEL ANTEBRAZO, NIVEL NO ESPECIFICADO
S59;OTROS TRAUMATISMOS Y LOS NO ESPECIFICADOS DEL ANTEBRAZO
S597;OTROS TRAUMATISMOS MULTIPLES DEL ANTEBRAZO
S598;OTROS TRAUMATISMOS ESPECIFICADOS DEL ANTEBRAZO
S599;TRAUMATISMO NO ESPECIFICADO DEL ANTEBRAZO
S60;TRAUMATISMO SUPERFICIAL DE LA MUÑECA Y DE LA MANO
S600;CONTUSION DE DEDO(S) DE LA MANO, SIN DAÑO DE LA(S) UÑA(S)
S601;CONTUSION DE DEDO(S) DE LA MANO CON DAÑO DE LA(S) UÑA(S)
S602;CONTUSION DE OTRAS PARTES DE LA MUÑECA Y DE LA MANO
S607;TRAUMATISMOS SUPERFICIALES MULTIPLES DE LA MUÑECA Y DE LA MANO
S608;OTROS TRAUMATISMOS SUPERFICIALES DE LA MUÑECA Y DE LA MANO
S609;TRAUMATISMO SUPERFICIAL DE LA MUÑECA Y DE LA MANO, NO ESPECIFICADO
S61;HERIDA DE LA MUÑECA Y DE LA MANO
S610;HERIDA DE DEDO(S) DE LA MANO, SIN DAÑO DE LA(S) UÑA(S)
S611;HERIDA DE DEDO(S) DE LA MANO, CON DAÑO DE LA(S) UÑA(S)
S617;HERIDAS MULTIPLES DE LA MUÑECA Y DE LA MANO
S618;HERIDA DE OTRAS PARTES DE LA MUÑECA Y DE LA MANO
S619;HERIDA DE LA MUÑECA Y DE LA MANO, PARTE NO ESPECIFICADA
S62;FRACTURA A NIVEL DE LA MUÑECA Y DE LA MANO
S620;FRACTURA DEL HUESO ESCAFOIDES [NAVICULAR] DE LA MANO
S621;FRACTURA DE OTRO(S) HUESO(S) DEL CARPO
S622;FRACTURA DEL PRIMER METACARPIANO
S623;FRACTURA DE OTROS HUESOS METACARPIANOS
S624;FRACTURAS MULTIPLES DE HUESOS METACARPIANOS
S625;FRACTURA DEL PULGAR
S626;FRACTURA DE OTRO DEDO DE LA MANO
S627;FRACTURAS MULTIPLES DE LOS DEDOS DE LA MANO
S628;FRACTURA DE OTRAS PARTES Y DE LAS NO ESPECIFICADAS DE LA MUÑECA Y DE LA MANO
S63;LUXACION, ESGUINCE Y TORCEDURA DE ARTICULACIONES Y LIGAMENTOS A NIVEL DE LA MUÑECA Y DE LA MANO
S630;LUXACION DE LA MUÑECA
S631;LUXACION DE DEDOS DE LA MANO
S632;LUXACIONES MULTIPLES DE DEDOS DE LA MANO
S633;RUPTURA TRAUMATICA DE LIGAMENTOS DE LA MUÑECA Y DEL CARPO
S634;RUPTURA TRAUMATICA DE LIGAMENTOS DEL DEDO DE LA MANO EN LA(S) ARTICULACION(ES) METACARPOFALANGICA E INTERFALANGICA
S635;ESGUINCE Y TORCEDURA DE LA MUÑECA
S636;ESGUINCES Y TORCEDURAS DE DEDO(S) DE LA MANO
S637;ESGUINCES Y TORCEDURAS DE OTRAS PARTES Y DE LAS NO ESPECIFICADAS DE LA MUÑECA Y DE LA MANO
S64;TRAUMATISMO DE NERVIOS A NIVEL DE LA MUÑECA Y DE LA MANO
S640;TRAUMATISMO DEL NERVIO CUBITAL A NIVEL DE LA MUÑECA Y DE LA MANO
S641;TRAUMATISMO DEL NERVIO MEDIANO A NIVEL DE LA MUÑECA Y DE LA MANO
S642;TRAUMATISMO DEL NERVIO RADIAL A NIVEL DE LA MUÑECA Y DE LA MANO
S643;TRAUMATISMO DEL NERVIO DIGITAL DEL PULGAR
S644;TRAUMATISMO DEL NERVIO DIGITAL DE OTRO DEDO
S647;TRAUMATISMO DE MULTIPLES NERVIOS A NIVEL DE LA MUÑECA Y DE LA MANO
S648;TRAUMATISMO DE OTROS NERVIOS A NIVEL DE LA MUÑECA Y DE LA MANO
S649;TRAUMATISMO DE NERVIO NO ESPECIFICADO A NIVEL DE LA MUÑECA Y DE LA MANO
S65;TRAUMATISMO DE VASOS SANGUINEOS A NIVEL DE LA MUÑECA Y DE LA MANO
S650;TRAUMATISMO DE LA ARTERIA CUBITAL A NIVEL DE LA MUÑECA Y DE LA MANO
S651;TRAUMATISMO DE LA ARTERIA RADIAL A NIVEL DE LA MUÑECA Y DE LA MANO
S652;TRAUMATISMO DEL ARCO PALMAR SUPERFICIAL
S653;TRAUMATISMO DEL ARCO PALMAR PROFUNDO
S654;TRAUMATISMO DE VASO(S) SANGUINEO(S) DEL PULGAR
S655;TRAUMATISMO DE VASO(S) SANGUINEO(S) DE OTRO DEDO
S657;TRAUMATISMO DE MULTIPLES VASOS SANGUINEOS A NIVEL DE LA MUÑECA Y DE LA MANO
S658;TRAUMATISMO DE OTROS VASOS SANGUINEOS A NIVEL DE LA MUÑECA Y DE LA MANO
S659;TRAUMATISMO DE VASO SANGUINEO NO ESPECIFICADO, A NIVEL DE LA MUÑECA Y DE LA MANO
S66;TRAUMATISMO DE TENDON Y MUSCULO A NIVEL DE LA MUÑECA Y DE LA MANO
S660;TRAUMATISMO DEL TENDON Y MUSCULO FLEXOR LARGO DEL PULGAR A NIVEL DE LA MUÑECA Y DE LA MANO
S661;TRAUMATISMO DEL TENDON Y MUSCULO FLEXOR DE OTRO DEDO A NIVEL DE LA MUÑECA Y DE LA MANO
S662;TRAUMATISMO DEL TENDON Y MUSCULO EXTENSOR DEL PULGAR A NIVEL DE LA MUÑECA Y DE LA MANO
S663;TRAUMATISMO DEL TENDON Y MUSCULO EXTENSOR DE OTRO(S) DEDO(S) A NIVEL DE LA MUÑECA Y DE LA MANO
S664;TRAUMATISMO DEL MUSCULO Y TENDON INTRINSECO DEL PULGAR A NIVEL DE LA MUÑECA Y DE LA MANO
S665;TRAUMATISMO DEL MUSCULO Y TENDON INTRINSECO DE OTRO(S) DEDO(S) A NIVEL DE LA MUÑECA Y DE LA MANO
S666;TRAUMATISMO DE MULTIPLES TENDONES Y MUSCULOS FLEXORES A NIVEL DE LA MUÑECA Y DE LA MANO
S667;TRAUMATISMO DE MULTIPLES TENDONES Y MUSCULOS EXTENSORES A NIVEL DE LA MUÑECA Y DE LA MANO
S668;TRAUMATISMO DE OTROS TENDONES Y MUSCULOS A NIVEL DE LA MUÑECA Y DE LA MANO
S669;TRAUMATISMO DE TENDON Y MUSCULO NO ESPECIFICADO, A NIVEL DE LA MUÑECA Y DE LA MANO
S67;TRAUMATISMO POR APLASTAMIENTO DE LA MUÑECA Y DE LA MANO
S670;TRAUMATISMO POR APLASTAMIENTO DEL PULGAR Y OTRO(S) DEDO(S)
S678;TRAUMATISMO POR APLASTAMIENTO DE OTRAS PARTES Y DE LAS NO ESPECIFICADAS DE LA MUÑECA Y DE LA MANO
S68;AMPUTACION TRAUMATICA DE LA MUÑECA Y DE LA MANO
S680;AMPUTACION TRAUMATICA DEL PULGAR (COMPLETA) (PARCIAL)
S681;AMPUTACION TRAUMATICA DE OTRO DEDO UNICO (COMPLETA) (PARCIAL)
S682;AMPUTACION TRAUMATICA DE DOS O MAS DEDOS SOLAMENTE (COMPLETA) (PARCIAL)
S683;AMPUTACION TRAUMATICA COMBINADA (DE PARTE) DE DEDO(S) CON OTRAS PARTES DE LA MUÑECA Y DE LA MANO
S684;AMPUTACION TRAUMATICA DE LA MANO A NIVEL DE LA MUÑECA
S688;AMPUTACION TRAUMATICA DE OTRAS PARTES DE LA MUÑECA Y DE LA MANO
S689;AMPUTACION TRAUMATICA DE LA MUÑECA Y DE LA MANO, NIVEL NO ESPECIFICADO
S69;OTROS TRAUMATISMOS Y LOS NO ESPECIFICADOS DE LA MUÑECA Y DE LA MANO
S697;OTROS TRAUMATISMOS MULTIPLES DE LA MUÑECA Y DE LA MANO
S698;OTROS TRAUMATISMOS ESPECIFICADOS DE LA MUÑECA Y DE LA MANO
S699;TRAUMATISMO NO ESPECIFICADO DE LA MUÑECA Y DE LA MANO
S70;TRAUMATISMO SUPERFICIAL DE LA CADERA Y DEL MUSLO
S700;CONTUSION DE LA CADERA
S701;CONTUSION DEL MUSLO
S707;TRAUMATISMOS SUPERFICIALES MULTIPLES DE LA CADERA Y DEL MUSLO
S708;OTROS TRAUMATISMOS SUPERFICIALES DE LA CADERA Y DEL MUSLO
S709;TRAUMATISMO SUPERFICIAL DE LA CADERA Y DEL MUSLO, NO ESPECIFICADO
S71;HERIDA DE LA CADERA Y DEL MUSLO
S710;HERIDA DE LA CADERA
S711;HERIDA DEL MUSLO
S717;HERIDAS MULTIPLES DE LA CADERA Y DEL MUSLO
S718;HERIDA DE OTRAS PARTES Y DE LAS NO ESPECIFICADAS DE LA CINTURA PELVICA
S72;FRACTURA DEL FEMUR
S720;FRACTURA DEL CUELLO DE FEMUR
S721;FRACTURA PERTROCANTERIANA
S722;FRACTURA SUBTROCANTERIANA
S723;FRACTURA DE LA DIAFISIS DEL FEMUR
S724;FRACTURA DE LA EPIFISIS INFERIOR DEL FEMUR
S727;FRACTURAS MULTIPLES DEL FEMUR
S728;FRACTURAS DE OTRAS PARTES DEL FEMUR
S729;FRACTURA DEL FEMUR, PARTE NO ESPECIFICADA
S73;LUXACION, ESGUINCE Y TORCEDURA DE LA ARTICULACION Y DE LOS LIGAMENTOS DE LA CADERA
S730;LUXACION DE LA CADERA
S731;ESGUINCES Y TORCEDURAS DE LA CADERA
S74;TRAUMATISMO DE NERVIOS A NIVEL DE LA CADERA Y DEL MUSLO
S740;TRAUMATISMO DEL NERVIO CIATICO A NIVEL DE LA CADERA Y DEL MUSLO
S741;TRAUMATISMO DEL NERVIO FEMOROCUTANEO A NIVEL DE LA CADERA Y DEL MUSLO
S742;TRAUMATISMO DEL NERVIO SENSORIAL CUTANEO A NIVEL DE LA CADERA Y DEL MUSLO
S747;TRAUMATISMO DE NERVIOS MULTIPLES A NIVEL DE LA CADERA Y DEL MUSLO
S748;TRAUMATISMO DE OTROS NERVIOS A NIVEL DE LA CADERA Y DEL MUSLO
S749;TRAUMATISMO DE NERVIO NO ESPECIFICADO A NIVEL DE LA CADERA Y DEL MUSLO
S75;TRAUMATISMO DE VASOS SANGUINEOS A NIVEL DE LA CADERA Y DEL MUSLO
S750;TRAUMATISMO DE LA ARTERIA FEMORAL
S751;TRAUMATISMO DE LA VENA FEMORAL A NIVEL DE LA CADERA Y DEL MUSLO
S752;TRAUMATISMO DE LA GRAN VENA SAFENA A NIVEL DE LA CADERA Y DEL MUSLO
S757;TRAUMATISMO DE MULTIPLES VASOS SANGUINEOS A NIVEL DE LA CADERA Y DEL MUSLO
S758;TRAUMATISMO DE OTROS VASOS SANGUINEOS A NIVEL DE LA CADERA Y DEL MUSLO
S759;TRAUMATISMO DE VASO SANGUINEO NO ESPECIFICADO A NIVEL DE LA CADERA Y DEL MUSLO
S76;TRAUMATISMO DE TENDON Y MUSCULO A NIVEL DE LA CADERA Y DEL MUSLO
S760;TRAUMATISMO DEL TENDON Y MUSCULO DE LA CADERA
S761;TRAUMATISMO DEL TENDON Y MUSCULO CUADRICEPS
S762;TRAUMATISMO DEL TENDON Y MUSCULO ADUCTOR MAYOR DEL MUSLO
S763;TRAUMATISMO DE TENDON Y MUSCULO DEL GRUPO MUSCULAR POSTERIOR A NIVEL DEL MUSLO
S764;TRAUMATISMO DE OTROS TENDONES Y MUSCULOS Y LOS NO ESPECIFICADOS A NIVEL DEL MUSLO
S767;TRAUMATISMO DE MULTIPLES TENDONES Y MUSCULOS A NIVEL DE LA CADERA Y DEL MUSLO
S77;TRAUMATISMO POR APLASTAMIENTO DE LA CADERA Y DEL MUSLO
S770;TRAUMATISMO POR APLASTAMIENTO DE LA CADERA
S771;TRAUMATISMO POR APLASTAMIENTO DEL MUSLO
S772;TRAUMATISMO POR APLASTAMIENTO DE LA CADERA CON EL MUSLO
S78;AMPUTACION TRAUMATICA DE LA CADERA Y DEL MUSLO
S780;AMPUTACION TRAUMATICA DE LA ARTICULACION DE LA CADERA
S781;AMPUTACION TRAUMATICA EN ALGUN NIVEL ENTRE LA CADERA Y LA RODILLA
S789;AMPUTACION TRAUMATICA DE CADERA Y MUSLO, NIVEL NO ESPECIFICADO
S79;OTROS TRAUMATISMOS Y LOS NO ESPECIFICADOS DE LA CADERA Y DEL MUSLO
S797;TRAUMATISMOS MULTIPLES DE LA CADERA Y DEL MUSLO
S798;OTROS TRAUMATISMOS ESPECIFICADOS DE LA CADERA Y DEL MUSLO
S799;TRAUMATISMO NO ESPECIFICADO DE LA CADERA Y DEL MUSLO
S80;TRAUMATISMO SUPERFICIAL DE LA PIERNA
S800;CONTUSION DE LA RODILLA
S801;CONTUSION DE OTRAS PARTES Y LAS NO ESPECIFICADAS DE LA PIERNA
S807;TRAUMATISMOS SUPERFICIALES MULTIPLES DE LA PIERNA
S808;OTROS TRAUMATISMOS SUPERFICIALES DE LA PIERNA
S809;TRAUMATISMO SUPERFICIAL DE LA PIERNA, NO ESPECIFICADO
S81;HERIDA DE LA PIERNA
S810;HERIDA DE LA RODILLA
S817;HERIDAS MULTIPLES DE LA PIERNA
S818;HERIDA DE OTRAS PARTES DE LA PIERNA
S819;HERIDA DE LA PIERNA, PARTE NO ESPECIFICADA
S82;FRACTURA DE LA PIERNA, INCLUSIVE DEL TOBILLO
S820;FRACTURA DE LA ROTULA
S821;FRACTURA DE LA EPIFISIS SUPERIOR DE LA TIBIA
S822;FRACTURA DE LA DIAFISIS DE LA TIBIA
S823;FRACTURA DE LA EPIFISIS INFERIOR DE LA TIBIA
S824;FRACTURA DEL PERONE SOLAMENTE
S825;FRACTURA DEL MALEOLO INTERNO
S826;FRACTURA DEL MALEOLO EXTERNO
S827;FRACTURAS MULTIPLES DE LA PIERNA
S828;FRACTURA DE OTRAS PARTES DE LA PIERNA
S829;FRACTURA DE LA PIERNA, PARTE NO ESPECIFICADA
S83;LUXACION, ESGUINCE Y TORCEDURA DE ARTICULACIONES Y LIGAMENTOS DE LA RODILLA
S830;LUXACION DE LA ROTULA
S831;LUXACION DE LA RODILLA
S832;DESGARRO DE MENISCOS, PRESENTE
S833;DESGARRO DEL CARTILAGO ARTICULAR DE LA RODILLA, PRESENTE
S834;ESGUINCES Y TORCEDURAS QUE COMPROMETEN LOS LIGAMENTOS LATERALES (EXTERNO) (INTERNO) DE LA RODILLA
S835;ESGUINCES Y TORCEDURAS QUE COMPROMETEN EL LIGAMENTO CRUZADO (ANTERIOR) (POSTERIOR) DE LA RODILLA
S836;ESGUINCES Y TORCEDURAS DE OTRAS PARTES Y LAS NO ESPECIFICADAS DE LA RODILLA
S837;TRAUMATISMO DE ESTRUCTURAS MULTIPLES DE LA RODILLA
S84;TRAUMATISMO DE NERVIOS A NIVEL DE LA PIERNA
S840;TRAUMATISMO DEL NERVIO TIBIAL A NIVEL DE LA PIERNA
S841;TRAUMATISMO DEL NERVIO PERONEO A NIVEL DE LA PIERNA
S842;TRAUMATISMO DEL NERVIO SENSORIAL CUTANEO A NIVEL DE LA PIERNA
S847;TRAUMATISMO DE NERVIOS MULTIPLES A NIVEL DE LA PIERNA
S848;TRAUMATISMO DE OTROS NERVIOS A NIVEL DE LA PIERNA
S849;TRAUMATISMO DE NERVIO NO ESPECIFICADO A NIVEL DE LA PIERNA
S85;TRAUMATISMO DE VASOS SANGUINEOS A NIVEL DE LA PIERNA
S850;TRAUMATISMO DE LA ARTERIA POPLITEA
S851;TRAUMATISMO DE LA ARTERIA TIBIAL (ANTERIOR) (POSTERIOR)
S852;TRAUMATISMO DE LA ARTERIA PERONEA
S853;TRAUMATISMO DE LA GRAN VENA SAFENA A NIVEL DE LA PIERNA
S854;TRAUMATISMO DE LA VENA SAFENA EXTERNA A NIVEL DE LA PIERNA
S855;TRAUMATISMO DE LA VENA POPLITEA
S857;TRAUMATISMO DE VASOS SANGUINEOS MULTIPLES A NIVEL DE LA PIERNA
S858;TRAUMATISMO DE OTROS VASOS SANGUINEOS A NIVEL DE LA PIERNA
S859;TRAUMATISMO DE VASO SANGUINEO NO ESPECIFICADO A NIVEL DE LA PIERNA
S86;TRAUMATISMO DE TENDON Y MUSCULO A NIVEL DE LA PIERNA
S860;TRAUMATISMO DEL TENDON DE AQUILES
S861;TRAUMATISMO DE OTRO(S) TENDON(ES) Y MUSCULO(S) DEL GRUPO MUSCULAR POSTERIOR A NIVEL DE LA PIERNA
S862;TRAUMATISMO DE TENDON(ES) Y MUSCULO(S) DEL GRUPO MUSCULAR ANTERIOR A NIVEL DE LA PIERNA
S863;TRAUMATISMO DE TENDON(ES) Y MUSCULO(S) DEL GRUPO MUSCULAR PERONEO A NIVEL DE LA PIERNA
S867;TRAUMATISMO DE MULTIPLES TENDONES Y MUSCULOS A NIVEL DE LA PIERNA
S868;TRAUMATISMO DE OTROS TENDONES Y MUSCULOS A NIVEL DE LA PIERNA
S869;TRAUMATISMO DE TENDON Y MUSCULO NO ESPECIFICADO A NIVEL DE LA PIERNA
S87;TRAUMATISMO POR APLASTAMIENTO DE LA PIERNA
S870;TRAUMATISMO POR APLASTAMIENTO DE LA RODILLA
S878;TRAUMATISMO POR APLASTAMIENTO DE OTRAS PARTES Y DE LAS NO ESPECIFICADAS DE LA PIERNA
S88;AMPUTACION TRAUMATICA DE LA PIERNA
S880;AMPUTACION TRAUMATICA A NIVEL DE LA RODILLA
S881;AMPUTACION TRAUMATICA EN ALGUN NIVEL ENTRE LA RODILLA Y EL TOBILLO
S889;AMPUTACION TRAUMATICA DE LA PIERNA, NIVEL NO ESPECIFICADO
S89;OTROS TRAUMATISMOS Y LOS NO ESPECIFICADOS DE LA PIERNA
S897;TRAUMATISMOS MULTIPLES DE LA PIERNA
S898;OTROS TRAUMATISMOS DE LA PIERNA, ESPECIFICADOS
S899;TRAUMATISMO DE LA PIERNA, NO ESPECIFICADO
S90;TRAUMATISMO SUPERFICIAL DEL TOBILLO Y DEL PIE
S900;CONTUSION DEL TOBILLO
S901;CONTUSION DE DEDO(S) DEL PIE SIN DAÑO DE LA(S) UÑA(S)
S902;CONTUSION DE DEDO(S) DEL PIE CON DAÑO DE LA(S) UÑA(S)
S903;CONTUSION DE OTRAS PARTES Y DE LAS NO ESPECIFICADAS DEL PIE
S907;TRAUMATISMOS SUPERFICIALES MULTIPLES DEL PIE Y DEL TOBILLO
S908;OTROS TRAUMATISMOS SUPERFICIALES DEL PIE Y DEL TOBILLO
S909;TRAUMATISMO SUPERFICIAL DEL PIE Y DEL TOBILLO, NO ESPECIFICADO
S91;HERIDA DEL TOBILLO Y DEL PIE
S910;HERIDA DEL TOBILLO
S911;HERIDA DE DEDO(S) DEL PIE SIN DAÑO(S) DE LA(S) UÑA(S)
S912;HERIDA DE DEDO(S) DEL PIE CON DAÑO(S) DE LA(S) UÑA(S)
S913;HERIDA DE OTRAS PARTES DEL PIE
S917;HERIDAS MULTIPLES DEL TOBILLO Y DEL PIE
S92;FRACTURA DEL PIE, EXCEPTO DEL TOBILLO
S920;FRACTURA DEL CALCANEO
S921;FRACTURA DEL ASTRAGALO
S922;FRACTURA DE OTRO(S) HUESO(S) DEL TARSO
S923;FRACTURA DE HUESO DEL METATARSO
S924;FRACTURA DE LOS HUESOS DEL DEDO GORDO DEL PIE
S925;FRACTURA DE LOS HUESOS DE OTRO(S) DEDO(S) DEL PIE
S927;FRACTURAS MULTIPLES DEL PIE
S929;FRACTURA DEL PIE, NO ESPECIFICADA
S93;LUXACION, ESGUINCE Y TORCEDURA DE ARTICULACIONES Y LIGAMENTOS DEL TOBILLO Y DEL PIE
S930;LUXACION DE LA ARTICULACION DEL TOBILLO
S931;LUXACION DE DEDO(S) DEL PIE
S932;RUPTURA DE LIGAMENTOS A NIVEL DEL TOBILLO Y DEL PIE
S933;LUXACION DE OTROS SITIOS Y LOS NO ESPECIFICADOS DEL PIE
S934;ESGUINCES Y TORCEDURAS DEL TOBILLO
S935;ESGUINCES Y TORCEDURAS DE DEDO(S) DEL PIE
S936;ESGUINCES Y TORCEDURAS DE OTROS SITIOS Y LOS NO ESPECIFICADOS DEL PIE
S94;TRAUMATISMO DE NERVIOS A NIVEL DEL PIE Y DEL TOBILLO
S940;TRAUMATISMO DEL NERVIO PLANTAR EXTERNO
S941;TRAUMATISMO DEL NERVIO PLANTAR INTERNO
S942;TRAUMATISMO DEL NERVIO PERONEAL PROFUNDO A NIVEL DEL PIE Y DEL TOBILLO
S943;TRAUMATISMO DE NERVIO SENSORIAL CUTANEO A NIVEL DEL PIE Y DEL TOBILLO
S947;TRAUMATISMO DE MULTIPLES NERVIOS A NIVEL DEL PIE Y DEL TOBILLO
S948;TRAUMATISMO DE OTROS NERVIOS A NIVEL DEL PIE Y DEL TOBILLO
S949;TRAUMATISMO DE NERVIO NO ESPECIFICADO A NIVEL DEL PIE Y DEL TOBILLO
S95;TRAUMATISMO DE VASOS SANGUINEOS A NIVEL DEL PIE Y DEL TOBILLO
S950;TRAUMATISMO DE LA ARTERIA DORSAL DEL PIE
S951;TRAUMATISMO DE LA ARTERIA PLANTAR DEL PIE
S952;TRAUMATISMO DE LA VENA DORSAL DEL PIE
S957;TRAUMATISMO DE MULTIPLES VASOS SANGUINEOS A NIVEL DEL PIE Y DEL TOBILLO
S958;TRAUMATISMO DE OTROS VASOS SANGUINEOS A NIVEL DEL PIE Y DEL TOBILLO
S959;TRAUMATISMO DE VASO SANGUINEO NO ESPECIFICADO A NIVEL DE PIE Y DEL TOBILLO
S96;TRAUMATISMO DE TENDON Y MUSCULO A NIVEL DEL PIE Y DEL TOBILLO
S960;TRAUMATISMO DEL TENDON Y MUSCULO DEL FLEXOR LARGO DEL DEDO A NIVEL DEL PIE Y DEL TOBILLO
S961;TRAUMATISMO DEL TENDON Y MUSCULO DEL EXTENSOR LARGO DEL (DE LOS) DEDO(S) A NIVEL DEL PIE Y DEL TOBILLO
S962;TRAUMATISMO DE TENDONES Y MUSCULOS INTRINSECOS A NIVEL DEL PIE Y DEL TOBILLO
S967;TRAUMATISMO DE MULTIPLES TENDONES Y MUSCULOS A NIVEL DEL PIE Y DEL TOBILLO
S968;TRAUMATISMO DE OTROS TENDONES Y MUSCULOS A NIVEL DEL PIE Y DEL TOBILLO
S969;TRAUMATISMO DE TENDONES Y MUSCULOS NO ESPECIFICADOS A NIVEL DEL PIE Y DEL TOBILLO
S97;TRAUMATISMO POR APLASTAMIENTO DEL PIE Y DEL TOBILLO
S970;TRAUMATISMO POR APLASTAMIENTO DEL TOBILLO
S971;TRAUMATISMO POR APLASTAMIENTO DE DEDO(S) DEL PIE
S978;TRAUMATISMO POR APLASTAMIENTO DE OTRAS PARTES DEL PIE Y DEL TOBILLO
S98;AMPUTACION TRAUMATICA DEL PIE Y DEL TOBILLO
S980;AMPUTACION TRAUMATICA DEL PIE A NIVEL DEL TOBILLO
S981;AMPUTACION TRAUMATICA DE UN DEDO DEL PIE
S982;AMPUTACION TRAUMATICA DE DOS A MAS DEDOS DEL PIE
S983;AMPUTACION TRAUMATICA DE OTRAS PARTES DEL PIE
S984;AMPUTACION DEL PIE, NIVEL NO ESPECIFICADO
S99;OTROS TRAUMATISMOS Y LOS NO ESPECIFICADOS DEL PIE Y DEL TOBILLO
S997;OTROS TRAUMATISMOS MULTIPLES DEL PIE Y DEL TOBILLO
S998;OTROS TRAUMATISMOS DEL PIE Y DEL TOBILLO, ESPECIFICADOS
S999;TRAUMATISMO DEL PIE Y DEL TOBILLO, NO ESPECIFICADO
T00;TRAUMATISMOS SUPERFICIALES QUE AFECTAN MULTIPLES REGIONES DEL CUERPO
T000;TRAUMATISMOS SUPERFICIALES QUE AFECTAN LA CABEZA CON EL CUELLO
T001;TRAUMATISMOS SUPERFICIALES QUE AFECTAN EL TORAX CON EL ABDOMEN, LA REGION LUMBOSACRA Y LA PELVIS
T002;TRAUMATISMOS SUPERFICIALES QUE AFECTAN MULTIPLES REGIONES DEL(OS) MIEMBRO(S) SUPERIOR(ES)
T003;TRAUMATISMOS SUPERFICIALES QUE AFECTAN MULTIPLES REGIONES DEL(DE LOS) MIEMBRO(S) INFERIOR(ES)
T006;TRAUMATISMOS SUPERFICIALES QUE AFECTAN MULTIPLES REGIONES DEL (DE LOS) MIEMBRO(S) SUPERIOR(ES) CON MIEMBRO(S) INFERIOR(ES)
T008;TRAUMATISMOS SUPERFICIALES QUE AFECTAN OTRAS COMBINACIONES DE REGIONES DEL CUERPO
T009;TRAUMATISMOS SUPERFICIALES MULTIPLES, NO ESPECIFICADOS
T01;HERIDAS QUE AFECTAN MULTIPLES REGIONES DEL CUERPO
T010;HERIDAS QUE AFECTAN LA CABEZA CON EL CUELLO
T011;HERIDAS QUE AFECTAN EL TORAX CON EL ABDOMEN, LA REGION LUMBOSACRA Y LA PELVIS
T012;HERIDAS QUE AFECTAN MULTIPLES REGIONES DEL (DE LOS) MIEMBRO(S) SUPERIOR(ES)
T013;HERIDAS QUE AFECTAN MULTIPLES REGIONES DEL (DE LOS) MIEMBRO(S) INFERIOR(ES)
T016;HERIDAS QUE AFECTAN MULTIPLES REGIONES DEL (DE LOS) MIEMBRO(S) SUPERIOR(ES) CON MIEMBRO(S) INFERIOR(ES)
T018;HERIDAS QUE AFECTAN OTRAS COMBINACIONES DE LAS REGIONES DEL CUERPO
T019;HERIDAS MULTIPLES, NO ESPECIFICADAS
T02;FRACTURAS QUE AFECTAN MULTIPLES REGIONES DEL CUERPO
T020;FRACTURAS QUE AFECTAN LA CABEZA CON EL CUELLO
T021;FRACTURAS QUE AFECTAN EL TORAX CON LA REGION LUMBOSACRA Y LA PELVIS
T022;FRACTURAS QUE AFECTAN MULTIPLES REGIONES DE UN MIEMBRO SUPERIOR
T023;FRACTURAS QUE AFECTAN MULTIPLES REGIONES DE UN MIEMBRO INFERIOR
T024;FRACTURAS QUE AFECTAN MULTIPLES REGIONES DE AMBOS MIEMBROS SUPERIORES
T025;FRACTURAS QUE AFECTAN MULTIPLES REGIONES DE AMBOS MIEMBROS INFERIORES
T026;FRACTURAS QUE AFECTAN MULTIPLES REGIONES DE MIEMBRO(S) SUPERIOR(ES) CON MIEMBRO(S) INFERIOR(ES)
T027;FRACTURAS QUE AFECTAN EL TORAX CON LA REGION LUMBOSACRA Y LA PELVIS CON MIEMBRO(S)
T028;FRACTURAS QUE AFECTAN OTRAS COMBINACIONES DE LAS REGIONES DEL CUERPO
T029;FRACTURAS MULTIPLES, NO ESPECIFICADAS
T03;LUXACIONES, TORCEDURAS Y ESGUINCES QUE AFECTAN MULTIPLES REGIONES DEL CUERPO
T030;LUXACIONES, TORCEDURAS Y ESGUINCES QUE AFECTAN LA CABEZA CON EL CUELLO
T031;LUXACIONES, TORCEDURAS Y ESGUINCES QUE AFECTAN EL TORAX CON LA REGION LUMBOSACRA Y LA PELVIS
T032;LUXACIONES, TORCEDURAS Y ESGUINCES QUE AFECTAN MULTIPLES REGIONES DEL (DE LOS) MIEMBROS(S) SUPERIOR(ES)
T033;LUXACIONES, TORCEDURAS Y ESGUINCES QUE AFECTAN MULTIPLES REGIONES DEL (DE LOS) MIEMBRO(S) INFERIOR(ES)
T034;LUXACIONES, TORCEDURAS ESGUINCES QUE AFECTAN MULTIPLES REGIONES DEL (DE LOS) MIEMBRO(S) SUPERIOR(ES) CON MIEMBRO(S) INFERIOR(ES)
T038;LUXACIONES, TORCEDURAS Y ESGUINCES QUE AFECTAN OTRAS COMBINACIONES DE REGIONES DEL CUERPO
T039;LUXACIONES, TORCEDURAS Y ESGUINCES MULTIPLES, NO ESPECIFICADOS
T04;TRAUMATISMOS POR APLASTAMIENTO QUE AFECTAN MULTIPLES REGIONES DEL CUERPO
T040;TRAUMATISMOS POR APLASTAMIENTO QUE AFECTAN LA CABEZA CON EL CUELLO
T041;TRAUMATISMOS POR APLASTAMIENTO QUE AFECTAN EL TORAX CON EL ABDOMEN, LA REGION LUMBOSACRA Y LA PELVIS
T042;TRAUMATISMOS POR APLASTAMIENTO QUE AFECTAN MULTIPLES REGIONES DEL (DE LOS) MIEMBRO(S) SUPERIOR(ES)
T043;TRAUMATISMOS POR APLASTAMIENTO QUE AFECTAN MULTIPLES REGIONES DEL (DE LOS) MIEMBRO(S) INFERIOR(ES)
T044;TRAUMATISMOS POR APLASTAMIENTO QUE AFECTA MULTIPLES REGIONES DEL (DE LOS) MIEMBRO(S) SUPERIOR(ES) CON MIEMBRO(S) INFERIOR(ES)
T047;TRAUMATISMOS POR APLASTAMIENTO DEL TORAX, DEL ABDOMEN, DE LA REGION LUMBOSACRA Y DE LA PELVIS CON MIEMBRO(S)
T048;TRAUMATISMOS POR APLASTAMIENTO QUE AFECTAN OTRAS COMBINACIONES DE REGIONES DEL CUERPO
T049;TRAUMATISMOS POR APLASTAMIENTO MULTIPLE, NO ESPECIFICADOS
T05;AMPUTACIONES TRAUMATICAS QUE AFECTAN MULTIPLES REGIONES DEL CUERPO
T050;AMPUTACION TRAUMATICA DE AMBAS MANOS
T051;AMPUTACION TRAUMATICA DE UNA MANO Y EL OTRO BRAZO [CUALQUIER NIVEL, EXCEPTO MANO]
T052;AMPUTACION TRAUMATICA DE AMBOS BRAZOS [CUALQUIER NIVEL]
T053;AMPUTACION TRAUMATICA DE AMBOS PIES
T054;AMPUTACION TRAUMATICA DE UN PIE Y LA OTRA PIERNA [CUALQUIER NIVEL, EXCEPTO PIE]
T055;AMPUTACION TRAUMATICA DE AMBAS PIERNAS [CUALQUIER NIVEL]
T056;AMPUTACION TRAUMATICA DE MIEMBROS SUPERIOR(ES) E INFERIOR(ES), CUALQUIER COMBINACION [CUALQUIER NIVEL]
T058;AMPUTACION TRAUMATICA QUE AFECTA OTRAS COMBINACIONES DE REGIONES DEL CUERPO
T059;AMPUTACIONES TRAUMATICAS MULTIPLES, NO ESPECIFICADAS
T06;OTROS TRAUMATISMOS QUE AFECTAN MULTIPLES REGIONES DEL CUERPO, NO CLASIFICADOS EN OTRA PARTE
T060;TRAUMATISMOS DEL ENCEFALO Y DE NERVIOS CRANEALES CON TRAUMATISMO DE NERVIOS Y MEDULA ESPINAL A NIVEL DEL CUELLO
T061;TRAUMATISMOS DE NERVIOS Y MEDULA ESPINAL QUE AFECTAN OTRAS MULTIPLES REGIONES DEL CUERPO
T062;TRAUMATISMOS DE NERVIOS QUE AFECTAN MULTIPLES REGIONES DEL CUERPO
T063;TRAUMATISMOS DE VASOS SANGUINEOS QUE AFECTAN MULTIPLES REGIONES DEL CUERPO
T064;TRAUMATISMOS DE TENDONES Y MUSCULOS QUE AFECTAN MULTIPLES REGIONES DEL CUERPO
T065;TRAUMATISMOS DE ORGANOS INTRATORACICOS CON ORGANOS INTRAABDOMINALES Y PELVICOS
T068;OTROS TRAUMATISMOS ESPECIFICADOS QUE AFECTAN MULTIPLES REGIONES DEL CUERPO
T07X;TRAUMATISMOS MULTIPLES, NO ESPECIFICADOS
T08X;FRACTURA DE LA COLUMNA VERTEBRAL, NIVEL NO ESPECIFICADO
T09;OTROS TRAUMATISMOS DE LA COLUMNA VERTEBRAL Y DEL TRONCO, NIVEL NO ESPECIFICADO
T090;TRAUMATISMO SUPERFICIAL DEL TRONCO, NIVEL NO ESPECIFICADO
T091;HERIDA DEL TRONCO, NIVEL NO ESPECIFICADO
T092;LUXACION, ESGUINCE O TORCEDURA DE ARTICULACION Y LIGAMENTOS DEL TRONCO, NO ESPECIFICADO
T093;TRAUMATISMO DE LA MEDULA ESPINAL, NIVEL NO ESPECIFICADO
T094;TRAUMATISMO DE NERVIOS, RAIZ DE NERVIO ESPINAL Y PLEXOS DEL TRONCO NO ESPECIFICADOS
T095;TRAUMATISMO DE TENDONES Y MUSCULOS DEL TRONCO NO ESPECIFICADOS
T096;AMPUTACION TRAUMATICA DEL TRONCO, NIVEL NO ESPECIFICADO
T098;OTROS TRAUMATISMOS ESPECIFICADOS DEL TRONCO, NIVEL NO ESPECIFICADO
T099;TRAUMATISMO NO ESPECIFICADO DEL TRONCO, NIVEL NO ESPECIFICADO
T10X;FRACTURA DE MIEMBRO SUPERIOR, NIVEL NO ESPECIFICADO
T11;OTROS TRAUMATISMOS DE MIEMBRO SUPERIOR, NIVEL NO ESPECIFICADO
T110;TRAUMATISMO SUPERFICIAL DE MIEMBRO SUPERIOR, NIVEL NO ESPECIFICADO
T111;HERIDA DE MIEMBRO SUPERIOR, NIVEL NO ESPECIFICADO
T112;LUXACION, ESGUINCE O TORCEDURA DE ARTICULACION O LIGAMENTO NO ESPECIFICADO DE MIEMBRO SUPERIOR, NIVEL NO ESPECIFICADO
T113;TRAUMATISMO DE NERVIO NO ESPECIFICADO DE MIEMBRO SUPERIOR, NIVEL NO ESPECIFICADO
T114;TRAUMATISMO DE VASOS SANGUINEOS NO ESPECIFICADOS DE MIEMBRO SUPERIOR, NIVEL NO ESPECIFICADO
T115;TRAUMATISMO DE TENDON Y MUSCULO NO ESPECIFICADOS DE MIEMBRO SUPERIOR, NIVEL NO ESPECIFICADO
T116;AMPUTACION TRAUMATICA DE MIEMBRO SUPERIOR, NIVEL NO ESPECIFICADO
T118;OTROS TRAUMATISMOS ESPECIFICADOS DE MIEMBRO SUPERIOR, NIVEL NO ESPECIFICADO
T119;TRAUMATISMO NO ESPECIFICADO DE MIEMBRO SUPERIOR, NIVEL NO ESPECIFICADO
T12X;FRACTURA DE MIEMBRO INFERIOR, NIVEL NO ESPECIFICADO
T13;OTROS TRAUMATISMOS DE MIEMBRO INFERIOR, NIVEL NO ESPECIFICADO
T130;TRAUMATISMO SUPERFICIAL DE MIEMBRO INFERIOR, NIVEL NO ESPECIFICADO.
T131;HERIDA DE MIEMBRO INFERIOR, NIVEL NO ESPECIFICADO
T132;LUXACION, ESGUINCE O TORCEDURA DE ARTICULACION Y LIGAMENTOS NO ESPECIFICADOS DE MIEMBRO INFERIOR, NIVEL NO ESPECIFICADO
T133;TRAUMATISMO DE NERVIOS NO ESPECIFICADOS DE MIEMBRO INFERIOR, NIVEL NO ESPECIFICADO
T134;TRAUMATISMO DE VASOS SANGUINEOS NO ESPECIFICADOS DE MIEMBRO INFERIOR, NIVEL NO ESPECIFICADO
T135;TRAUMATISMO DE TENDONES Y MUSCULOS NO ESPECIFICADOS DE MIEMBRO INFERIOR, NIVEL NO ESPECIFICADO
T136;AMPUTACION TRAUMATICA DE MIEMBRO INFERIOR, NIVEL NO ESPECIFICADO
T138;OTROS TRAUMATISMOS ESPECIFICADOS DE MIEMBRO INFERIOR, NIVEL NO ESPECIFICADO
T139;TRAUMATISMO NO ESPECIFICADO DE MIEMBRO INFERIOR, NIVEL NO ESPECIFICADO
T14;TRAUMATISMO DE REGIONES NO ESPECIFICADAS DEL CUERPO
T140;TRAUMATISMO SUPERFICIAL DE REGION NO ESPECIFICADA DEL CUERPO
T141;HERIDA DE REGION NO ESPECIFICADA DEL CUERPO
T142;FRACTURA DE REGION NO ESPECIFICADA DEL CUERPO
T143;LUXACION, ESGUINCE Y TORCEDURA DE REGION NO ESPECIFICADA DEL CUERPO
T144;TRAUMATISMO DE NERVIO(S) DE REGION NO ESPECIFICADA DEL CUERPO
T145;TRAUMATISMO DE VASO(S) SANGUINEO(S) DE REGION NO ESPECIFICADA DEL CUERPO
T146;TRAUMATISMO DE TENDONES Y MUSCULOS DE REGION NO ESPECIFICADA DEL CUERPO
T147;TRAUMATISMO POR APLASTAMIENTO Y AMPUTACION TRAUMATICA DE REGIONES NO ESPECIFICADAS DEL CUERPO
T148;OTROS TRAUMATISMOS DE REGION NO ESPECIFICADA DEL CUERPO
T149;TRAUMATISMO, NO ESPECIFICADO
T15;CUERPO EXTRAÑO EN PARTE EXTERNA DEL OJO
T150;CUERPO EXTRAÑO EN LA CORNEA
T151;CUERPO EXTRAÑO EN EL SACO CONJUNTIVAL
T158;CUERPO EXTRAÑO EN OTRAS Y EN MULTIPLES PARTES DE LA PARTE EXTERNA DEL OJO
T159;CUERPO EXTRAÑO EN PARTE EXTERNA DEL OJO, SITIO NO ESPECIFICADO
T16X;CUERPO EXTRAÑO DEL OIDO
T17;CUERPO EXTRAÑO EN LAS VIAS RESPIRATORIAS
T170;CUERPO EXTRAÑO EN SENO PARANASAL
T171;CUERPO EXTRAÑO EN EL ORIFICIO NASAL
T172;CUERPO EXTRAÑO EN LA FARINGE
T173;CUERPO EXTRAÑO EN LA LARINGE
T174;CUERPO EXTRAÑO EN LA TRAQUEA
T175;CUERPO EXTRAÑO EN BRONQUIOS
T178;CUERPO EXTRAÑO EN OTRAS Y EN MULTIPLES PARTES DE LAS VIAS RESPIRATORIAS
T179;CUERPO EXTRAÑO EN LAS VIAS RESPIRATORIAS, PARTE NO ESPECIFICADA
T18;CUERPO EXTRAÑO EN EL TUBO DIGESTIVO
T180;CUERPO EXTRAÑO EN LA BOCA
T181;CUERPO EXTRAÑO EN EL ESOFAGO
T182;CUERPO EXTRAÑO EN EL ESTOMAGO
T183;CUERPO EXTRAÑO EN EL INTESTINO DELGADO
T184;CUERPO EXTRAÑO EN EL COLON
T185;CUERPO EXTRAÑO EN EL ANO Y EN EL RECTO
T188;CUERPO EXTRAÑO EN OTRAS Y EN MULTIPLES PARTES DEL TUBO DIGESTIVO
T189;CUERPO EXTRAÑO EN EL TUBO DIGESTIVO, PARTE NO ESPECIFICADA
T19;CUERPO EXTRAÑO EN LAS VIAS GENITOURINARIAS
T190;CUERPO EXTRAÑO EN LA URETRA
T191;CUERPO EXTRAÑO EN LA VEJIGA
T192;CUERPO EXTRAÑO EN LA VULVA Y EN LA VAGINA
T193;CUERPO EXTRAÑO EN EL UTERO [CUALQUIER PARTE]
T198;CUERPO EXTRAÑO EN OTRAS Y EN MULTIPLES PARTES DE LAS VIAS GENITOURINARIAS
T199;CUERPO EXTRAÑO EN LAS VIAS GENITOURINARIAS, PARTE NO ESPECIFICADA
T20;QUEMADURA Y CORROSION DE LA CABEZA Y DEL CUELLO
T200;QUEMADURA DE LA CABEZA Y DEL CUELLO, GRADO NO ESPECIFICADO
T201;QUEMADURA DE LA CABEZA Y DEL CUELLO, DE PRIMER GRADO
T202;QUEMADURA DE LA CABEZA Y DEL CUELLO, DE SEGUNDO GRADO
T203;QUEMADURA DE LA CABEZA Y DEL CUELLO, DE TERCER GRADO
T204;CORROSION DE LA CABEZA Y DEL CUELLO, GRADO NO ESPECIFICADO
T205;CORROSION DE LA CABEZA Y DEL CUELLO, DE PRIMER GRADO
T206;CORROSION DE LA CABEZA Y DEL CUELLO, DE SEGUNDO GRADO
T207;CORROSION DE LA CABEZA Y DEL CUELLO, DE TERCER GRADO
T21;QUEMADURA Y CORROSION DEL TRONCO
T210;QUEMADURA DEL TRONCO, GRADO NO ESPECIFICADO
T211;QUEMADURA DEL TRONCO, DE PRIMER GRADO
T212;QUEMADURA DEL TRONCO, DE SEGUNDO GRADO
T213;QUEMADURA DEL TRONCO, DE TERCER GRADO
T214;CORROSION DEL TRONCO, GRADO NO ESPECIFICADO
T215;CORROSION DEL TRONCO, DE PRIMER GRADO
T216;CORROSION DEL TRONCO, DE SEGUNDO GRADO
T217;CORROSION DEL TRONCO, DE TERCER GRADO
T22;QUEMADURA Y CORROSION DEL HOMBRO Y MIEMBRO SUPERIOR, EXCEPTO DE LA MUÑECA Y DE LA MANO
T220;QUEMADURA DEL HOMBRO Y MIEMBRO SUPERIOR, GRADO NO ESPECIFICADO, EXCEPTO DE LA MUÑECA Y DE LA MANO
T221;QUEMADURA DEL HOMBRO Y MIEMBRO SUPERIOR, DE PRIMER GRADO, EXCEPTO DE LA MUÑECA Y DE LA MANO
T222;QUEMADURA DEL HOMBRO Y MIEMBRO SUPERIOR, DE SEGUNDO GRADO, EXCEPTO DE LA MUÑECA Y DE LA MANO
T223;QUEMADURA DEL HOMBRO Y MIEMBRO SUPERIOR, DE TERCER GRADO, EXCEPTO DE LA MUÑECA Y DE LA MANO
T224;CORROSION DEL HOMBRO Y MIEMBRO SUPERIOR, GRADO NO ESPECIFICADO, EXCEPTO DE LA MUÑECA Y DE LA MANO
T225;CORROSION DEL HOMBRO Y MIEMBRO SUPERIOR, DE PRIMER GRADO, EXCEPTO DE LA MUÑECA Y DE LA MANO
T226;CORROSION DEL HOMBRO Y MIEMBRO SUPERIOR, DE SEGUNDO GRADO, EXCEPTO DE LA MUÑECA Y DE LA MANO
T227;CORROSION DEL HOMBRO Y MIEMBRO SUPERIOR, DE TERCER GRADO, EXCEPTO DE LA MUÑECA Y DE LA MANO
T23;QUEMADURA Y CORROSION DE LA MUÑECA Y DE LA MANO
T230;QUEMADURA DE LA MUÑECA Y DE LA MANO, GRADO NO ESPECIFICADO
T231;QUEMADURA DE LA MUÑECA Y DE LA MANO, DE PRIMER GRADO
T232;QUEMADURA DE LA MUÑECA Y DE LA MANO, DE SEGUNDO GRADO
T233;QUEMADURA DE LA MUÑECA Y DE LA MANO, DE TERCER GRADO
T234;CORROSION DE LA MUÑECA Y DE LA MANO, GRADO NO ESPECIFICADO
T235;CORROSION DE LA MUÑECA Y DE LA MANO, DE PRIMER GRADO
T236;CORROSION DE LA MUÑECA Y DE LA MANO, DE SEGUNDO GRADO
T237;CORROSION DE LA MUÑECA Y DE LA MANO, DE TERCER GRADO
T24;QUEMADURA Y CORROSION DE LA CADERA Y MIEMBRO INFERIOR, EXCEPTO TOBILLO Y PIE
T240;QUEMADURA DE LA CADERA Y MIEMBRO INFERIOR, GRADO NO ESPECIFICADO, EXCEPTO TOBILLO Y PIE
T241;QUEMADURA DE LA CADERA Y MIEMBRO INFERIOR, DE PRIMER GRADO, EXCEPTO TOBILLO Y PIE
T242;QUEMADURA DE LA CADERA Y MIEMBRO INFERIOR, DE SEGUNDO GRADO , EXCEPTO TOBILLO Y PIE
T243;QUEMADURA DE LA CADERA Y MIEMBRO INFERIOR, DE TERCER GRADO, EXCEPTO TOBILLO Y PIE
T244;CORROSION DE LA CADERA Y MIEMBRO INFERIOR, GRADO NO ESPECIFICADO, EXCEPTO TOBILLO Y PIE
T245;CORROSION DE LA CADERA Y MIEMBRO INFERIOR, DE PRIMER GRADO, EXCEPTO TOBILLO Y PIE
T246;CORROSION DE LA CADERA Y MIEMBRO INFERIOR, DE SEGUNDO GRADO, EXCEPTO TOBILLO Y PIE
T247;CORROSION DE LA CADERA Y MIEMBRO INFERIOR, DE TERCER GRADO, EXCEPTO TOBILLO Y PIE
T25;QUEMADURA Y CORROSION DEL TOBILLO Y DEL PIE
T250;QUEMADURA DEL TOBILLO Y DEL PIE, GRADO NO ESPECIFICADO
T251;QUEMADURA DEL TOBILLO Y DEL PIE, DE PRIMER GRADO
T252;QUEMADURA DEL TOBILLO Y DEL PIE, DE SEGUNDO GRADO
T253;QUEMADURA DEL TOBILLO Y DEL PIE, DE TERCER GRADO
T254;CORROSION DEL TOBILLO Y DEL PIE, GRADO NO ESPECIFICADO
T255;CORROSION DEL TOBILLO Y DEL PIE, DE PRIMER GRADO
T256;CORROSION DEL TOBILLO Y DEL PIE, DE SEGUNDO GRADO
T257;CORROSION DEL TOBILLO Y DEL PIE, DE TERCER GRADO
T26;QUEMADURA Y CORROSION LIMITADA AL OJO Y SUS ANEXOS
T260;QUEMADURA DEL PARPADO Y AREA PERIOCULAR
T261;QUEMADURA DE LA CORNEA Y SACO CONJUNTIVAL
T262;QUEMADURA CON RUPTURA Y DESTRUCCION RESULTANTES DEL GLOBO OCULAR
T263;QUEMADURA DE OTRAS PARTES DEL OJO Y SUS ANEXOS
T264;QUEMADURA DEL OJO Y ANEXOS, PARTE NO ESPECIFICADA
T265;CORROSION DEL PARPADO Y AREA PERIOCULAR
T266;CORROSION DE LA CORNEA Y SACO CONJUNTIVAL
T267;CORROSION CON RUPTURA Y DESTRUCCION RESULTANTES DEL GLOBO OCULAR
T268;CORROSION DE OTRAS PARTES DEL OJO Y SUS ANEXOS
T269;CORROSION DEL OJO Y SUS ANEXOS, PARTE NO ESPECIFICADA
T27;QUEMADURA Y CORROSION DE LAS VIAS RESPIRATORIAS
T270;QUEMADURA DE LA LARINGE Y DE LA TRAQUEA
T271;QUEMADURA QUE AFECTA LA LARINGE Y LA TRAQUEA CON EL PULMON
T272;QUEMADURA DE OTRAS PARTES DE LAS VIAS RESPIRATORIAS
T273;QUEMADURA DE LAS VIAS RESPIRATORIAS, PARTE NO ESPECIFICADA
T274;CORROSION DE LA LARINGE Y DE LA TRAQUEA
T275;CORROSION QUE AFECTA LA LARINGE Y LA TRAQUEA CON EL PULMON
T276;CORROSION DE OTRAS PARTES DE LAS VIAS RESPIRATORIAS
T277;CORROSION DE LAS VIAS RESPIRATORIAS, PARTE NO ESPECIFICADA
T28;QUEMADURA Y CORROSION DE OTROS ORGANOS INTERNOS
T280;QUEMADURA DE LA BOCA Y DE LA FARINGE
T281;QUEMADURA DEL ESOFAGO
T282;QUEMADURA DE OTRAS PARTES DEL TUBO DIGESTIVO
T283;QUEMADURA DE ORGANOS GENITOURINARIOS INTERNOS
T284;QUEMADURA DE OTROS ORGANOS INTERNOS Y DE LOS NO ESPECIFICADOS
T285;CORROSION DE LA BOCA Y DE LA FARINGE
T286;CORROSION DEL ESOFAGO
T287;CORROSION DE OTRAS PARTES DEL TUBO DIGESTIVO
T288;CORROSION DE ORGANOS GENITOURINARIOS INTERNOS
T289;CORROSION DE OTROS ORGANOS INTERNOS Y DE LOS NO ESPECIFICADOS
T29;QUEMADURAS Y CORROSIONES DE MULTIPLES REGIONES DEL CUERPO
T290;QUEMADURAS DE MULTIPLES REGIONES, GRADO NO ESPECIFICADO
T291;QUEMADURAS DE MULTIPLES REGIONES, MENCIONADAS COMO DE NO MAS DE PRIMER GRADO
T292;QUEMADURAS DE MULTIPLES REGIONES, MENCIONADAS COMO DE NO MAS DE SEGUNDO GRADO
T293;QUEMADURAS MULTIPLES, CON MENCION AL MENOS DE UNA QUEMADURA DE TERCER GRADO
T294;CORROSIONES DE MULTIPLES REGIONES, GRADO NO ESPECIFICADO
T295;CORROSIONES MULTIPLES, MENCIONADAS COMO DE NO MAS DE PRIMER GRADO
T296;CORROSIONES MULTIPLES, MENCIONADAS COMO DE NO MAS DE SEGUNDO GRADO
T297;CORROSIONES MULTIPLES, CON MENCION AL MENOS DE UNA CORROSION DE TERCER GRADO
T30;QUEMADURA Y CORROSION, REGION DEL CUERPO NO ESPECIFICADA
T300;QUEMADURA DE REGION DEL CUERPO Y GRADO NO ESPECIFICADOS
T301;QUEMADURA DE PRIMER GRADO, REGION DEL CUERPO NO ESPECIFICADA
T302;QUEMADURA DE SEGUNDO GRADO, REGION DEL CUERPO NO ESPECIFICADA
T303;QUEMADURA DE TERCER GRADO, REGION DEL CUERPO NO ESPECIFICADA
T304;CORROSION DE REGION DEL CUERPO Y GRADO NO ESPECIFICADOS
T305;CORROSION DE PRIMER GRADO, REGION DEL CUERPO NO ESPECIFICADA
T306;CORROSION DE SEGUNDO GRADO, REGION DEL CUERPO NO ESPECIFICADA
T307;CORROSION DE TERCER GRADO, REGION DEL CUERPO NO ESPECIFICADA
T31;QUEMADURAS CLASIFICADAS SEGUN LA EXTENSION DE LA SUPERFICIE DEL CUERPO AFECTADA
T310;QUEMADURAS QUE AFECTAN MENOS DEL 10% DE LA SUPERFICIE DEL CUERPO
T311;QUEMADURAS QUE AFECTAN DEL 10 AL 19% DE LA SUPERFICIE DEL CUERPO
T312;QUEMADURAS QUE AFECTAN DEL 20 AL 29% DE LA SUPERFICIE DEL CUERPO
T313;QUEMADURAS QUE AFECTAN DEL 30 AL 39% DE LA SUPERFICIE DEL CUERPO
T314;QUEMADURAS QUE AFECTAN DEL 40 AL 49% DE LA SUPERFICIE DEL CUERPO
T315;QUEMADURAS QUE AFECTAN DEL 50 AL 59% DE LA SUPERFICIE DEL CUERPO
T316;QUEMADURAS QUE AFECTAN DEL 60 AL 69% DE LA SUPERFICIE DEL CUERPO
T317;QUEMADURAS QUE AFECTAN DEL 70 AL 79% DE LA SUPERFICIE DEL CUERPO
T318;QUEMADURAS QUE AFECTAN DEL 80 AL 89% DE LA SUPERFICIE DEL CUERPO
T319;QUEMADURAS QUE AFECTAN EL 90% O MAS DE LA SUPERFICIE DEL CUERPO
T32;CORROSIONES CLASIFICADAS SEGUN LA EXTENSION DE LA SUPERFICIE DEL CUERPO AFECTADA
T320;CORROSIONES QUE AFECTAN MENOS DEL 10% DE LA SUPERFICIE DEL CUERPO
T321;CORROSIONES QUE AFECTAN DEL 10 AL 19% DE LA SUPERFICIE DEL CUERPO
T322;CORROSIONES QUE AFECTAN DEL 20 AL 29% DE LA SUPERFICIE DEL CUERPO
T323;CORROSIONES QUE AFECTAN DEL 30 AL 39% DE LA SUPERFICIE DEL CUERPO
T324;CORROSIONES QUE AFECTAN DEL 40 AL 49% DE LA SUPERFICIE DEL CUERPO
T325;CORROSIONES QUE AFECTAN DEL 50 AL 59% DE LA SUPERFICIE DEL CUERPO
T326;CORROSIONES QUE AFECTAN DEL 60 AL 69% DE LA SUPERFICIE DEL CUERPO
T327;CORROSIONES QUE AFECTAN DEL 70 AL 79% DE LA SUPERFICIE DEL CUERPO
T328;CORROSIONES QUE AFECTAN DEL 80 AL 89% DE LA SUPERFICIE DEL CUERPO
T329;CORROSIONES QUE AFECTAN EL 90% O MAS DE LA SUPERFICIE DEL CUERPO
T33;CONGELAMIENTO SUPERFICIAL
T330;CONGELAMIENTO SUPERFICIAL DE LA CABEZA
T331;CONGELAMIENTO SUPERFICIAL DEL CUELLO
T332;CONGELAMIENTO SUPERFICIAL DEL TORAX
T333;CONGELAMIENTO SUPERFICIAL DE LA PARED ABDOMINAL, REGION LUMBOSACRA Y PELVIS
T334;CONGELAMIENTO SUPERFICIAL DEL BRAZO
T335;CONGELAMIENTO SUPERFICIAL DE LA MUÑECA Y DE LA MANO
T336;CONGELAMIENTO SUPERFICIAL DE LA CADERA Y DEL MUSLO
T337;CONGELAMIENTO SUPERFICIAL DE LA RODILLA Y DE LA PIERNA
T338;CONGELAMIENTO SUPERFICIAL DEL TOBILLO Y DEL PIE
T339;CONGELAMIENTO SUPERFICIAL DE OTROS SITIOS Y DE LOS NO ESPECIFICADOS
T34;CONGELAMIENTO CON NECROSIS TISULAR
T340;CONGELAMIENTO CON NECROSIS TISULAR DE LA CABEZA
T341;CONGELAMIENTO CON NECROSIS TISULAR DEL CUELLO
T342;CONGELAMIENTO CON NECROSIS TISULAR DEL TORAX
T343;CONGELAMIENTO CON NECROSIS TISULAR DE LA PARED ABDOMINAL, REGION LUMBOSACRA Y PELVIS
T344;CONGELAMIENTO CON NECROSIS TISULAR DEL BRAZO
T345;CONGELAMIENTO CON NECROSIS TISULAR DE LA MUÑECA Y DE LA MANO
T346;CONGELAMIENTO CON NECROSIS TISULAR DE LA CADERA Y DEL MUSLO
T347;CONGELAMIENTO CON NECROSIS TISULAR DE LA RODILLA Y DE LA PIERNA
T348;CONGELAMIENTO CON NECROSIS TISULAR DEL TOBILLO Y DEL PIE
T349;CONGELAMIENTO CON NECROSIS TISULAR DE OTROS SITIOS Y DE LOS NO ESPECIFICADOS
T35;CONGELAMIENTO QUE AFECTA MULTIPLES REGIONES DEL CUERPO Y CONGELAMIENTO NO ESPECIFICADO
T350;CONGELAMIENTO SUPERFICIAL QUE AFECTA MULTIPLES REGIONES DEL CUERPO
T351;CONGELAMIENTO CON NECROSIS TISULAR QUE AFECTA MULTIPLES REGIONES DEL CUERPO
T352;CONGELAMIENTO NO ESPECIFICADO DE LA CABEZA Y DEL CUELLO
T353;CONGELAMIENTO NO ESPECIFICADO DEL TORAX, DEL ABDOMEN, DE LA REGION LUMBOSACRA Y DE LA PELVIS
T354;CONGELAMIENTO NO ESPECIFICADO DEL MIEMBRO SUPERIOR
T355;CONGELAMIENTO NO ESPECIFICADO DEL MIEMBRO INFERIOR
T356;CONGELAMIENTO NO ESPECIFICADO QUE AFECTA MULTIPLES REGIONES DEL CUERPO
T357;CONGELAMIENTO NO ESPECIFICADO, DE SITIO NO ESPECIFICADO
T36;ENVENENAMIENTO POR ANTIBIOTICOS SISTEMICOS
T360;ENVENENAMIENTO POR PENICILINAS
T361;ENVENENAMIENTO POR CEFALOSPORINAS Y OTROS ANTIBIOTICOS BETA-LACTAMICOS
T362;ENVENENAMIENTO POR ANTIBIOTICOS DEL GRUPO DEL CLORAMFENICOL
T363;ENVENENAMIENTO POR MACROLIDOS
T364;ENVENENAMIENTO POR TETRACICLINAS
T365;ENVENENAMIENTO POR AMINOGLUCOSIDOS
T366;ENVENENAMIENTO POR RIFAMICINAS
T367;ENVENENAMIENTO POR ANTIBIOTICOS ANTIMICOTICOS USADOS SISTEMICAMENTE
T368;ENVENENAMIENTO POR OTROS ANTIBIOTICOS SISTEMICOS
T369;ENVENENAMIENTO POR ANTIBIOTICOS SISTEMICOS, NO ESPECIFICADOS
T37;ENVENENAMIENTO POR OTROS ANTIINFECCIOSOS Y ANTIPARASITARIOS SISTEMICOS
T370;ENVENENAMIENTO POR SULFONAMIDAS
T371;ENVENENAMIENTO POR DROGAS ANTIMICOBACTERIANAS
T372;ENVENENAMIENTO POR ANTIPALUDICOS Y DROGAS DE ACCION CONTRA OTROS PROTOZOARIOS SANGUINEOS
T373;ENVENENAMIENTO POR OTRAS DROGAS ANTIPROTOZOARIAS
T374;ENVENENAMIENTO POR ANTIHELMINTICOS
T375;ENVENENAMIENTO POR DROGAS ANTIVIRALES
T378;ENVENENAMIENTO POR OTROS ANTIINFECCIOSOS Y ANTIPARASITARIOS SISTEMICOS ESPECIFICADOS
T379;ENVENENAMIENTO POR ANTIINFECCIOSOS Y ANTIPARASITARIOS SISTEMICOS, NO ESPECIFICADOS
T38;ENVENENAMIENTO POR HORMONAS Y SUS SUSTITUTOS Y ANTAGONISTAS SINTETICOS, NO CLASIFICADOS EN OTRA PARTE
T380;ENVENENAMIENTO POR GLUCOCORTICOIDES Y ANALOGOS SINTETICOS
T381;ENVENENAMIENTO POR HORMONAS TIROIDEAS Y SUSTITUTOS
T382;ENVENENAMIENTO POR DROGAS ANTITIROIDEAS
T383;ENVENENAMIENTO POR INSULINA Y DROGAS HIPOGLUCEMIANTES ORALES [ANTIDIABETICAS]
T384;ENVENENAMIENTO POR ANTICONCEPTIVOS ORALES
T385;ENVENENAMIENTO POR OTROS ESTROGENOS Y PROGESTOGENOS
T386;ENVENENAMIENTO POR ANTIGONADOTROFINAS, ANTIESTROGENOS Y ANTIANDROGENOS, NO CLASIFICADOS EN OTRA PARTE
T387;ENVENENAMIENTO POR ANDROGENOS Y SUS CONGENERES ANABOLICOS
T388;ENVENENAMIENTO POR OTRAS HORMONAS Y SUSTITUTOS SINTETICOS Y LOS NO ESPECIFICADOS
T389;ENVENENAMIENTO POR OTROS ANTAGONISTAS DE LAS HORMONAS Y LOS NO ESPECIFICADOS
T39;ENVENENAMIENTO POR ANALGESICOS NO NARCOTICOS, ANTIPIRETICOS Y ANTIRREUMATICOS
T390;ENVENENAMIENTO POR SALICILATOS
T391;ENVENENAMIENTO POR DERIVADOS DEL PARAAMINOFENOL
T392;ENVENENAMIENTO POR DERIVADOS DE LA PIRAZOLONA
T393;ENVENENAMIENTO POR OTRAS DROGAS ANTIIFLAMATORIAS NO ESTEROIDEAS [DAINE]
T394;ENVENENAMIENTO POR ANTIRREUMATICOS, NO CLASIFICADOS EN OTRA PARTE
T398;ENVENENAMIENTO POR OTROS ANALGESICOS NO NARCOTICOS Y ANTIPIRETICOS, NO CLASIFICADOS EN OTRA PARTE
T399;ENVENENAMIENTO POR ANALGESICOS NO NARCOTICOS, ANTIPIRETICOS Y ANTIRREUMATICOS, NO ESPECIFICADOS
T40;ENVENENAMIENTO POR NARCOTICOS Y PSICODISLEPTICOS (ALUCINOGENOS)
T400;ENVENENAMIENTO POR OPIO
T401;ENVENENAMIENTO POR HEROINA
T402;ENVENENAMIENTO POR OTROS OPIACEOS
T403;ENVENENAMIENTO POR METADONA
T404;ENVENENAMIENTO POR OTROS NARCOTICOS SINTETICOS
T405;ENVENENAMIENTO POR COCAINA
T406;ENVENENAMIENTO POR OTROS NARCOTICOS Y LOS NO ESPECIFICADOS
T407;ENVENENAMIENTO POR CANNABIS (DERIVADOS)
T408;ENVENENAMIENTO POR ACIDO LISERGICO [LSD]
T409;ENVENENAMIENTO POR OTROS PSICODISLEPTICOS Y LOS NO ESPECIFICADOS [ALUCINOGENOS]
T41;ENVENENAMIENTO POR ANESTESICOS Y GASES TERAPEUTICOS
T410;ENVENENAMIENTO POR ANESTESICOS POR INHALACION
T411;ENVENENAMIENTO POR ANESTESICOS INTRAVENOSOS
T412;ENVENENAMIENTO POR OTROS ANESTESICOS GENERALES Y LOS NO ESPECIFICADOS
T413;ENVENENAMIENTO POR ANESTESICOS LOCALES
T414;ENVENENAMIENTO POR ANESTESICOS, NO ESPECIFICADOS
T415;ENVENENAMIENTO POR GASES TERAPEUTICOS
T42;ENVENENAMIENTO POR ANTIEPILEPTICOS, HIPNOTICOS-SEDANTES Y DROGAS ANTIPARKINSONIANAS
T420;ENVENENAMIENTO POR DERIVADOS DE LA HIDANTOINA
T421;ENVENENAMIENTO POR IMINOSTILBENOS
T422;ENVENENAMIENTO POR SUCCINAMIDAS Y DERIVADOS DE LA OXAZOLIDINA
T423;ENVENENAMIENTO POR BARBITURICOS
T424;ENVENENAMIENTO POR BENZODIAZEPINAS
T425;ENVENENAMIENTO POR ANTIEPILEPTICOS MIXTOS, NO CLASIFICADOS EN OTRA PARTE
T426;ENVENENAMIENTO POR OTROS ANTIEPILEPTICOS Y DROGAS HIPNOTICO-SEDANTES
T427;ENVENENAMIENTO POR ANTIEPILEPTICOS Y DROGAS HIPNOTICO-SEDANTES, NO ESPECIFICADOS
T428;ENVENENAMIENTO POR DROGAS ANTIPARKINSONIANAS Y OTROS DEPRESORES DEL TONO MUSCULAR CENTRAL
T43;ENVENENAMIENTO POR PSICOTROPICOS, NO CLASIFICADOS EN OTRA PARTE
T430;ENVENENAMIENTO POR ANTIDEPRESIVOS TRICICLICOS Y TETRACICLICOS
T431;ENVENENAMIENTO POR ANTIDEPRESIVOS INHIBIDORES DE LA MONOAMINOXIDASA
T432;ENVENENAMIENTO POR OTROS ANTIDEPRESIVOS Y LOS NO ESPECIFICADOS
T433;ENVENENAMIENTO POR ANTIPSICOTICOS Y NEUROLEPTICOS FENOTIACINICOS
T434;ENVENENAMIENTO POR BUTIROFENONA Y NEUROLEPTICOS TIOXANTENICOS
T435;ENVENENAMIENTO POR OTROS ANTIPSICOTICOS Y NEUROLEPTICOS Y LOS NO ESPECIFICADOS
T436;ENVENENAMIENTO POR PSICOESTIMULANTES CON ABUSO POTENCIAL
T438;ENVENENAMIENTO POR OTRAS DROGAS PSICOTROPICAS, NO CLASIFICADAS EN OTRA PARTE
T439;ENVENENAMIENTO POR DROGA PSICOTROPICA, NO ESPECIFICADA
T44;ENVENENAMIENTO POR DROGAS QUE AFECTAN PRINCIPALMENTE EL SISTEMA NERVIOSO AUTONOMO
T440;ENVENENAMIENTO POR AGENTES ANTICOLINESTERASA
T441;ENVENENAMIENTO POR OTROS PARASIMPATICOMIMETICOS [COLINERGICOS]
T442;ENVENENAMIENTO POR DROGAS BLOQUEADORAS GANGLIONARES, NO CLASIFICADAS EN OTRA PARTE
T443;ENVENENAMIENTO POR OTROS PARASIMPATICOLITICOS [ANTICOLINERGICOS Y ANTIMUSCARINICOS] Y ESPASMOLITICOS, NO CLASIFICADOS EN OTRA PARTE
T444;ENVENENAMIENTO POR AGONISTAS, PREDOMINANTEMENTE ALFA-ADRENERGICOS, NO CLASIFICADOS EN OTRA PARTE
T445;ENVENENAMIENTO POR AGONISTAS, PREDOMINANTEMENTE BETA-ADRENERGICOS, NO CLASIFICADOS EN OTRA PARTE
T446;ENVENENAMIENTO POR ANTAGONISTAS ALFA-ADRENERGICOS, NO CLASIFICADOS EN OTRA PARTE
T447;ENVENENAMIENTO POR ANTAGONISTAS BETA-ADRENERGICOS, NO CLASIFICADOS EN OTRA PARTE
T448;ENVENENAMIENTO POR AGENTES DE ACCION CENTRAL Y BLOQUEADORES NEURONALES ADRENERGICOS, NO CLASIFICADOS EN OTRA PARTE
T449;ENVENENAMIENTO POR OTRAS DROGAS Y LAS NO ESPECIFICADAS QUE AFECTAN PRINCIPALMENTE EL SISTEMA NERVIOSO AUTONOMO
T45;ENVENENAMIENTO POR AGENTES PRINCIPALMENTE SISTEMICOS Y HEMATOLOGICOS, NO CLASIFICADOS EN OTRA PARTE
T450;ENVENENAMIENTO POR DROGAS ANTIALERGICAS Y ANTIEMETICAS
T451;ENVENENAMIENTO POR DROGAS ANTINEOPLASICAS E INMUNOSUPRESORAS
T452;ENVENENAMIENTO POR VITAMINAS, NO CLASIFICADAS EN OTRA PARTE
T453;ENVENENAMIENTO POR ENZIMAS, NO CLASIFICADAS EN OTRA PARTE
T454;ENVENENAMIENTO POR HIERRO Y SUS COMPUESTOS
T455;ENVENENAMIENTO POR ANTICOAGULANTES
T456;ENVENENAMIENTO POR DROGAS QUE AFECTAN LA FIBRINOLISIS
T457;ENVENENAMIENTO POR ANTAGONISTAS DE ANTICOAGULANTES, VITAMINA K Y OTROS COAGULANTES
T458;ENVENENAMIENTO POR OTROS AGENTES PRINCIPALMENTE SISTEMICOS Y HEMATOLOGICOS
T459;ENVENENAMIENTO POR AGENTES PRINCIPALMENTE SISTEMICOS Y HEMATOLOGICOS, NO ESPECIFICADOS
T46;ENVENENAMIENTO POR AGENTES QUE AFECTAN PRINCIPALMENTE EL SISTEMA CARDIOVASCULAR
T460;ENVENENAMIENTO POR GLUCOSIDOS CARDIOTONICOS Y MEDICAMENTOS DE ACCION SIMILAR
T461;ENVENENAMIENTO POR BLOQUEADORES DEL CANAL DEL CALCIO
T462;ENVENENAMIENTO POR OTRAS DROGAS ANTIARRITMICAS, NO CLASIFICADAS EN OTRA PARTE
T463;ENVENENAMIENTO POR VASODILATADORES CORONARIOS, NO CLASIFICADOS EN OTRA PARTE
T464;ENVENENAMIENTO POR INHIBIDORES DE LA ENZIMA CONVERTIDORA DE LA ANGIOTENSINA
T465;ENVENENAMIENTO POR OTRAS DROGAS ANTIHIPERTENSIVAS, NO CLASIFICADAS EN OTRA PARTE
T466;ENVENENAMIENTO POR DROGAS ANTILIPEMICAS Y ANTIARTERIOSCLEROTICAS
T467;ENVENENAMIENTO POR VASODILATADORES PERIFERICOS
T468;ENVENENAMIENTO POR DROGAS ANTIVARICOSAS, INCLUSIVE AGENTES ESCLEROSANTES
T469;ENVENENAMIENTO POR OTROS AGENTES Y LOS NO ESPECIFICADOS QUE AFECTAN PRINCIPALMENTE EL SISTEMA CARDIOVASCULAR
T47;ENVENENAMIENTO POR AGENTES QUE AFECTAN PRINCIPALMENTE EL SISTEMA GASTROINTESTINAL
T470;ENVENENAMIENTO POR ANTAGONISTAS DEL RECEPTOR H2 DE HISTAMINA
T471;ENVENENAMIENTO POR OTRAS DROGAS ANTIACIDAS Y QUE INHIBEN LA SECRECION GASTRICA
T472;ENVENENAMIENTO POR LAXANTES ESTIMULANTES
T473;ENVENENAMIENTO POR LAXANTES SALINOS Y OSMOTICOS
T474;ENVENENAMIENTO POR OTROS LAXANTES
T475;ENVENENAMIENTO POR DIGESTIVOS
T476;ENVENENAMIENTO POR DROGAS ANTIDIARREICAS
T477;ENVENENAMIENTO POR EMETICOS
T478;ENVENENAMIENTO POR OTROS AGENTES QUE AFECTAN PRINCIPALMENTE EL SISTEMA GASTROINTESTINAL
T479;ENVENENAMIENTO POR AGENTES NO ESPECIFICADOS QUE AFECTAN PRINCIPALMENTE EL SISTEMA GASTROINTESTINAL
T48;ENVENENAMIENTO POR AGENTES CON ACCION PRINCIPAL SOBRE LOS MUSCULOS LISOS Y ESQUELETICOS Y SOBRE EL SISTEMA RESPIRATORIO
T480;ENVENENAMIENTO POR DROGAS OXITOCICAS
T481;ENVENENAMIENTO POR RELAJANTES MUSCULOESQUELETICOS [AGENTES BLOQUEADORES NEUROMUSCULARES]
T482;ENVENENAMIENTO POR OTROS MEDICAMENTOS Y LOS NO ESPECIFICADOS DE ACCION PRINCIPAL SOBRE LOS MUSCULOS
T483;ENVENENAMIENTO POR ANTITUSIGENOS
T484;ENVENENAMIENTO POR EXPECTORANTES
T485;ENVENENAMIENTO POR DROGAS CONTRA EL CATARRO COMUN
T486;ENVENENAMIENTO POR ANTIASMATICOS, NO CLASIFICADOS EN OTRA PARTE
T487;ENVENENAMIENTO POR OTROS AGENTES Y LOS NO ESPECIFICADOS DE ACCION PRINCIPAL SOBRE EL SISTEMA RESPIRATORIO
T49;ENVENENAMIENTO POR AGENTES TOPICOS QUE AFECTAN PRINCIPALMENTE LA PIEL Y LAS MEMBRANAS MUCOSAS Y POR DROGAS OFTALMOLOGICAS, OTORRINOLARINGOLOGICAS Y DENTALES
T490;ENVENENAMIENTO POR DROGAS LOCALES ANTIMICOTICAS, ANTIINFECCIOSAS Y ANTIINFLAMATORIAS, NO CLASIFICADAS EN OTRA PARTE
T491;ENVENENAMIENTO POR ANTIPRURITICOS
T492;ENVENENAMIENTO POR ASTRINGENTES Y DETERGENTES LOCALES
T493;ENVENENAMIENTO POR EMOLIENTES, DEMULCENTES Y PROTECTORES
T494;ENVENENAMIENTO POR QUERATOLITICOS, QUERATOPLASTICOS, DROGAS Y OTRAS PREPARACIONES PARA EL TRATAMIENTO DEL CABELLO
T495;ENVENENAMIENTO POR DROGAS Y PREPARACIONES OFTALMOLOGICAS
T496;ENVENENAMIENTO POR DROGAS Y PREPARACIONES OTORRINOLARINGOLOGICAS
T497;ENVENENAMIENTO POR DROGAS DENTALES, APLICADAS TOPICAMENTE
T498;ENVENENAMIENTO POR OTROS AGENTES TOPICOS
T499;ENVENENAMIENTO POR AGENTES TOPICOS, NO ESPECIFICADOS
T50;ENVENENAMIENTO POR DIURETICOS Y OTRAS DROGAS, MEDICAMENTOS Y SUSTANCIAS BIOLOGICAS NO ESPECIFICADAS
T500;ENVENENAMIENTO POR MINERALOCORTICOIDES Y SUS ANTAGONISTAS
T501;ENVENENAMIENTO POR DIURETICOS DEL ASA [DINTEL ALTO]
T502;ENVENENAMIENTO POR INHIBIDORES DE LA ANHIDRASA DEL ACIDO CARBONICO, BENZOTIAZIDAS Y OTROS DIURETICOS
T503;ENVENENAMIENTO POR AGENTES DEL EQUILIBRIO HIDROLITICO, ELECTROLITICO Y CALORICO
T504;ENVENENAMIENTO POR DROGAS QUE AFECTAN EL METABOLISMO DEL ACIDO URICO
T505;ENVENENAMIENTO POR DEPRESORES DEL APETITO
T506;ENVENENAMIENTO POR ANTIDOTOS Y AGENTES QUELANTES, NO CLASIFICADOS EN OTRA PARTE
T507;ENVENENAMIENTO POR ANALEPTICOS Y ANTAGONISTAS DEL OPIO
T508;ENVENENAMIENTO POR AGENTES DIAGNOSTICOS
T509;ENVENENAMIENTO POR OTRAS DROGAS Y SUSTANCIAS BIOLOGICAS, Y LAS NO ESPECIFICADAS
T51;EFECTO TOXICO DEL ALCOHOL
T510;EFECTO TOXICO DEL ETANOL
T511;EFECTO TOXICO DEL METANOL
T512;EFECTO TOXICO DEL PROPANOL-2
T513;EFECTO TOXICO DEL LICOR DE ALCOHOL INSUFICIENTEMENTE DESTILADO
T518;EFECTO TOXICO DE OTROS ALCOHOLES
T519;EFECTO TOXICO DEL ALCOHOL, NO ESPECIFICADO
T52;EFECTO TOXICO DE DISOLVENTES ORGANICOS
T520;EFECTO TOXICO DE PRODUCTOS DEL PETROLEO
T521;EFECTO TOXICO DEL BENCENO
T522;EFECTO TOXICO DE HOMOLOGOS DEL BENCENO
T523;EFECTO TOXICO DE GLICOLES
T524;EFECTO TOXICO DE CETONAS
T528;EFECTO TOXICO DE OTROS DISOLVENTES ORGANICOS
T529;EFECTO TOXICO DE DISOLVENTES ORGANICOS, NO ESPECIFICADOS
T53;EFECTO TOXICO DE LOS DERIVADOS HALOGENADOS DE LOS HIDROCARBUROS ALIFATICOS Y AROMATICOS
T530;EFECTO TOXICO DEL TETRACLORURO DE CARBONO
T531;EFECTO TOXICO DEL CLOROFORMO
T532;EFECTO TOXICO DEL TRICLOROETILENO
T533;EFECTO TOXICO DEL TETRACLOROETILENO
T534;EFECTO TOXICO DEL DICLOROETANO
T535;EFECTO TOXICO DE CLOROFLUOROCARBUROS
T536;EFECTO TOXICO DE OTROS DERIVADOS HALOGENADOS DE HIDROCARBUROS ALIFATICOS
T537;EFECTO TOXICO DE OTROS DERIVADOS HALOGENADOS DE HIDROCARBUROS AROMATICOS
T539;EFECTO TOXICO DE DERIVADOS HALOGENADOS DE HIDROCARBUROS ALIFATICOS Y AROMATICOS, NO ESPECIFICADOS
T54;EFECTO TOXICO DE SUSTANCIAS CORROSIVAS
T540;EFECTO TOXICO DE FENOL Y HOMOLOGOS DEL FENOL
T541;EFECTO TOXICO DE OTROS COMPUESTOS ORGANICOS CORROSIVOS
T542;EFECTO TOXICO DE ACIDOS CORROSIVOS Y SUSTANCIAS ACIDAS SIMILARES
T543;EFECTO TOXICO DE ALCALIS CAUSTICOS Y SUSTANCIAS ALCALINAS SIMILARES
T549;EFECTO TOXICO DE SUSTANCIA CORROSIVA, NO ESPECIFICADA
T55X;EFECTO TOXICO DE DETERGENTES Y JABONES
T56;EFECTO TOXICO DE METALES
T560;EFECTO TOXICO DEL PLOMO Y SUS COMPUESTOS
T561;EFECTO TOXICO DEL MERCURIO Y SUS COMPUESTOS
T562;EFECTO TOXICO DEL CROMO Y SUS COMPUESTOS
T563;EFECTO TOXICO DEL CADMIO Y SUS COMPUESTOS
T564;EFECTO TOXICO DEL COBRE Y SUS COMPUESTOS
T565;EFECTO TOXICO DEL ZINC Y SUS COMPUESTOS
T566;EFECTO TOXICO DEL ESTAÑO Y SUS COMPUESTOS
T567;EFECTO TOXICO DEL BERILIO Y SUS COMPUESTOS
T568;EFECTO TOXICO DE OTROS METALES
T569;EFECTO TOXICO DE METAL, NO ESPECIFICADO
T57;EFECTO TOXICO DE OTRAS SUSTANCIAS INORGANICAS
T570;EFECTO TOXICO DEL ARSENICO Y SUS COMPUESTOS
T571;EFECTO TOXICO DEL FOSFORO Y SUS COMPUESTOS
T572;EFECTO TOXICO DEL MANGANESO Y SUS COMPUESTOS
T573;EFECTO TOXICO DEL ACIDO CIANHIDRICO
T578;EFECTO TOXICO DE OTRAS SUSTANCIAS INORGANICAS, ESPECIFICADAS
T579;EFECTO TOXICO DE SUSTANCIA INORGANICA, NO ESPECIFICADA
T58X;EFECTO TOXICO DEL MONOXIDO DE CARBONO
T59;EFECTO TOXICO DE OTROS GASES, HUMOS Y VAPORES
T590;EFECTO TOXICO DE OXIDOS DE NITROGENO
T591;EFECTO TOXICO DEL DIOXIDO DE SULFURO
T592;EFECTO TOXICO DEL FORMALDEHIDO
T593;EFECTO TOXICO DEL GAS LACRIMOGENO
T594;EFECTO TOXICO DEL CLORO GASEOSO
T595;EFECTO TOXICO DEL GAS DE FLUOR Y FLUORURO DE HIDROGENO
T596;EFECTO TOXICO DEL SULFURO DE HIDROGENO
T597;EFECTO TOXICO DEL DIOXIDO DE CARBONO
T598;EFECTO TOXICO DE OTROS GASES, HUMOS Y VAPORES ESPECIFICADOS
T599;EFECTO TOXICO DE GASES, HUMOS Y VAPORES NO ESPECIFICADOS
T60;EFECTO TOXICO DE PLAGUICIDAS (PESTICIDAS)
T600;EFECTO TOXICO DE INSECTICIDAS ORGANOFOSFORADOS Y CARBAMATOS
T601;EFECTO TOXICO DE INSECTICIDAS HALOGENADOS
T602;EFECTO TOXICO DE OTROS INSECTICIDAS
T603;EFECTO TOXICO DE HERBICIDAS Y FUNGICIDAS
T604;EFECTO TOXICO DE RODENTICIDAS
T608;EFECTO TOXICO DE OTROS PLAGUICIDAS
T609;EFECTO TOXICO DE PLAGUICIDA, NO ESPECIFICADO
T61;EFECTO TOXICO DE SUSTANCIAS NOCIVAS INGERIDAS COMO ALIMENTOS MARINOS
T610;ENVENENAMIENTO CIGUATERO POR PESCADO
T611;ENVENENAMIENTO ESCOMBROIDEO POR PESCADO
T612;OTROS ENVENENAMIENTOS POR PESCADOS Y MARISCOS
T618;EFECTO TOXICO DE OTROS ALIMENTOS MARINOS
T619;EFECTO TOXICO DE ALIMENTOS MARINOS NO ESPECIFICADOS
T62;EFECTO TOXICO DE OTRAS SUSTANCIAS NOCIVAS INGERIDAS COMO ALIMENTO
T620;EFECTO TOXICO DE HONGOS INGERIDOS
T621;EFECTO TOXICO DE BAYAS INGERIDAS
T622;EFECTO TOXICO DE OTRA(S) (PARTES DE) PLANTA(S) INGERIDA(S)
T628;EFECTO TOXICO DE OTRAS SUSTANCIAS NOCIVAS ESPECIFICADAS INGERIDAS COMO ALIMENTO
T629;EFECTO TOXICO DE SUSTANCIA NOCIVA INGERIDA COMO ALIMENTO, NO ESPECIFICADA
T63;EFECTO TOXICO DEL CONTACTO CON ANIMALES VENENOSOS
T630;EFECTO TOXICO DEL VENENO DE SERPIENTE
T631;EFECTO TOXICO DEL VENENO DE OTROS REPTILES
T632;EFECTO TOXICO DEL VENENO DE ESCORPION
T633;EFECTO TOXICO DEL VENENO DE ARAÑAS
T634;EFECTO TOXICO DEL VENENO DE OTROS ARTROPODOS
T635;EFECTO TOXICO DEL CONTACTO CON PECES
T636;EFECTO TOXICO DEL CONTACTO CON OTROS ANIMALES MARINOS
T638;EFECTOS TOXICOS DEL CONTACTO CON OTROS ANIMALES VENENOSOS
T639;EFECTO TOXICO DEL CONTACTO CON ANIMAL VENENOSO NO ESPECIFICADO
T64X;EFECTO TOXICO DE AFLATOXINA Y OTRAS MICOTOXINAS CONTAMINANTES DE ALIMENTOS
T65;EFECTO TOXICO DE OTRAS SUSTANCIAS Y LAS NO ESPECIFICADAS
T650;EFECTO TOXICO DEL CIANURO
T651;EFECTO TOXICO DE LA ESTRICNINA Y SUS SALES
T652;EFECTO TOXICO DEL TABACO Y LA NICOTINA
T653;EFECTO TOXICO DE NITRODERIVADOS Y AMINODERIVADOS DEL BENCENO Y SUS HOMOLOGOS
T654;EFECTO TOXICO DEL BISULFURO DE CARBONO
T655;EFECTO TOXICO DE NITROGLICERINA Y OTROS ACIDOS Y ESTERES NITRICOS
T656;EFECTO TOXICO DE PINTURAS Y COLORANTES, NO CLASIFICADOS EN OTRA PARTE
T658;EFECTO TOXICO DE OTRAS SUSTANCIAS ESPECIFICADAS
T659;EFECTO TOXICO DE SUSTANCIA NO ESPECIFICADA
T66X;EFECTOS NO ESPECIFICADOS DE LA RADIACION
T67;EFECTOS DEL CALOR Y DE LA LUZ
T670;GOLPE DE CALOR E INSOLACION
T671;SINCOPE POR CALOR
T672;CALAMBRE POR CALOR
T673;AGOTAMIENTO POR CALOR, ANHIDROTICO
T674;AGOTAMIENTO POR CALOR DEBIDA A DEPLECION DE SAL
T675;AGOTAMIENTO POR CALOR NO ESPECIFICADO
T676;FATIGA POR CALOR, TRANSITORIA
T677;EDEMA POR CALOR
T678;OTROS EFECTOS DEL CALOR Y DE LA LUZ
T679;EFECTO DEL CALOR Y DE LA LUZ, NO ESPECIFICADO
T68X;HIPOTERMIA
T69;OTROS EFECTOS DE LA REDUCCION DE LA TEMPERATURA
T690;MANO Y PIE DE INMERSION
T691;SABAÑON(ES)
T698;OTROS EFECTOS ESPECIFICADOS DE LA REDUCCION DE LA TEMPERATURA
T699;EFECTO DE LA REDUCCION DE LA TEMPERATURA, NO ESPECIFICADO
T70;EFECTOS DE LA PRESION DEL AIRE Y DE LA PRESION DEL AGUA
T700;BAROTRAUMA OTITICO
T701;BAROTRAUMA SINUSAL
T702;OTROS EFECTOS Y LOS NO ESPECIFICADOS DE LA GRAN ALTITUD
T703;ENFERMEDAD POR DESCOMPRESION [DE LOS CAJONES SUMERGIDOS]
T704;EFECTOS DE LIQUIDOS CON ALTA PRESION
T708;OTROS EFECTOS DE LA PRESION DEL AIRE Y DEL AGUA
T709;EFECTO DE LA PRESION DEL AIRE Y DEL AGUA, NO ESPECIFICADO
T71X;ASFIXIA
T73;EFECTOS DE OTRAS PRIVACIONES
T730;EFECTOS DEL HAMBRE
T731;EFECTOS DE LA SED
T732;AGOTAMIENTO DEBIDO A EXPOSICION A LA INTEMPERIE
T733;AGOTAMIENTO DEBIDO A ESFUERZO EXCESIVO
T738;OTROS EFECTOS DE PRIVACION
T739;EFECTOS DE PRIVACION, NO ESPECIFICADOS
T74;SINDROME DEL MALTRATO
T740;NEGLIGENCIA O ABANDONO
T741;ABUSO FISICO
T742;ABUSO SEXUAL
T743;ABUSO PSICOLOGICO
T748;OTROS SINDROMES DEL MALTRATO
T749;SINDROME DEL MALTRATO, NO ESPECIFICADO
T75;EFECTOS DE OTRAS CAUSAS EXTERNAS
T750;EFECTOS DEL RAYO
T751;AHOGAMIENTO Y SUMERSION NO MORTAL
T752;EFECTOS DE LA VIBRACION
T753;MAL DEL MOVIMIENTO
T754;EFECTOS DE LA CORRIENTE ELECTRICA
T758;OTROS EFECTOS ESPECIFICADOS DE CAUSAS EXTERNAS
T78;EFECTOS ADVERSOS, NO CLASIFICADOS EN OTRA PARTE
T780;CHOQUE ANAFILACTICO DEBIDO A REACCION ADVERSA A ALIMENTOS
T781;OTRA REACCION ADVERSA A ALIMENTOS, NO CLASIFICADA EN OTRA PARTE
T782;CHOQUE ANAFILACTICO, NO ESPECIFICADO
T783;EDEMA ANGIONEUROTICO
T784;ALERGIA NO ESPECIFICADA
T788;OTROS EFECTOS ADVERSOS, NO CLASIFICADOS EN OTRA PARTE
T789;EFECTO ADVERSO NO ESPECIFICADO
T79;ALGUNAS COMPLICACIONES PRECOCES DE TRAUMATISMOS, NO CLASIFICADAS EN OTRA PARTE
T790;EMBOLIA GASEOSA (TRAUMATICA)
T791;EMBOLIA GRASA (TRAUMATICA)
T792;HEMORRAGIA TRAUMATICA SECUNDARIA Y RECURRENTE
T793;INFECCION POSTRAUMATICA DE HERIDA, NO CLASIFICADA EN OTRA PARTE
T794;CHOQUE TRAUMATICO
T795;ANURIA TRAUMATICA
T796;ISQUEMIA TRAUMATICA DE MUSCULO
T797;ENFISEMA SUBCUTANEO TRAUMATICO
T798;OTRAS COMPLICACIONES PRECOCES DE LOS TRAUMATISMOS
T799;COMPLICACIONES PRECOCES NO ESPECIFICADAS DE LOS TRAUMATISMOS
T80;COMPLICACIONES CONSECUTIVAS A INFUSION, TRANSFUSION E INYECCION TERAPEUTICA
T800;EMBOLIA GASEOSA CONSECUTIVA A INFUSION, TRANSFUSION E INYECCION TERAPEUTICA
T801;COMPLICACIONES VASCULARES CONSECUTIVAS A INFUSION, TRANSFUSION E INYECCION TERAPEUTICA
T802;INFECCIONES CONSECUTIVAS A INFUSION, TRANSFUSION E INYECCION TERAPEUTICA
T803;REACCION DE INCOMPATIBILIDAD AL GRUPO ABO
T804;REACCION DE INCOMPATIBILIDAD A RH
T805;CHOQUE ANAFILACTICO DEBIDO A SUERO
T806;OTRAS REACCIONES AL SUERO
T808;OTRAS COMPLICACIONES CONSECUTIVAS A INFUSION, TRANSFUSION E INYECCION TERAPEUTICA
T809;COMPLICACIONES NO ESPECIFICADAS CONSECUTIVAS A INFUSION, TRANSFUSION E INYECCION TERAPEUTICA
T81;COMPLICACIONES DE PROCEDIMIENTOS, NO CLASIFICADAS EN OTRA PARTE
T810;HEMORRAGIA Y HEMATOMA QUE COMPLICAN UN PROCEDIMIENTO, NO CLASIFICADOS EN OTRA PARTE
T811;CHOQUE DURANTE O RESULTANTE DE UN PROCEDIMIENTO, NO CLASIFICADO EN OTRA PARTE
T812;PUNCION O LACERACION ACCIDENTAL DURANTE UN PROCEDIMIENTO, NO CLASIFICADAS EN OTRA PARTE
T813;DESGARRO DE HERIDA OPERATORIA, NO CLASIFICADO EN OTRA PARTE
T814;INFECCION CONSECUTIVA A PROCEDIMIENTO, NO CLASIFICADA EN OTRA PARTE
T815;CUERPO EXTRAÑO DEJADO ACCIDENTALMENTE EN CAVIDAD CORPORAL O EN HERIDA OPERATORIA CONSECUTIVA A PROCEDIMIENTO
T816;REACCION AGUDA A SUSTANCIA EXTRAÑA DEJADA ACCIDENTALMENTE DURANTE UN PROCEDIMIENTO
T817;COMPLICACIONES VASCULARES CONSECUTIVAS A PROCEDIMIENTO, NO CLASIFICADAS EN OTRA PARTE
T818;OTRAS COMPLICACIONES DE PROCEDIMIENTOS, NO CLASIFICADAS EN OTRA PARTE
T819;COMPLICACION DE PROCEDIMIENTOS, NO ESPECIFICADA
T82;COMPLICACIONES DE DISPOSITIVOS PROTESICOS, IMPLANTES E INJERTOS CARDIOVASCULARES
T820;COMPLICACION MECANICA DE PROTESIS DE VALVULA CARDIACA
T821;COMPLICACION MECANICA DE DISPOSITIVO ELECTRONICO CARDIACO
T822;COMPLICACION MECANICA DE DERIVACION DE ARTERIA CORONARIA E INJERTO VALVULAR
T823;COMPLICACION MECANICA DE OTROS INJERTOS VASCULARES
T824;COMPLICACION MECANICA DE CATETER PARA DIALISIS VASCULAR
T825;COMPLICACION MECANICA DE OTROS DISPOSITIVOS E IMPLANTES CARDIOVASCULARES
T826;INFECCION Y REACCION INFLAMATORIA DEBIDAS A PROTESIS DE VALVULA CARDIACA
T827;INFECCION Y REACCION INFLAMATORIA DEBIDAS A OTROS DISPOSITIVOS, IMPLANTES E INJERTOS CARDIOVASCULARES
T828;OTRAS COMPLICACIONES ESPECIFICADAS DE DISPOSITIVOS PROTESICOS, IMPLANTES E INJERTOS CARDIOVASCULARES
T829;COMPLICACION NO ESPECIFICADA DE DISPOSITIVO PROTESICO, IMPLANTE E INJERTO CARDIOVASCULAR
T83;COMPLICACIONES DE DISPOSITIVOS, IMPLANTES E INJERTOS GENITOURINARIOS
T830;COMPLICACION MECANICA DE CATETER URINARIO (FIJO)
T831;COMPLICACION MECANICA DE OTROS DISPOSITIVOS E IMPLANTES URINARIOS
T832;COMPLICACION MECANICA DE INJERTO EN ORGANO URINARIO
T833;COMPLICACION MECANICA DE DISPOSITIVO ANTICONCEPTIVO INTRAUTERINO
T834;COMPLICACION MECANICA DE OTROS DISPOSITIVOS, IMPLANTES E INJERTOS EN EL TRACTO GENITAL
T835;INFECCION Y REACCION INFLAMATORIA DEBIDAS A DISPOSITIVO PROTESICO, IMPLANTE E INJERTO EN EL SISTEMA URINARIO
T836;INFECCION Y REACCION INFLAMATORIA DEBIDAS A DISPOSITIVO PROTESICO, IMPLANTE E INJERTO EN EL TRACTO GENITAL
T838;OTRAS COMPLICACIONES DE DISPOSITIVOS PROTESICOS, IMPLANTES E INJERTOS GENITOURINARIOS
T839;COMPLICACION NO ESPECIFICADA DE DISPOSITIVO PROTESICO, IMPLANTE E INJERTO GENITOURINARIO
T84;COMPLICACIONES DE DISPOSITIVOS PROTESICOS, IMPLANTES E INJERTOS ORTOPEDICOS INTERNOS
T840;COMPLICACION MECANICA DE PROTESIS ARTICULAR INTERNA
T841;COMPLICACION MECANICA DE DISPOSITIVO DE FIJACION INTERNA DE HUESOS DE UN MIEMBRO
T842;COMPLICACION MECANICA DE DISPOSITIVO DE FIJACION INTERNA DE OTROS HUESOS
T843;COMPLICACION MECANICA DE OTROS DISPOSITIVOS OSEOS, IMPLANTES E INJERTOS
T844;COMPLICACION MECANICA DE OTROS DISPOSITIVOS PROTESICOS, IMPLANTES E INJERTOS ORTOPEDICOS INTERNOS
T845;INFECCION Y REACCION INFLAMATORIA DEBIDAS A PROTESIS ARTICULAR INTERNA
T846;INFECCION Y REACCION INFLAMATORIA DEBIDAS A DISPOSITIVO DE FIJACION INTERNA [CUALQUIER SITIO]
T847;INFECCION Y REACCION INFLAMATORIA DEBIDAS A OTROS DISPOSITIVOS PROTESICOS, IMPLANTES E INJERTOS ORTOPEDICOS INTERNOS
T848;OTRAS COMPLICACIONES DE DISPOSITIVOS PROTESICOS, IMPLANTES E INJERTOS ORTOPEDICOS INTERNOS
T849;COMPLICACIONES NO ESPECIFICADAS DE DISPOSITIVOS PROTESICOS, IMPLANTES E INJERTOS ORTOPEDICOS INTERNOS
T85;COMPLICACIONES DE OTROS DISPOSITIVOS PROTESICOS, IMPLANTES E INJERTOS INTERNOS
T850;COMPLICACION MECANICA DE DERIVACION (ANASTOMOTICA) VENTRICULAR INTRACRANEAL
T851;COMPLICACION MECANICA DE IMPLANTE DE ESTIMULADOR ELECTRONICO DEL SISTEMA NERVIOSO
T852;COMPLICACION MECANICA DE LENTES INTRAOCULARES
T853;COMPLICACION MECANICA DE OTROS DISPOSITIVOS PROTESICOS, IMPLANTES E INJERTOS OCULARES
T854;COMPLICACION MECANICA DE PROTESIS E IMPLANTE DE MAMA
T855;COMPLICACION MECANICA DE DISPOSITIVO PROTESICO, IMPLANTE E INJERTO GASTROINTESTINAL
T856;COMPLICACION MECANICA DE OTROS DISPOSITIVOS PROTESICOS, IMPLANTES E INJERTOS INTERNOS ESPECIFICADOS
T857;INFECCION Y REACCION INFLAMATORIA DEBIDAS A OTROS DISPOSITIVOS PROTESICOS, IMPLANTES E INJERTOS INTERNOS
T858;OTRAS COMPLICACIONES DE DISPOSITIVOS PROTESICOS, IMPLANTES E INJERTOS INTERNOS, NO CLASIFICADAS EN OTRA PARTE
T859;COMPLICACION NO ESPECIFICADA DE DISPOSITIVO PROTESICO, IMPLANTE E INJERTO INTERNO
T86;FALLA Y RECHAZO DEL TRASPLANTE DE ORGANOS Y TEJIDOS
T860;RECHAZO DE TRASPLANTE DE MEDULA OSEA
T861;FALLA Y RECHAZO DE TRASPLANTE DE RIÑON
T862;FALLA Y RECHAZO DE TRASPLANTE DE CORAZON
T863;FALLA Y RECHAZO DE TRASPLANTE DE PULMON-CORAZON
T864;FALLA Y RECHAZO DE TRASPLANTE DE HIGADO
T868;FALLA Y RECHAZO DE OTROS ORGANOS Y TEJIDOS TRASPLANTADOS
T869;FALLA Y RECHAZO DE TRASPLANTE DE ORGANO Y TEJIDO NO ESPECIFICADO
T87;COMPLICACIONES PECULIARES DE LA REINSERCION Y AMPUTACION
T870;COMPLICACIONES DE LA REINSERCION (DE PARTE) DE EXTREMIDAD SUPERIOR
T871;COMPLICACIONES DE LA REINSERCION (DE PARTE) DE EXTREMIDAD INFERIOR
T872;COMPLICACIONES DE OTRAS PARTES DEL CUERPO REINSERTADAS
T873;NEUROMA DE MUÑON DE AMPUTACION
T874;INFECCION DE MUÑON DE AMPUTACION
T875;NECROSIS DE MUÑON DE AMPUTACION
T876;OTRAS COMPLICACIONES Y LAS NO ESPECIFICADAS DE MUÑON DE AMPUTACION
T88;OTRAS COMPLICACIONES DE LA ATENCION MEDICA Y QUIRURGICA, NO CLASIFICADAS EN OTRA PARTE
T880;INFECCION CONSECUTIVA A INMUNIZACION
T881;OTRAS COMPLICACIONES CONSECUTIVAS A INMUNIZACION, NO CLASIFICADAS EN OTRA PARTE
T882;CHOQUE DEBIDO A LA ANESTESIA
T883;HIPERTERMIA MALIGNA DEBIDA A LA ANESTESIA
T884;FALLA O DIFICULTAD DE LA INTUBACION
T885;OTRAS COMPLICACIONES DE LA ANESTESIA
T886;CHOQUE ANAFILACTICO DEBIDO A EFECTO ADVERSO DE DROGA O MEDICAMENTO CORRECTO ADMINISTRADO APROPIADAMENTE
T887;EFECTO ADVERSO NO ESPECIFICADO DE DROGA O MEDICAMENTO
T888;OTRAS COMPLICACIONES ESPECIFICADAS DE LA ATENCION MEDICA Y QUIRURGICA, NO CLASIFICADAS EN OTRA PARTE
T889;COMPLICACIONES NO ESPECIFICADAS DE LA ATENCION MEDICA Y QUIRURGICA
T90;SECUELAS DE TRAUMATISMOS DE LA CABEZA
T900;SECUELAS DE TRAUMATISMO SUPERFICIAL DE LA CABEZA
T901;SECUELAS DE HERIDA DE LA CABEZA
T902;SECUELAS DE FRACTURA DEL CRANEO Y DE HUESOS FACIALES
T903;SECUELAS DE TRAUMATISMO DE NERVIOS CRANEALES
T904;SECUELAS DE TRAUMATISMO DEL OJO Y DE LA ORBITA
T905;SECUELAS DE TRAUMATISMO INTRACRANEAL
T908;SECUELAS DE OTROS TRAUMATISMOS ESPECIFICADOS DE LA CABEZA
T909;SECUELAS DE TRAUMATISMO NO ESPECIFICADO DE LA CABEZA
T91;SECUELAS DE TRAUMATISMOS DEL CUELLO Y DEL TRONCO
T910;SECUELAS DE TRAUMATISMO SUPERFICIAL Y DE HERIDAS DEL CUELLO Y DEL TRONCO
T911;SECUELAS DE FRACTURA DE LA COLUMNA VERTEBRAL
T912;SECUELAS DE OTRA FRACTURA DEL TORAX Y DE LA PELVIS
T913;SECUELAS DE TRAUMATISMO DE LA MEDULA ESPINAL
T914;SECUELAS DE TRAUMATISMO DE ORGANOS INTRATORACICOS
T915;SECUELAS DE TRAUMATISMO DE ORGANOS INTRAABDOMINALES Y PELVICOS
T918;SECUELAS DE OTROS TRAUMATISMOS ESPECIFICADOS DEL CUELLO Y DEL TRONCO
T919;SECUELAS DE TRAUMATISMO NO ESPECIFICADO DEL CUELLO Y DEL TRONCO
T92;SECUELAS DE TRAUMATISMOS DE MIEMBRO SUPERIOR
T920;SECUELAS DE HERIDA DE MIEMBRO SUPERIOR
T921;SECUELAS DE FRACTURA DEL BRAZO
T922;SECUELAS DE FRACTURA DE LA MUÑECA Y DE LA MANO
T923;SECUELAS DE LUXACION, TORCEDURA Y ESQUINCE DE MIEMBRO SUPERIOR
T924;SECUELAS DE TRAUMATISMO DE NERVIO DE MIEMBRO SUPERIOR
T925;SECUELAS DE TRAUMATISMO DE TENDON Y MUSCULO DE MIEMBRO SUPERIOR
T926;SECUELAS DE APLASTAMIENTO Y AMPUTACION TRAUMATICAS DE MIEMBRO SUPERIOR
T928;SECUELAS DE OTROS TRAUMATISMOS ESPECIFICADOS DE MIEMBRO SUPERIOR
T929;SECUELAS DE TRAUMATISMO NO ESPECIFICADO DE MIEMBRO SUPERIOR
T93;SECUELAS DE TRAUMATISMOS DE MIEMBRO INFERIOR
T930;SECUELAS DE HERIDA DE MIEMBRO INFERIOR
T931;SECUELAS DE FRACTURA DEL FEMUR
T932;SECUELAS DE OTRAS FRACTURAS DE MIEMBRO INFERIOR
T933;SECUELAS DE LUXACION, TORCEDURA Y ESGUINCE DE MIEMBRO INFERIOR
T934;SECUELAS DE TRAUMATISMO DE NERVIO DE MIEMBRO INFERIOR
T935;SECUELAS DE TRAUMATISMO DE TENDON Y MUSCULO DE MIEMBRO INFERIOR
T936;SECUELAS DE APLASTAMIENTO Y AMPUTACION TRAUMATICAS DE MIEMBRO INFERIOR
T938;SECUELAS DE OTROS TRAUMATISMOS ESPECIFICADOS DE MIEMBRO INFERIOR
T939;SECUELAS DE TRAUMATISMO NO ESPECIFICADO DE MIEMBRO INFERIOR
T94;SECUELAS DE TRAUMATISMOS QUE AFECTAN MULTIPLES REGIONES DEL CUERPO Y LAS NO ESPECIFICADAS
T940;SECUELAS DE TRAUMATISMOS QUE AFECTAN MULTIPLES REGIONES DEL CUERPO
T941;SECUELAS DE TRAUMATISMOS DE REGIONES NO ESPECIFICADAS DEL CUERPO
T95;SECUELAS DE QUEMADURAS, CORROSIONES Y CONGELAMIENTOS
T950;SECUELAS DE QUEMADURA, CORROSION Y CONGELAMIENTO DE LA CABEZA Y DEL CUELLO
T951;SECUELAS DE QUEMADURA, CORROSION Y CONGELAMIENTO DEL TRONCO
T952;SECUELAS DE QUEMADURA, CORROSION Y CONGELAMIENTO DE MIEMBRO SUPERIOR
T953;SECUELAS DE QUEMADURA, CORROSION Y CONGELAMIENTO DE MIEMBRO INFERIOR
T954;SECUELAS DE QUEMADURA Y CORROSION CLASIFICABLES SOLO DE ACUERDO CON LA EXTENSION DE LA SUPERFICIE DEL CUERPO AFECTADA
T958;SECUELAS DE OTRAS QUEMADURAS, CORROSIONES Y CONGELAMIENTOS ESPECIFICADOS
T959;SECUELAS DE QUEMADURA, CORROSION Y CONGELAMIENTO NO ESPECIFICADOS
T96X;SECUELAS DE ENVENENAMIENTOS POR DROGAS, MEDICAMENTOS Y SUSTANCIAS BIOLOGICAS
T97X;SECUELAS DE EFECTOS TOXICOS DE SUSTANCIAS DE PROCEDENCIA PRINCIPALMENTE NO MEDICINAL
T98;SECUELAS DE OTROS EFECTOS Y LOS NO ESPECIFICADOS DE CAUSAS EXTERNAS
T980;SECUELAS DE EFECTOS DE CUERPOS EXTRAÑOS QUE PENETRAN EN ORIFICIOS NATURALES
T981;SECUELAS DE OTROS EFECTOS Y LOS NO ESPECIFICADOS DE CAUSAS EXTERNAS
T982;SECUELAS DE CIERTAS COMPLICACIONES PRECOCES DE LOS TRAUMATISMOS
T983;SECUELAS DE COMPLICACIONES DE LA ATENCION MEDICA Y QUIRURGICA, NO CLASIFICADAS EN OTRAS PARTE
U071;COVID-19, virus identificado.
U072;COVID-19, virus no identificado
Z027;EXTENSION DE CERTIFICADO MEDICO
Z370;NACIDO VIVO, UNICO
Z371;NACIDO MUERTO, UNICO
Z372;GEMELOS, AMBOS NACIDOS VIVOS
Z373;GEMELOS, UN NACIDO VIVO Y UN NACIDO MUERTO
Z374;GEMELOS, AMBOS NACIDOS MUERTOS
Z375;OTROS NACIMIENTOS MULTIPLES, TODOS NACIDOS VIVOS
Z377;OTROS NACIMIENTOS MULTIPLES, TODOS NACIDOS MUERTOS
Z000;EXAMEN MÉDICO GENERAL
Z258;NECESIDAD DE INMUNIZACIÓN CONTRA OTRAS ENFERMEDADES VIRALES ÚNICAS ESPECIFICADAS
Z206;CONTACTO CON Y EXPOSICIÓN AL VIRUS DE LA INMUNODEFICIENCIA HUMANA (VIH)
Z113; EXAMEN DE PESQUISA ESPECIAL PARA INFECCIONES DE TRANSMISIÓN PREDOMINANTEMENTE SEXUAL
Z359;SUPERVISIÓN DE EMBARAZO DE ALTO RIESGO, SIN OTRA ESPECIFICACIÓN
Z358;SUPERVISIÓN DE OTROS EMBARAZOS DE ALTO RIESGO
Z390;ATENCION Y EXAMEN INMEDIATAMENTE DESPUES DEL PARTO
