CIE;DESCRIPCION
V01;PEATON LESIONADO POR COLISION CON VEHICULO DE PEDAL
V010;PEATON LESIONADO POR COLISION CON VEHICULO DE PEDAL, ACCIDENTE NO DE TRANSITO
V011;PEATON LESIONADO POR COLISION CON VEHICULO DE PEDAL, ACCIDENTE DE TRANSITO
V019;PEATON LESIONADO POR COLISION CON VEHICULO DE PEDAL, ACCIDENTE NO ESPECIFICADO COMO DE TRANSITO O NO DE TRANSITO
V02;PEATON LESIONADO POR COLISION CON VEHICULO DE MOTOR DE DOS O TRES RUEDAS
V020;PEATON LESIONADO POR COLISION CON VEHICULO DE MOTOR DE DOS O TRES RUEDAS, ACCIDENTE NO DE TRANSITO
V021;PEATON LESIONADO POR COLISION CON VEHICULO DE MOTOR DE DOS O TRES RUEDAS, ACCIDENTE DE TRANSITO
V029;PEATON LESIONADO POR COLISION CON VEHICULO DE MOTOR DE DOS O TRES RUEDAS, ACCIDENTE NO ESPECIFICADO COMO DE TRANSITO O NO DE TRANSITO
V03;PEATON LESIONADO POR COLISION CON AUTOMOVIL, CAMIONETA O FURGONETA
V030;PEATON LESIONADO POR COLISION CON AUTOMOVIL, CAMIONETA O FURGONETA, ACCIDENTE NO DE TRANSITO
V031;PEATON LESIONADO POR COLISION CON AUTOMOVIL, CAMIONETA O FURGONETA, ACCIDENTE DE TRANSITO
V039;PEATON LESIONADO POR COLISION CON AUTOMOVIL, CAMIONETA O FURGONETA, ACCIDENTE NO ESPECIFICADO COMO DE TRANSITO O NO DE TRANSITO
V04;PEATON LESIONADO POR COLISION CON VEHICULO DE TRANSPORTE PESADO O AUTOBUS
V040;PEATON LESIONADO POR COLISION CON VEHICULO DE TRANSPORTE PESADO O AUTOBUS, ACCIDENTE NO DE TRANSITO
V041;PEATON LESIONADO POR COLISION CON VEHICULO DE TRANSPORTE PESADO O AUTOBUS, ACCIDENTE DE TRANSITO
V049;PEATON LESIONADO POR COLISION CON VEHICULO DE TRANSPORTE PESADO O AUTOBUS, ACCIDENTE NO ESPECIFICADO COMO DE TRANSITO O NO DE TRANSITO
V05;PEATON LESIONADO POR COLISION CON TREN O VEHICULO DE RIELES
V050;PEATON LESIONADO POR COLISION CON TREN O VEHICULO DE RIELES, ACCIDENTE NO DE TRANSITO
V051;PEATON LESIONADO POR COLISION CON TREN O VEHICULO DE RIELES, ACCIDENTE DE TRANSITO
V059;PEATON LESIONADO POR COLISION CON TREN O VEHICULO DE RIELES, ACCIDENTE NO ESPECIFICADO COMO DE TRANSITO O NO DE TRANSITO
V06;PEATON LESIONADO POR COLISION CON OTROS VEHICULOS SIN MOTOR
V060;PEATON LESIONADO POR COLISION CON OTROS VEHICULOS SIN MOTOR, ACCIDENTE NO DE TRANSITO
V061;PEATON LESIONADO POR COLISION CON OTROS VEHICULOS SIN MOTOR, ACCIDENTE DE TRANSITO
V069;PEATON LESIONADO POR COLISION CON OTROS VEHICULOS SIN MOTOR, ACCIDENTE NO ESPECIFICADO COMO DE TRANSITO O NO DE TRANSITO
V09;PEATON LESIONADO EN OTROS ACCIDENTES DE TRANSPORTE, Y EN LOS NO ESPECIFICADOS
V090;PEATON LESIONADO EN ACCIDENTE NO DE TRANSITO QUE INVOLUCRA OTROS VEHICULOS DE MOTOR, Y LOS NO ESPECIFICADOS
V091;PEATON LESIONADO EN ACCIDENTE NO DE TRANSITO NO ESPECIFICADO
V092;PEATON LESIONADO EN ACCIDENTE DE TRANSITO QUE INVOLUCRA OTROS VEHICULOS DE MOTOR, Y LOS NO ESPECIFICADOS
V093;PEATON LESIONADO EN ACCIDENTE DE TRANSITO NO ESPECIFICADO
V099;PEATON LESIONADO EN ACCIDENTE DE TRANSPORTE NO ESPECIFICADO
V10;CICLISTA LESIONADO POR COLISION CON PEATON O ANIMAL
V100;CICLISTA LESIONADO POR COLISION CON PEATON O ANIMAL, CONDUCTOR LESIONADO EN ACCIDENTE NO DE TRANSITO
V101;CICLISTA LESIONADO POR COLISION CON PEATON O ANIMAL, PASAJERO LESIONADO EN ACCIDENTE NO DE TRANSITO
V102;CICLISTA LESIONADO POR COLISION CON PEATON O ANIMAL, CICLISTA NO ESPECIFICADO, LESIONADO EN ACCIDENTE NO DE TRANSITO
V103;CICLISTA LESIONADO POR COLISION CON PEATON O ANIMAL, PERSONA LESIONADA AL SUBIR O BAJAR DEL VEHICULO
V104;CICLISTA LESIONADO POR COLISION CON PEATON O ANIMAL, CONDUCTOR LESIONADO EN ACCIDENTE DE TRANSITO
V105;CICLISTA LESIONADO POR COLISION CON PEATON O ANIMAL, PASAJERO LESIONADO EN ACCIDENTE DE TRANSITO
V109;CICLISTA LESIONADO POR COLISION CON PEATON O ANIMAL, CICLISTA NO ESPECIFICADO, LESIONADO EN ACCIDENTE DE TRANSITO
V11;CICLISTA LESIONADO POR COLISION CON OTRO CICLISTA
V110;CICLISTA LESIONADO POR COLISION CON OTRO CICLISTA, CONDUCTOR LESIONADO EN ACCIDENTE NO DE TRANSITO
V111;CICLISTA LESIONADO POR COLISION CON OTRO CICLISTA, PASAJERO LESIONADO EN ACCIDENTE NO DE TRANSITO
V112;CICLISTA LESIONADO POR COLISION CON OTRO CICLISTA, CICLISTA NO ESPECIFICADO, LESIONADO EN ACCIDENTE NO DE TRANSITO
V113;CICLISTA LESIONADO POR COLISION CON OTRO CICLISTA, PERSONA LESIONADA AL SUBIR O BAJAR DEL VEHICULO
V114;CICLISTA LESIONADO POR COLISION CON OTRO CICLISTA, CONDUCTOR LESIONADO EN ACCIDENTE DE TRANSITO
V115;CICLISTA LESIONADO POR COLISION CON OTRO CICLISTA, PASAJERO LESIONADO EN ACCIDENTE DE TRANSITO
V119;CICLISTA LESIONADO POR COLISION CON OTRO CICLISTA, CICLISTA NO ESPECIFICADO, LESIONADO EN ACCIDENTE DE TRANSITO
V12;CICLISTA LESIONADO POR COLISION CON VEHICULO DE MOTOR DE DOS O TRES RUEDAS.
V120;CICLISTA LESIONADO POR COLISION CON VEHICULO DE MOTOR DE DOS O TRES RUEDAS, CONDUCTOR LESIONADO EN ACCIDENTE NO DE TRANSITO
V121;CICLISTA LESIONADO POR COLISION CON VEHICULO DE MOTOR DE DOS O TRES RUEDAS, PASAJERO LESIONADO EN ACCIDENTES NO DE TRANSITO
V122;CICLISTA LESIONADO POR COLISION CON VEHICULO DE MOTOR DE DOS O TRES RUEDAS, CICLISTA NO ESPECIFICADO, LESIONADO EN ACCIDENTE NO DE TRANSITO
V123;CICLISTA LESIONADO POR COLISION CON VEHICULO DE MOTOR DE DOS O TRES RUEDAS, PERSONA LESIONADA AL SUBIR O BAJAR DEL VEHICULO
V124;CICLISTA LESIONADO POR COLISION CON VEHICULO DE MOTOR DE DOS O TRES RUEDAS, CONDUCTOR LESIONADO EN ACCIDENTE DE TRANSITO
V125;CICLISTA LESIONADO POR COLISION CON VEHICULO DE MOTOR DE DOS O TRES RUEDAS, PASAJERO LESIONADO EN ACCIDENTE DE TRANSITO
V129;CICLISTA LESIONADO POR COLISION CON VEHICULO DE MOTOR DE DOS O TRES RUEDAS, CICLISTA NO ESPECIFICADO, LESIONADO EN ACCIDENTE DE TRANSITO
V13;CICLISTA LESIONADO POR COLISION CON AUTOMOVIL, CAMIONETA O FURGONETA
V130;CICLISTA LESIONADO POR COLISION CON AUTOMOVIL, CAMIONETA O FURGONETA, CONDUCTOR LESIONADO EN ACCIDENTE NO DE TRANSITO
V131;CICLISTA LESIONADO POR COLISION CON AUTOMOVIL, CAMIONETA O FURGONETA, PASAJERO LESIONADO EN ACCIDENTE NO DE TRANSITO
V132;CICLISTA LESIONADO POR COLISION CON AUTOMOVIL, CAMIONETA O FURGONETA, CICLISTA NO ESPECIFICADO LESIONADO EN ACCIDENTE NO DE TRANSITO
V133;CICLISTA LESIONADO POR COLISION CON AUTOMOVIL, CAMIONETA O FURGONETA, PERSONA LESIONADA AL SUBIR O BAJAR DEL VEHICULO
V134;CICLISTA LESIONADO POR COLISION CON AUTOMOVIL, CAMIONETA O FURGONETA, CONDUCTOR LESIONADO EN ACCIDENTE DE TRANSITO
V135;CICLISTA LESIONADO POR COLISION CON AUTOMOVIL, CAMIONETA O FURGONETA, PASAJERO LESIONADO EN ACCIDENTE DE TRANSITO
V139;CICLISTA LESIONADO POR COLISION CON AUTOMOVIL, CAMIONETA O FURGONETA, CICLISTA NO ESPECIFICADO, LESIONADO EN ACCIDENTE DE TRANSITO
V14;CICLISTA LESIONADO POR COLISION CON VEHICULO DE TRANSPORTE PESADO O AUTOBUS
V140;CICLISTA LESIONADO POR COLISION CON VEHICULO DE TRANSPORTE PESADO O AUTOBUS, CONDUCTOR LESIONADO EN ACCIDENTE NO DE TRANSITO
V141;CICLISTA LESIONADO POR COLISION CON VEHICULO DE TRANSPORTE PESADO O AUTOBUS, PASAJERO LESIONADO EN ACCIDENTE NO DE TRANSITO
V142;CICLISTA LESIONADO POR COLISION CON VEHICULO DE TRANSPORTE PESADO O AUTOBUS, CICLISTA NO ESPECIFICADO, LESIONADO EN ACCIDENTE NO DE TRANSITO
V143;CICLISTA LESIONADO POR COLISION CON VEHICULO DE TRANSPORTE PESADO O AUTOBUS, PERSONA LESIONADA AL SUBIR O BAJAR DEL VEHICULO
V144;CICLISTA LESIONADO POR COLISION CON VEHICULO DE TRANSPORTE PESADO O AUTOBUS, CONDUCTOR LESIONADO EN ACCIDENTE DE TRANSITO
V145;CICLISTA LESIONADO POR COLISION CON VEHICULO DE TRANSPORTE PESADO O AUTOBUS, PASAJERO LESIONADO EN ACCIDENTE DE TRANSITO
V149;CICLISTA LESIONADO POR COLISION CON VEHICULO DE TRANSPORTE PESADO O AUTOBUS, CICLISTA NO ESPECIFICADO, LESIONADO EN ACCIDENTE DE TRANSITO
V15;CICLISTA LESIONADO POR COLISION CON TREN O VEHICULO DE RIELES
V150;CICLISTA LESIONADO POR COLISION CON TREN O VEHICULO DE RIELES, CONDUCTOR LESIONADO EN ACCIDENTE NO DE TRANSITO
V151;CICLISTA LESIONADO POR COLISION CON TREN O VEHICULO DE RIELES, PASAJERO LESIONADO EN ACCIDENTE NO DE TRANSITO
V152;CICLISTA LESIONADO POR COLISION CON TREN O VEHICULO DE RIELES, CICLISTA NO ESPECIFICADO, LESIONADO EN ACCIDENTE NO DE TRANSITO
V153;CICLISTA LESIONADO POR COLISION CON TREN O VEHICULO DE RIELES, PERSONA LESIONADA AL SUBIR O BAJAR DEL VEHICULO
V154;CICLISTA LESIONADO POR COLISION CON TREN O VEHICULO DE RIELES, CONDUCTOR LESIONADO EN ACCIDENTE DE TRANSITO
V155;CICLISTA LESIONADO POR COLISION CON TREN O VEHICULO DE RIELES, PASAJERO LESIONADO EN ACCIDENTE DE TRANSITO
V159;CICLISTA LESIONADO POR COLISION CON TREN O VEHICULO DE RIELES, CICLISTA NO ESPECIFICADO, LESIONADO EN ACCIDENTE DE TRANSITO
V16;CICLISTA LESIONADO POR COLISION CON OTROS VEHICULOS SIN MOTOR
V160;CICLISTA LESIONADO POR COLISION CON OTROS VEHICULOS SIN MOTOR, CONDUCTOR LESIONADO EN ACCIDENTE NO DE TRANSITO
V161;CICLISTA LESIONADO POR COLISION CON OTROS VEHICULOS SIN MOTOR, PASAJERO LESIONADO EN ACCIDENTE NO DE TRANSITO
V162;CICLISTA LESIONADO POR COLISION CON OTROS VEHICULOS SIN MOTOR, CICLISTA NO ESPECIFICADO, LESIONADO EN ACCIDENTE NO DE TRANSITO
V163;CICLISTA LESIONADO POR COLISION CON OTROS VEHICULOS SIN MOTOR, PERSONA LESIONADA AL SUBIR O BAJAR DEL VEHICULO
V164;CICLISTA LESIONADO POR COLISION CON OTROS VEHICULOS SIN MOTOR, CONDUCTOR LESIONADO EN ACCIDENTE DE TRANSITO
V165;CICLISTA LESIONADO POR COLISION CON OTROS VEHICULOS SIN MOTOR, PASAJERO LESIONADO EN ACCIDENTE DE TRANSITO
V169;CICLISTA LESIONADO POR COLISION CON OTROS VEHICULOS SIN MOTOR, CICLISTA NO ESPECIFICADO, LESIONADO EN ACCIDENTE DE TRANSITO
V17;CICLISTA LESIONADO POR COLISION CON OBJETO ESTACIONADO O FIJO
V170;CICLISTA LESIONADO POR COLISION CON OBJETO ESTACIONADO O FIJO, CONDUCTOR LESIONADO EN ACCIDENTE NO DE TRANSITO
V171;CICLISTA LESIONADO POR COLISION CON OBJETO ESTACIONADO O FIJO, PASAJERO LESIONADO EN ACCIDENTE NO DE TRANSITO
V172;CICLISTA LESIONADO POR COLISION CON OBJETO ESTACIONADO O FIJO, CICLISTA NO ESPECIFICADO, LESIONADO EN ACCIDENTE NO DE TRANSITO
V173;CICLISTA LESIONADO POR COLISION CON OBJETO ESTACIONADO O FIJO, PERSONA LESIONADA AL SUBIR O BAJAR DEL VEHICULO
V174;CICLISTA LESIONADO POR COLISION CON OBJETO ESTACIONADO O FIJO, CONDUCTOR LESIONADO EN ACCIDENTE DE TRANSITO
V175;CICLISTA LESIONADO POR COLISION CON OBJETO ESTACIONADO O FIJO, PASAJERO LESIONADO EN ACCIDENTE DE TRANSITO
V179;CICLISTA LESIONADO POR COLISION CON OBJETO ESTACIONADO O FIJO, CICLISTA NO ESPECIFICADO, LESIONADO EN ACCIDENTE DE TRANSITO
V18;CICLISTA LESIONADO EN ACCIDENTE DE TRANSPORTE SIN COLISION
V180;CICLISTA LESIONADO EN ACCIDENTE DE TRANSPORTE SIN COLISION, CONDUCTOR LESIONADO EN ACCIDENTE NO DE TRANSITO
V181;CICLISTA LESIONADO EN ACCIDENTE DE TRANSPORTE SIN COLISION, PASAJERO LESIONADO EN ACCIDENTE NO DE TRANSITO
V182;CICLISTA LESIONADO EN ACCIDENTE DE TRANSPORTE SIN COLISION, CICLISTA NO ESPECIFICADO, LESIONADO EN ACCIDENTE NO DE TRANSITO
V183;CICLISTA LESIONADO EN ACCIDENTE DE TRANSPORTE SIN COLISION, PERSONA LESIONADA AL SUBIR O BAJAR DEL VEHICULO
V184;CICLISTA LESIONADO EN ACCIDENTE DE TRANSPORTE SIN COLISION, CONDUCTOR LESIONADO EN ACCIDENTE DE TRANSITO
V185;CICLISTA LESIONADO EN ACCIDENTE DE TRANSPORTE SIN COLISION, PASAJERO LESIONADO EN ACCIDENTE DE TRANSITO
V189;CICLISTA LESIONADO EN ACCIDENTE DE TRANSPORTE SIN COLISION, CICLISTA NO ESPECIFICADO, LESIONADO EN ACCIDENTE DE TRANSITO
V19;CICLISTA LESIONADO EN OTROS ACCIDENTES DE TRANSPORTE, Y EN LOS NO ESPECIFICADOS.
V190;CONDUCTOR DE VEHICULO DE PEDAL LESIONADO POR COLISION CON OTROS VEHICULOS DE MOTOR, Y CON LOS NO ESPECIFICADOS, EN ACCIDENTE NO DE TRANSITO
V191;PASAJERO DE VEHICULO DE PEDAL LESIONADO POR COLISION CON OTROS VEHICULOS DE MOTOR, Y CON LOS NO ESPECIFICADOS, EN ACCIDENTE NO DE TRANSITO
V192;CICLISTA NO ESPECIFICADO LESIONADO POR COLISION CON OTROS VEHICULOS DE MOTOR, Y CON LOS NO ESPECIFICADOS, EN ACCIDENTE NO DE TRANSITO
V193;CICLISTA (CUALQUIERA) LESIONADO EN ACCIDENTE NO DE TRANSITO, NO ESPECIFICADO
V194;CONDUCTOR DE VEHICULO DE PEDAL LESIONADO POR COLISION CON OTROS VEHICULOS DE MOTOR, Y CON LOS NO ESPECIFICADOS, EN ACCIDENTE DE TRANSITO
V195;PASAJERO DE VEHICULO DE PEDAL LESIONADO POR COLISION CON OTROS VEHICULOS DE MOTOR, Y CON LOS NO ESPECIFICADOS, EN ACCIDENTE DE TRANSITO
V196;CICLISTA NO ESPECIFICADO LESIONADO POR COLISION CON OTROS VEHICULOS DE MOTOR, Y CON LOS NO ESPECIFICADO, EN ACCIDENTE DE TRANSITO
V198;CICLISTA [CUALQUIERA] LESIONADO EN OTROS ACCIDENTES DE TRANSPORTE ESPECIFICADOS
V199;CICLISTA [CUALQUIERA] LESIONADO EN ACCIDENTE DE TRANSITO NO ESPECIFICADO
V20;MOTOCICLISTA LESIONADO POR COLISION CON PEATON O ANIMAL
V200;MOTOCICLISTA LESIONADO POR COLISION CON PEATON O ANIMAL, CONDUCTOR LESIONADO EN ACCIDENTE NO DE TRANSITO
V201;MOTOCICLISTA LESIONADO POR COLISION CON PEATON O ANIMAL, PASAJERO LESIONADO EN ACCIDENTE NO DE TRANSITO
V202;MOTOCICLISTA LESIONADO POR COLISION CON PEATON O ANIMAL, MOTOCICLISTA NO ESPECIFICADO, LESIONADO EN ACCIDENTE NO DE TRANSITO
V203;MOTOCICLISTA LESIONADO POR COLISION CON PEATON O ANIMAL, PERSONA LESIONADA AL SUBIR O BAJAR DEL VEHICULO
V204;MOTOCICLISTA LESIONADO POR COLISION CON PEATON O ANIMAL, CONDUCTOR LESIONADO EN ACCIDENTE DE TRANSITO
V205;MOTOCICLISTA LESIONADO POR COLISION CON PEATON O ANIMAL, PASAJERO LESIONADO EN ACCIDENTE DE TRANSITO
V209;MOTOCICLISTA LESIONADO POR COLISION CON PEATON O ANIMAL, MOTOCICLISTA NO ESPECIFICADO, LESIONADO EN ACCIDENTE DE TRANSITO
V21;MOTOCICLISTA LESIONADO POR COLISION CON VEHICULO DE PEDAL
V210;MOTOCICLISTA LESIONADO POR COLISION CON VEHICULO DE PEDAL, CONDUCTOR LESIONADO EN ACCIDENTE NO DE TRANSITO
V211;MOTOCICLISTA LESIONADO POR COLISION CON VEHICULO DE PEDAL, PASAJERO LESIONADO EN ACCIDENTE NO DE TRANSITO
V212;MOTOCICLISTA LESIONADO POR COLISION CON VEHICULO DE PEDAL, MOTOCICLISTA NO ESPECIFICADO, LESIONADO EN ACCIDENTE NO DE TRANSITO
V213;MOTOCICLISTA LESIONADO POR COLISION CON VEHICULO DE PEDAL, PERSONA LESIONADA AL SUBIR O BAJAR DEL VEHICULO
V214;MOTOCICLISTA LESIONADO POR COLISION CON VEHICULO DE PEDAL, CONDUCTOR LESIONADO EN ACCIDENTE DE TRANSITO
V215;MOTOCICLISTA LESIONADO POR COLISION CON VEHICULO DE PEDAL, PASAJERO LESIONADO EN ACCIDENTE DE TRANSITO
V219;MOTOCICLISTA LESIONADO POR COLISION CON VEHICULO DE PEDAL, MOTOCICLISTA NO ESPECIFICADO, LESIONADO EN ACCIDENTE DE TRANSITO
V22;MOTOCICLISTA LESIONADO POR COLISION CON VEHICULO DE MOTOR DE DOS O TRES RUEDAS
V220;MOTOCICLISTA LESIONADO POR COLISION CON VEHICULO DE MOTOR DE DOS O TRES RUEDAS, CONDUCTOR LESIONADO EN ACCIDENTE NO DE TRANSITO
V221;MOTOCICLISTA LESIONADO POR COLISION CON VEHICULO DE MOTOR DE DOS O TRES RUEDAS, PASAJERO LESIONADO EN ACCIDENTE NO DE TRANSITO
V222;MOTOCICLISTA LESIONADO POR COLISION CON VEHICULO DE MOTOR DE DOS O TRES RUEDAS, MOTOCICLISTA NO ESPECIFICADO, LESIONADO EN ACCIDENTE NO DE TRANSITO
V223;MOTOCICLISTA LESIONADO POR COLISION CON VEHICULO DE MOTOR DE DOS O TRES RUEDAS, PERSONA LESIONADA AL SUBIR O BAJAR DEL VEHICULO
V224;MOTOCICLISTA LESIONADO POR COLISION CON VEHICULO DE MOTOR DE DOS O TRES RUEDAS, CONDUCTOR LESIONADO EN ACCIDENTE DE TRANSITO
V225;MOTOCICLISTA LESIONADO POR COLISION CON VEHICULO DE MOTOR DE DOS O TRES RUEDAS, PASAJERO LESIONADO EN ACCIDENTE DE TRANSITO
V229;MOTOCICLISTA LESIONADO POR COLISION CON VEHICULO DE MOTOR DE DOS O TRES RUEDAS, MOTOCICLISTA NO ESPECIFICADO, LESIONADO EN ACCIDENTE DE TRANSITO
V23;MOTOCICLISTA LESIONADO POR COLISION CON AUTOMOVIL, CAMIONETA O FURGONETA
V230;MOTOCICLISTA LESIONADO POR COLISION CON AUTOMOVIL, CAMIONETA O FURGONETA, CONDUCTOR LESIONADO EN ACCIDENTE NO DE TRANSITO
V231;MOTOCICLISTA LESIONADO POR COLISION CON AUTOMOVIL, CAMIONETA O FURGONETA, PASAJERO LESIONADO EN ACCIDENTE NO DE TRANSITO
V232;MOTOCICLISTA LESIONADO POR COLISION CON AUTOMOVIL, CAMIONETA O FURGONETA, MOTOCICLISTA NO ESPECIFICADO LESIONADO EN ACCIDENTE NO DE TRANSITO
V233;MOTOCICLISTA LESIONADO POR COLISION CON AUTOMOVIL, CAMIONETA O FURGONETA, PERSONA LESIONADA AL SUBIR O BAJAR DEL VEHICULO
V234;MOTOCICLISTA LESIONADO POR COLISION CON AUTOMOVIL, CAMIONETA O FURGONETA, CONDUCTOR LESIONADO EN ACCIDENTE DE TRANSITO
V235;MOTOCICLISTA LESIONADO POR COLISION CON AUTOMOVIL, CAMIONETA O FURGONETA, PASAJERO LESIONADO EN ACCIDENTE DE TRANSITO
V239;MOTOCICLISTA LESIONADO POR COLISION CON AUTOMOVIL, CAMIONETA O FURGONETA, MOTOCICLISTA NO ESPECIFICADO, LESION EN ACCIDENTE DE TRANSITO
V24;MOTOCICLISTA LESIONADO POR COLISION CON VEHICULO DE TRANSPORTE PESADO O AUTOBUS
V240;MOTOCICLISTA LESIONADO POR COLISION CON VEHICULO DE TRANSPORTE PESADO O AUTOBUS, CONDUCTOR LESIONADO EN ACCIDENTE NO DE TRANSITO
V241;MOTOCICLISTA LESIONADO POR COLISION CON VEHICULO DE TRANSPORTE PESADO O AUTOBUS, PASAJERO LESIONADO EN ACCIDENTE NO DE TRANSITO
V242;MOTOCICLISTA LESIONADO POR COLISION CON VEHICULO DE TRANSPORTE PESADO O AUTOBUS, MOTOCICLISTA NO ESPECIFICADO, LESIONADO EN ACCIDENTE NO DE TRANSITO
V243;MOTOCICLISTA LESIONADO POR COLISION CON VEHICULO DE TRANSPORTE PESADO O AUTOBUS, PERSONA LESIONADA AL SUBIR O BAJAR DEL VEHICULO
V244;MOTOCICLISTA LESIONADO POR COLISION CON VEHICULO DE TRANSPORTE PESADO O AUTOBUS, CONDUCTOR LESIONADO EN ACCIDENTE DE TRANSITO
V245;MOTOCICLISTA LESIONADO POR COLISION CON VEHICULO DE TRANSPORTE PESADO O AUTOBUS, PASAJERO LESIONADO EN ACCIDENTE DE TRANSITO
V249;MOTOCICLISTA LESIONADO POR COLISION CON VEHICULO DE TRANSPORTE PESADO O AUTOBUS, MOTOCICLISTA NO ESPECIFICADO, LESIONADO EN ACCIDENTE DE TRANSITO
V25;MOTOCICLISTA LESIONADO POR COLISION CON TREN O VEHICULO DE RIELES
V250;MOTOCICLISTA LESIONADO POR COLISION CON TREN O VEHICULO DE RIELES, CONDUCTOR LESIONADO EN ACCIDENTE NO DE TRANSITO
V251;MOTOCICLISTA LESIONADO POR COLISION CON TREN O VEHICULO DE RIELES, PASAJERO LESIONADO EN ACCIDENTE NO DE TRANSITO
V252;MOTOCICLISTA LESIONADO POR COLISION CON TREN O VEHICULO DE RIELES, MOTOCICLISTA NO ESPECIFICADO, LESIONADO EN ACCIDENTE NO DE TRANSITO
V253;MOTOCICLISTA LESIONADO POR COLISION CON TREN O VEHICULO DE RIELES, PERSONA LESIONADA AL SUBIR O BAJAR DEL VEHICULO
V254;MOTOCICLISTA LESIONADO POR COLISION CON TREN O VEHICULO DE RIELES, CONDUCTOR LESIONADO EN ACCIDENTE DE TRANSITO
V255;MOTOCICLISTA LESIONADO POR COLISION CON TREN O VEHICULO DE RIELES, PASAJERO LESIONADO EN ACCIDENTE DE TRANSITO
V259;MOTOCICLISTA LESIONADO POR COLISION CON TREN O VEHICULO DE RIELES, MOTOCICLISTA NO ESPECIFICADO, LESIONADO EN ACCIDENTE DE TRANSITO
V26;MOTOCICLISTA LESIONADO POR COLISION CON OTROS VEHICULOS SIN MOTOR
V260;MOTOCICLISTA LESIONADO POR COLISION CON OTROS VEHICULOS SIN MOTOR, CONDUCTOR LESIONADO EN ACCIDENTE NO DE TRANSITO
V261;MOTOCICLISTA LESIONADO POR COLISION CON OTROS VEHICULOS SIN MOTOR, PASAJERO LESIONADO EN ACCIDENTE NO DE TRANSITO
V262;MOTOCICLISTA LESIONADO POR COLISION CON OTROS VEHICULOS SIN MOTOR, MOTOCICLISTA NO ESPECIFICADO, LESIONADO EN ACCIDENTE NO DE TRANSITO
V263;MOTOCICLISTA LESIONADO POR COLISION CON OTROS VEHICULOS SIN MOTOR, PERSONA LESIONADA AL SUBIR O BAJAR DEL VEHICULO
V264;MOTOCICLISTA LESIONADO POR COLISION CON OTROS VEHICULOS SIN MOTOR, CONDUCTOR LESIONADO EN ACCIDENTE DE TRANSITO
V265;MOTOCICLISTA LESIONADO POR COLISION CON OTROS VEHICULOS SIN MOTOR, PASAJERO LESIONADO EN ACCIDENTE DE TRANSITO
V269;MOTOCICLISTA LESIONADO POR COLISION CON OTROS VEHICULOS SIN MOTOR, MOTOCICLISTA NO ESPECIFICADO, LESIONADO EN ACCIDENTE DE TRANSITO
V27;MOTOCICLISTA LESIONADO POR COLISION CON OBJETO FIJO O ESTACIONADO
V270;MOTOCICLISTA LESIONADO POR COLISION CON OBJETO FIJO O ESTACIONADO, CONDUCTOR LESIONADO EN ACCIDENTE NO DE TRANSITO
V271;MOTOCICLISTA LESIONADO POR COLISION CON OBJETO FIJO O ESTACIONADO, PASAJERO LESIONADO EN ACCIDENTE NO DE TRANSITO
V272;MOTOCICLISTA LESIONADO POR COLISION CON OBJETO FIJO O ESTACIONADO, MOTOCICLISTA NO ESPECIFICADO, LESIONADO EN ACCIDENTE NO DE TRANSITO
V273;MOTOCICLISTA LESIONADO POR COLISION CON OBJETO FIJO O ESTACIONADO, PERSONA LESIONADA AL SUBIR O BAJAR DEL VEHICULO
V274;MOTOCICLISTA LESIONADO POR COLISION CON OBJETO FIJO O ESTACIONADO, CONDUCTOR LESIONADO EN ACCIDENTE DE TRANSITO
V275;MOTOCICLISTA LESIONADO POR COLISION CON OBJETO FIJO O ESTACIONADO, PASAJERO LESIONADO EN ACCIDENTE DE TRANSITO
V279;MOTOCICLISTA LESIONADO POR COLISION CON OBJETO FIJO O ESTACIONADO, MOTOCICLISTA NO ESPECIFICADO, LESIONADO EN ACCIDENTE DE TRANSITO
V28;MOTOCICLISTA LESIONADO EN ACCIDENTE DE TRANSPORTE SIN COLISION
V280;MOTOCICLISTA LESIONADO EN ACCIDENTE DE TRANSPORTE SIN COLISION, CONDUCTOR LESIONADO EN ACCIDENTE NO DE TRANSITO
V281;MOTOCICLISTA LESIONADO EN ACCIDENTE DE TRANSPORTE SIN COLISION, PASAJERO LESIONADO EN ACCIDENTE NO DE TRANSITO
V282;MOTOCICLISTA LESIONADO EN ACCIDENTE DE TRANSPORTE SIN COLISION, MOTOCICLISTA NO ESPECIFICADO, LESIONADO EN ACCIDENTE NO DE TRANSITO
V283;MOTOCICLISTA LESIONADO EN ACCIDENTE DE TRANSPORTE SIN COLISION, PERSONA LESIONADA AL SUBIR O BAJAR DEL VEHICULO
V284;MOTOCICLISTA LESIONADO EN ACCIDENTE DE TRANSPORTE SIN COLISION, CONDUCTOR LESIONADO EN ACCIDENTE DE TRANSITO
V285;MOTOCICLISTA LESIONADO EN ACCIDENTE DE TRANSPORTE SIN COLISION, PASAJERO LESIONADO EN ACCIDENTE DE TRANSITO
V289;MOTOCICLISTA LESIONADO EN ACCIDENTE DE TRANSPORTE SIN COLISION, MOTOCICLISTA NO ESPECIFICADO, LESIONADO EN ACCIDENTE DE TRANSITO
V29;MOTOCICLISTA LESIONADO EN OTROS ACCIDENTES DE TRANSPORTE, Y EN LOS NO ESPECIFICADOS
V290;CONDUCTOR DE MOTOCICLETA LESIONADO POR COLISION CON OTROS VEHICULOS DE MOTOR, Y CON LOS NO ESPECIFICADOS EN ACCIDENTE NO DE TRANSITO
V291;PASAJERO DE MOTOCICLETA LESIONADO POR COLISION CON OTROS VEHICULOS DE MOTOR, Y CON LOS NO ESPECIFICADOS EN ACCIDENTE NO DE TRANSITO
V292;MOTOCICLISTA NO ESPECIFICADO LESIONADO POR COLISION CON OTROS VEHICULOS DE MOTOR, Y CON LOS NO ESPECIFICADOS, EN ACCIDENTE NO DE TRANSITO
V293;MOTOCICLISTA [CUALQUIERA] LESIONADO EN ACCIDENTE NO DE TRANSITO, NO ESPECIFICADO
V294;CONDUCTOR DE MOTOCICLETA LESIONADO POR COLISION CON OTROS VEHICULOS DE MOTOR, Y CON LOS NO ESPECIFICADOS, EN ACCIDENTE DE TRANSITO
V295;PASAJERO DE MOTOCICLETA LESIONADO POR COLISION CON OTROS VEHICULOS DE MOTOR, Y CON LOS NO ESPECIFICADOS, EN ACCIDENTE DE TRANSITO
V296;MOTOCICLISTA NO ESPECIFICADO LESIONADO POR COLISION CON OTROS VEHICULOS DE MOTOR, Y CON LOS NO ESPECIFICADOS, EN ACCIDENTE DE TRANSITO
V298;MOTOCICLISTA [CUALQUIERA] LESIONADO EN OTROS ACCIDENTES DE TRANSPORTE ESPECIFICADOS
V299;MOTOCICLISTA [CUALQUIERA] LESIONADO EN ACCIDENTE DE TRANSITO NO ESPECIFICADO
V30;OCUPANTE DE VEHICULO DE MOTOR DE TRES RUEDAS LESIONADO POR COLISION CON PEATON O ANIMAL
V300;OCUPANTE DE VEHICULO DE MOTOR DE TRES RUEDAS LESIONADO POR COLISION CON PEATON O ANIMAL, CONDUCTOR LESIONADO EN ACCIDENTE NO DE TRANSITO
V301;OCUPANTE DE VEHICULO DE MOTOR DE TRES RUEDAS LESIONADO POR COLISION CON PEATON O ANIMAL, PASAJERO LESIONADO EN ACCIDENTE NO DE TRANSITO
V302;OCUPANTE DE VEHICULO DE MOTOR DE TRES RUEDAS LESIONADO POR COLISION CON PEATON O ANIMAL, PERSONA QUE VIAJA FUERA DEL VEHICULO, LESIONADA EN ACCIDENTE NO DE TRANSITO
V303;OCUPANTE DE VEHICULO DE MOTOR DE TRES RUEDAS LESIONADO POR COLISION CON PEATON O ANIMAL, OCUPANTE NO ESPECIFICADO DE VEHICULO DE MOTOR DE TRES RUEDAS LESIONADO EN ACCIDENTE NO DE TRANSITO
V304;OCUPANTE DE VEHICULO DE MOTOR DE TRES RUEDAS LESIONADO POR COLISION CON PEATON O ANIMAL, PERSONA LESIONADA AL SUBIR O BAJAR DEL VEHICULO
V305;OCUPANTE DE VEHICULO DE MOTOR DE TRES RUEDAS LESIONADO POR COLISION CON PEATON O ANIMAL, CONDUCTOR LESIONADO EN ACCIDENTE DE TRANSITO
V306;OCUPANTE DE VEHICULO DE MOTOR DE TRES RUEDAS LESIONADO POR COLISION CON PEATON O ANIMAL, PASAJERO LESIONADO EN ACCIDENTE DE TRANSITO
V307;OCUPANTE DE VEHICULO DE MOTOR DE TRES RUEDAS LESIONADO POR COLISION CON PEATON O ANIMAL, PERSONA QUE VIAJA FUERA DEL VEHICULO, LESIONADA EN ACCIDENTE DE TRANSITO
V309;OCUPANTE DE VEHICULO DE MOTOR DE TRES RUEDAS LESIONADO POR COLISION CON PEATON O ANIMAL, OCUPANTE NO ESPECIFICADO DE VEHICULO DE MOTOR DE TRES RUEDAS, LESIONADO EN ACCIDENTE DE TRANSITO
V31;OCUPANTE DE VEHICULO DE MOTOR DE TRES RUEDAS LESIONADO POR COLISION CON VEHICULO DE PEDAL
V310;OCUPANTE DE VEHICULO DE MOTOR DE TRES RUEDAS LESIONADO POR COLISION CON VEHICULO DE PEDAL, CONDUCTOR LESIONADO EN ACCIDENTE NO DE TRANSITO
V311;OCUPANTE DE VEHICULO DE MOTOR DE TRES RUEDAS LESIONADO POR COLISION CON VEHICULO DE PEDAL, PASAJERO LESIONADO EN ACCIDENTE NO DE TRANSITO
V312;OCUPANTE DE VEHICULO DE MOTOR DE TRES RUEDAS LESIONADO POR COLISION CON VEHICULO DE PEDAL, PERSONA QUE VIAJA FUERA DEL VEHICULO, LESIONADA EN ACCIDENTE NO DE TRANSITO
V313;OCUPANTE DE VEHICULO DE MOTOR DE TRES RUEDAS LESIONADO POR COLISION CON VEHICULO DE PEDAL, OCUPANTE NO ESPECIFICADO DE VEHICULO DE MOTOR DE TRES RUEDAS, LESIONADO EN ACCIDENTE NO DE TRANSITO
V314;OCUPANTE DE VEHICULO DE MOTOR DE TRES RUEDAS LESIONADO POR COLISION CON VEHICULO DE PEDAL, PERSONA LESIONADA AL SUBIR O BAJAR DEL VEHICULO
V315;OCUPANTE DE VEHICULO DE MOTOR DE TRES RUEDAS LESIONADO POR COLISION CON VEHICULO DE PEDAL, CONDUCTOR LESIONADO EN ACCIDENTE DE TRANSITO
V316;OCUPANTE DE VEHICULO DE MOTOR DE TRES RUEDAS LESIONADO POR COLISION CON VEHICULO DE PEDAL, PASAJERO LESIONADO EN ACCIDENTE DE TRANSITO
V317;OCUPANTE DE VEHICULO DE MOTOR DE TRES RUEDAS LESIONADO POR COLISION CON VEHICULO DE PEDAL, PERSONA QUE VIAJA FUERA DEL VEHICULO, LESIONADA EN ACCIDENTE DE TRANSITO
V319;OCUPANTE DE VEHICULO DE MOTOR DE TRES RUEDAS LESIONADO POR COLISION CON VEHICULO DE PEDAL, OCUPANTE NO ESPECIFICADO DE VEHICULO DE MOTOR DE TRES RUEDAS, LESIONADO EN ACCIDENTE DE TRANSITO
V32;OCUPANTE DE VEHICULO DE MOTOR DE TRES RUEDAS LESIONADO POR COLISION CON OTRO VEHICULO DE MOTOR DE DOS O TRES RUEDAS
V320;OCUPANTE DE VEHICULO DE MOTOR DE TRES RUEDAS LESIONADO POR COLISION CON OTRO VEHICULO DE MOTOR DE DOS O TRES RUEDAS, CONDUCTOR LESIONADO EN ACCIDENTE NO DE TRANSITO
V321;OCUPANTE DE VEHICULO DE MOTOR DE TRES RUEDAS LESIONADO POR COLISION CON OTRO VEHICULO DE MOTOR DE DOS O TRES RUEDAS, PASAJERO LESIONADO EN ACCIDENTE NO DE TRANSITO
V322;OCUPANTE DE VEHICULO DE MOTOR DE TRES RUEDAS LESIONADO POR COLISION CON OTRO VEHICULO DE MOTOR DE DOS O TRES RUEDAS, PERSONA QUE VIAJA FUERA DEL VEHICULO, LESIONADA EN ACCIDENTE NO DE TRANSITO
V323;OCUPANTE DE VEHICULO DE MOTOR DE TRES RUEDAS LESIONADO POR COLISION CON OTRO VEHICULO DE MOTOR DE DOS O TRES RUEDAS, OCUPANTE NO ESPECIFICADO DE VEHICULO DE MOTOR DE TRES RUEDAS, LESIONADO EN ACCIDENTE NO DE TRANSITO
V324;OCUPANTE DE VEHICULO DE MOTOR DE TRES RUEDAS LESIONADO POR COLISION CON OTRO VEHICULO DE MOTOR DE DOS O TRES RUEDAS, PERSONA LESIONADA AL SUBIR O BAJAR DEL VEHICULO
V325;OCUPANTE DE VEHICULO DE MOTOR DE TRES RUEDAS LESIONADO POR COLISION CON OTRO VEHICULO DE MOTOR DE DOS O TRES RUEDAS, CONDUCTOR LESIONADO EN ACCIDENTE DE TRANSITO
V326;OCUPANTE DE VEHICULO DE MOTOR DE TRES RUEDAS LESIONADO POR COLISION CON OTRO VEHICULO DE MOTOR DE DOS O TRES RUEDAS, PASAJERO LESIONADO EN ACCIDENTE DE TRANSITO
V327;OCUPANTE DE VEHICULO DE MOTOR DE TRES RUEDAS LESIONADO POR COLISION CON OTRO VEHICULO DE MOTOR DE DOS O TRES RUEDAS, PERSONA QUE VIAJA FUERA DEL VEHICULO, LESIONADA EN ACCIDENTE DE TRANSITO
V329;OCUPANTE DE VEHICULO DE MOTOR DE TRES RUEDAS LESIONADO POR COLISION CON OTRO VEHICULO DE MOTOR DE DOS O TRES RUEDAS, OCUPANTE NO ESPECIFICADO DE VEHICULO DE MOTOR DE TRES RUEDAS, LESIONADO EN ACCIDENTE DE TRANSITO
V33;OCUPANTE DE VEHICULO DE MOTOR DE TRES RUEDAS LESIONADO POR COLISION CON AUTOMOVIL, CAMIONETA O FURGONETA
V330;OCUPANTE DE VEHICULO DE MOTOR DE TRES RUEDAS LESIONADO POR COLISION CON AUTOMOVIL, CAMIONETA O FURGONETA, CONDUCTOR LESIONADO EN ACCIDENTE NO DE TRANSITO
V331;OCUPANTE DE VEHICULO DE MOTOR DE TRES RUEDAS LESIONADO POR COLISION CON AUTOMOVIL, CAMIONETA O FURGONETA, PASAJERO LESIONADO EN ACCIDENTE NO DE TRANSITO
V332;OCUPANTE DE VEHICULO DE MOTOR DE TRES RUEDAS LESIONADO POR COLISION CON AUTOMOVIL, CAMIONETA O FURGONETA, PERSONA QUE VIAJA FUERA DEL VEHICULO, LESIONADA EN ACCIDENTE NO DE TRANSITO
V333;OCUPANTE DE VEHICULO DE MOTOR DE TRES RUEDAS LESIONADO POR COLISION CON AUTOMOVIL, CAMIONETA O FURGONETA, OCUPANTE NO ESPECIFICADO DE VEHICULO DE MOTOR DE TRES RUEDAS, LESIONADO EN ACCIDENTE NO DE TRANSITO
V334;OCUPANTE DE VEHICULO DE MOTOR DE TRES RUEDAS LESIONADO POR COLISION CON AUTOMOVIL, CAMIONETA O FURGONETA, PERSONA LESIONADA AL SUBIR O BAJAR DEL VEHICULO
V335;OCUPANTE DE VEHICULO DE MOTOR DE TRES RUEDAS LESIONADO POR COLISION CON AUTOMOVIL, CAMIONETA O FURGONETA, CONDUCTOR LESIONADO EN ACCIDENTE DE TRANSITO
V336;OCUPANTE DE VEHICULO DE MOTOR DE TRES RUEDAS LESIONADO POR COLISION CON AUTOMOVIL, CAMIONETA O FURGONETA, PASAJERO LESIONADO EN ACCIDENTE DE TRANSITO
V337;OCUPANTE DE VEHICULO DE MOTOR DE TRES RUEDAS LESIONADO POR COLISION CON AUTOMOVIL, CAMIONETA O FURGONETA, PERSONA QUE VIAJA FUERA DEL VEHICULO, LESIONADA EN ACCIDENTE DE TRANSITO
V339;OCUPANTE DE VEHICULO DE MOTOR DE TRES RUEDAS LESIONADO POR COLISION CON AUTOMOVIL, CAMIONETA O FURGONETA, OCUPANTE NO ESPECIFICADO DE VEHICULO DE MOTOR DE TRES RUEDAS, LESIONADO EN ACCIDENTE DE TRANSITO
V34;OCUPANTE DE VEHICULO DE MOTOR DE TRES RUEDAS LESIONADO POR COLISION CON VEHICULO DE TRANSPORTE PESADO O AUTOBUS
V340;OCUPANTE DE VEHICULO DE MOTOR DE TRES RUEDAS LESIONADO POR COLISION CON VEHICULO DE TRANSPORTE PESADO O AUTOBUS, CONDUCTOR LESIONADO EN ACCIDENTE NO DE TRANSITO
V341;OCUPANTE DE VEHICULO DE MOTOR DE TRES RUEDAS LESIONADO POR COLISION CON VEHICULO DE TRANSPORTE PESADO O AUTOBUS, PASAJERO LESIONADO EN ACCIDENTE NO DE TRANSITO
V342;OCUPANTE DE VEHICULO DE MOTOR DE TRES RUEDAS LESIONADO POR COLISION CON VEHICULO DE TRANSPORTE PESADO O AUTOBUS, PERSONA QUE VIAJA FUERA DEL VEHICULO, LESIONADA EN ACCIDENTE NO DE TRANSITO
V343;OCUPANTE DE VEHICULO DE MOTOR DE TRES RUEDAS LESIONADO POR COLISION CON VEHICULO DE TRANSPORTE PESADO O AUTOBUS, OCUPANTE NO ESPECIFICADO DE VEHICULO DE MOTOR DE TRES RUEDAS, LESIONADO EN ACCIDENTE NO DE TRANSITO
V344;OCUPANTE DE VEHICULO DE MOTOR DE TRES RUEDAS LESIONADO POR COLISION CON VEHICULO DE TRANSPORTE PESADO O AUTOBUS, PERSONA LESIONADA AL SUBIR O BAJAR DEL VEHICULO
V345;OCUPANTE DE VEHICULO DE MOTOR DE TRES RUEDAS LESIONADO POR COLISION CON VEHICULO DE TRANSPORTE PESADO O AUTOBUS, CONDUCTOR LESIONADO EN ACCIDENTE DE TRANSITO
V346;OCUPANTE DE VEHICULO DE MOTOR DE TRES RUEDAS LESIONADO POR COLISION CON VEHICULO DE TRANSPORTE PESADO O AUTOBUS, PASAJERO LESIONADO EN ACCIDENTE DE TRANSITO
V347;OCUPANTE DE VEHICULO DE MOTOR DE TRES RUEDAS LESIONADO POR COLISION CON VEHICULO DE TRANSPORTE PESADO O AUTOBUS, PERSONA QUE VIAJA FUERA DEL VEHICULO, LESIONADA EN ACCIDENTE DE TRANSITO
V349;OCUPANTE DE VEHICULO DE MOTOR DE TRES RUEDAS LESIONADO POR COLISION CON VEHICULO DE TRANSPORTE PESADO O AUTOBUS, OCUPANTE NO ESPECIFICADO DE VEHICULO DE MOTOR DE TRES RUEDAS, LESIONADO EN ACCIDENTE DE TRANSITO
V35;OCUPANTE DE VEHICULO DE MOTOR DE TRES RUEDAS LESIONADO POR COLISION CON TREN O VEHICULO DE RIELES
V350;OCUPANTE DE VEHICULO DE MOTOR DE TRES RUEDAS LESIONADO POR COLISION CON TREN O VEHICULO DE RIELES, CONDUCTOR LESIONADO EN ACCIDENTE NO DE TRANSITO
V351;OCUPANTE DE VEHICULO DE MOTOR DE TRES RUEDAS LESIONADO POR COLISION CON TREN O VEHICULO DE RIELES, PASAJERO LESIONADO EN ACCIDENTE NO DE TRANSITO
V352;OCUPANTE DE VEHICULO DE MOTOR DE TRES RUEDAS LESIONADO POR COLISION CON TREN O VEHICULO DE RIELES, PERSONA QUE VIAJA FUERA DEL VEHICULO, LESIONADA EN ACCIDENTE NO DE TRANSITO
V353;OCUPANTE DE VEHICULO DE MOTOR DE TRES RUEDAS LESIONADO POR COLISION CON TREN O VEHICULO DE RIELES, OCUPANTE NO ESPECIFICADO DE VEHICULO DE MOTOR DE TRES RUEDAS, LESIONADO EN ACCIDENTE NO DE TRANSITO
V354;OCUPANTE DE VEHICULO DE MOTOR DE TRES RUEDAS LESIONADO POR COLISION CON TREN O VEHICULO DE RIELES, PERSONA LESIONADA AL SUBIR O BAJAR DEL VEHICULO
V355;OCUPANTE DE VEHICULO DE MOTOR DE TRES RUEDAS LESIONADO POR COLISION CON TREN O VEHICULO DE RIELES, CONDUCTOR LESIONADO EN ACCIDENTE DE TRANSITO
V356;OCUPANTE DE VEHICULO DE MOTOR DE TRES RUEDAS LESIONADO POR COLISION CON TREN O VEHICULO DE RIELES, PASAJERO LESIONADO EN ACCIDENTE DE TRANSITO
V357;OCUPANTE DE VEHICULO DE MOTOR DE TRES RUEDAS LESIONADO POR COLISION CON TREN O VEHICULO DE RIELES, PERSONA QUE VIAJA FUERA DEL VEHICULO, LESIONADA EN ACCIDENTE DE TRANSITO
V359;OCUPANTE DE VEHICULO DE MOTOR DE TRES RUEDAS LESIONADO POR COLISION CON TREN O VEHICULO DE RIELES, OCUPANTE NO ESPECIFICADO DE VEHICULO DE MOTOR DE TRES RUEDAS, LESIONADO EN ACCIDENTE DE TRANSITO
V36;OCUPANTE DE VEHICULO DE MOTOR DE TRES RUEDAS LESIONADO POR COLISION CON OTROS VEHICULOS SIN MOTOR
V360;OCUPANTE DE VEHICULO DE MOTOR DE TRES RUEDAS LESIONADO POR COLISION CON OTROS VEHICULOS SIN MOTOR, CONDUCTOR LESIONADO EN ACCIDENTE NO DE TRANSITO
V361;OCUPANTE DE VEHICULO DE MOTOR DE TRES RUEDAS LESIONADO POR COLISION CON OTROS VEHICULOS SIN MOTOR, PASAJERO LESIONADO EN ACCIDENTE NO DE TRANSITO
V362;OCUPANTE DE VEHICULO DE MOTOR DE TRES RUEDAS LESIONADO POR COLISION CON OTROS VEHICULOS SIN MOTOR, PERSONA QUE VIAJA FUERA DEL VEHICULO, LESIONADA EN ACCIDENTE NO DE TRANSITO
V363;OCUPANTE DE VEHICULO DE MOTOR DE TRES RUEDAS LESIONADO POR COLISION CON OTROS VEHICULOS SIN MOTOR, OCUPANTE NO ESPECIFICADO DE VEHICULO DE MOTOR DE TRES RUEDAS, LESIONADO EN ACCIDENTE NO DE TRANSITO
V364;OCUPANTE DE VEHICULO DE MOTOR DE TRES RUEDAS LESIONADO POR COLISION CON OTROS VEHICULOS SIN MOTOR, PERSONA LESIONADA AL SUBIR O BAJAR DEL VEHICULO
V365;OCUPANTE DE VEHICULO DE MOTOR DE TRES RUEDAS LESIONADO POR COLISION CON OTROS VEHICULOS SIN MOTOR, CONDUCTOR LESIONADO EN ACCIDENTE DE TRANSITO
V366;OCUPANTE DE VEHICULO DE MOTOR DE TRES RUEDAS LESIONADO POR COLISION CON OTROS VEHICULOS SIN MOTOR, PASAJERO LESIONADO EN ACCIDENTE DE TRANSITO
V367;OCUPANTE DE VEHICULO DE MOTOR DE TRES RUEDAS LESIONADO POR COLISION CON OTROS VEHICULOS SIN MOTOR, PERSONA QUE VIAJA FUERA DEL VEHICULO, LESIONADA EN ACCIDENTE DE TRANSITO
V369;OCUPANTE DE VEHICULO DE MOTOR DE TRES RUEDAS LESIONADO POR COLISION CON OTROS VEHICULOS SIN MOTOR, OCUPANTE NO ESPECIFICADO DE VEHICULO DE MOTOR DE TRES RUEDAS, LESIONADO EN ACCIDENTE DE TRANSITO
V37;OCUPANTE DE VEHICULO DE MOTOR DE TRES RUEDAS LESIONADO POR COLISION CON OBJETO FIJO O ESTACIONADO
V370;OCUPANTE DE VEHICULO DE MOTOR DE TRES RUEDAS LESIONADO POR COLISION CON OBJETO FIJO O ESTACIONADO, CONDUCTOR LESIONADO EN ACCIDENTE NO DE TRANSITO
V371;OCUPANTE DE VEHICULO DE MOTOR DE TRES RUEDAS LESIONADO POR COLISION CON OBJETO FIJO O ESTACIONADO, PASAJERO LESIONADO EN ACCIDENTE NO DE TRANSITO
V372;OCUPANTE DE VEHICULO DE MOTOR DE TRES RUEDAS LESIONADO POR COLISION CON OBJETO FIJO O ESTACIONADO, PERSONA QUE VIAJA FUERA DEL VEHICULO, LESIONADA EN ACCIDENTE NO DE TRANSITO
V373;OCUPANTE DE VEHICULO DE MOTOR DE TRES RUEDAS LESIONADO POR COLISION CON OBJETO FIJO O ESTACIONADO, OCUPANTE NO ESPECIFICADO DE VEHICULO DE MOTOR DE TRES RUEDAS, LESIONADO EN ACCIDENTE NO DE TRANSITO
V374;OCUPANTE DE VEHICULO DE MOTOR DE TRES RUEDAS LESIONADO POR COLISION CON OBJETO FIJO O ESTACIONADO, PERSONA LESIONADA AL SUBIR O BAJAR DEL VEHICULO
V375;OCUPANTE DE VEHICULO DE MOTOR DE TRES RUEDAS LESIONADO POR COLISION CON OBJETO FIJO O ESTACIONADO, CONDUCTOR LESIONADO EN ACCIDENTE DE TRANSITO
V376;OCUPANTE DE VEHICULO DE MOTOR DE TRES RUEDAS LESIONADO POR COLISION CON OBJETO FIJO O ESTACIONADO, PASAJERO LESIONADO EN ACCIDENTE DE TRANSITO
V377;OCUPANTE DE VEHICULO DE MOTOR DE TRES RUEDAS LESIONADO POR COLISION CON OBJETO FIJO O ESTACIONADO, PERSONA QUE VIAJA FUERA DEL VEHICULO, LESIONADA EN ACCIDENTE DE TRANSITO
V379;OCUPANTE DE VEHICULO DE MOTOR DE TRES RUEDAS LESIONADO POR COLISION CON OBJETO FIJO O ESTACIONADO, OCUPANTE NO ESPECIFICADO DE VEHICULO DE MOTOR DE TRES RUEDAS, LESIONADO EN ACCIDENTE DE TRANSITO
V38;OCUPANTE DE VEHICULO DE MOTOR DE TRES RUEDAS LESIONADO EN ACCIDENTE DE TRANSPORTE SIN COLISION
V380;OCUPANTE DE VEHICULO DE MOTOR DE TRES RUEDAS LESIONADO EN ACCIDENTE DE TRANSPORTE SIN COLISION, CONDUCTOR LESIONADO EN ACCIDENTE NO DE TRANSITO
V381;OCUPANTE DE VEHICULO DE MOTOR DE TRES RUEDAS LESIONADO EN ACCIDENTE DE TRANSPORTE SIN COLISION, PASAJERO LESIONADO EN ACCIDENTE NO DE TRANSITO
V382;OCUPANTE DE VEHICULO DE MOTOR DE TRES RUEDAS LESIONADO EN ACCIDENTE DE TRANSPORTE SIN COLISION, PERSONA QUE VIAJA FUERA DEL VEHICULO, LESIONADA EN ACCIDENTE NO DE TRANSITO
V383;OCUPANTE DE VEHICULO DE MOTOR DE TRES RUEDAS LESIONADO EN ACCIDENTE DE TRANSPORTE SIN COLISION, OCUPANTE NO ESPECIFICADO DE VEHICULO DE MOTOR DE TRES RUEDAS, LESIONADO EN ACCIDENTE NO DE TRANSITO
V384;OCUPANTE DE VEHICULO DE MOTOR DE TRES RUEDAS LESIONADO EN ACCIDENTE DE TRANSPORTE SIN COLISION, PERSONA LESIONADA AL SUBIR O BAJAR DEL VEHICULO
V385;OCUPANTE DE VEHICULO DE MOTOR DE TRES RUEDAS LESIONADO EN ACCIDENTE DE TRANSPORTE SIN COLISION, CONDUCTOR LESIONADO EN ACCIDENTE DE TRANSITO
V386;OCUPANTE DE VEHICULO DE MOTOR DE TRES RUEDAS LESIONADO EN ACCIDENTE DE TRANSPORTE SIN COLISION, PASAJERO LESIONADO EN ACCIDENTE DE TRANSITO
V387;OCUPANTE DE VEHICULO DE MOTOR DE TRES RUEDAS LESIONADO EN ACCIDENTE DE TRANSPORTE SIN COLISION, PERSONA QUE VIAJA FUERA DEL VEHICULO, LESIONADA EN ACCIDENTE DE TRANSITO
V389;OCUPANTE DE VEHICULO DE MOTOR DE TRES RUEDAS LESIONADO EN ACCIDENTE DE TRANSPORTE SIN COLISION, OCUPANTE NO ESPECIFICADO DE VEHICULO DE MOTOR DE TRES RUEDAS, LESIONADO EN ACCIDENTE DE TRANSITO
V39;OCUPANTE DE VEHICULO DE MOTOR DE TRES RUEDAS LESIONADO EN OTROS ACCIDENTES DE TRANSPORTE, Y EN LOS NO ESPECIFICADOS
V390;CONDUCTOR DE VEHICULO DE MOTOR DE TRES RUEDAS LESIONADO POR COLISION CON OTROS VEHICULOS DE MOTOR, Y CON LOS NO ESPECIFICADOS, EN ACCIDENTE NO DE TRANSITO
V391;PASAJERO DE VEHICULO DE MOTOR DE TRES RUEDAS LESIONADO POR COLISION CON OTROS VEHICULOS DE MOTOR, Y CON LOS NO ESPECIFICADOS, EN ACCIDENTE NO DE TRANSITO
V392;OCUPANTE NO ESPECIFICADO DE VEHICULO DE MOTOR DE TRES RUEDAS LESIONADO POR COLISION CON OTROS VEHICULOS DE MOTOR, Y CON LOS NO ESPECIFICADOS, EN ACCIDENTE NO DE TRANSITO
V393;OCUPANTE [CUALQUIERA] DE VEHICULO DE MOTOR DE TRES RUEDAS LESIONADO EN ACCIDENTE NO DE TRANSITO, NO ESPECIFICADO
V394;CONDUCTOR DE VEHICULO DE MOTOR DE TRES RUEDAS LESIONADO POR COLISION CON OTROS VEHICULOS DE MOTOR, Y CON LOS NO ESPECIFICADOS, EN ACCIDENTE DE TRANSITO
V395;PASAJERO DE VEHICULO DE MOTOR DE TRES RUEDAS LESIONADO POR COLISION CON OTROS VEHICULOS DE MOTOR, Y CON LOS NO ESPECIFICADOS, EN ACCIDENTE DE TRANSITO
V396;OCUPANTE NO ESPECIFICADO DE VEHICULO DE MOTOR DE TRES RUEDAS LESIONADO POR COLISION CON OTROS VEHICULOS DE MOTOR, Y CON LOS NO ESPECIFICADOS, EN ACCIDENTE DE TRANSITO
V398;OCUPANTE [CUALQUIERA] DE VEHICULO DE MOTOR DE TRES RUEDAS LESIONADO EN OTROS ACCIDENTES DE TRANSPORTE ESPECIFICADOS
V399;OCUPANTE [CUALQUIERA] DE VEHICULO DE MOTOR DE TRES RUEDAS LESIONADO EN ACCIDENTE DE TRANSITO NO ESPECIFICADO
V40;OCUPANTE DE AUTOMOVIL LESIONADO POR COLISION CON PEATON O ANIMAL
V400;OCUPANTE DE AUTOMOVIL LESIONADO POR COLISION CON PEATON O ANIMAL, CONDUCTOR LESIONADO EN ACCIDENTE NO DE TRANSITO
V401;OCUPANTE DE AUTOMOVIL LESIONADO POR COLISION CON PEATON O ANIMAL, PASAJERO LESIONADO EN ACCIDENTE NO DE TRANSITO
V402;OCUPANTE DE AUTOMOVIL LESIONADO POR COLISION CON PEATON O ANIMAL, PERSONA QUE VIAJA FUERA DEL VEHICULO, LESIONADA EN ACCIDENTE NO DE TRANSITO
V403;OCUPANTE DE AUTOMOVIL LESIONADO POR COLISION CON PEATON O ANIMAL, OCUPANTE NO ESPECIFICADO DE AUTOMOVIL, LESIONADO EN ACCIDENTE NO DE TRANSITO
V404;OCUPANTE DE AUTOMOVIL LESIONADO POR COLISION CON PEATON O ANIMAL, PERSONA LESIONADA AL SUBIR O BAJAR DEL VEHICULO
V405;OCUPANTE DE AUTOMOVIL LESIONADO POR COLISION CON PEATON O ANIMAL, CONDUCTOR LESIONADO EN ACCIDENTE DE TRANSITO
V406;OCUPANTE DE AUTOMOVIL LESIONADO POR COLISION CON PEATON O ANIMAL, PASAJERO LESIONADO EN ACCIDENTE DE TRANSITO
V407;OCUPANTE DE AUTOMOVIL LESIONADO POR COLISION CON PEATON O ANIMAL, PERSONA QUE VIAJA FUERA DEL VEHICULO, LESIONADA EN ACCIDENTE DE TRANSITO
V409;OCUPANTE DE AUTOMOVIL LESIONADO POR COLISION CON PEATON O ANIMAL, OCUPANTE NO ESPECIFICADO DE AUTOMOVIL, LESIONADO EN ACCIDENTE DE TRANSITO
V41;OCUPANTE DE AUTOMOVIL LESIONADO POR COLISION CON VEHICULO DE PEDAL
V410;OCUPANTE DE AUTOMOVIL LESIONADO POR COLISION CON VEHICULO DE PEDAL, CONDUCTOR LESIONADO EN ACCIDENTE NO DE TRANSITO
V411;OCUPANTE DE AUTOMOVIL LESIONADO POR COLISION CON VEHICULO DE PEDAL, PASAJERO LESIONADO EN ACCIDENTE NO DE TRANSITO
V412;OCUPANTE DE AUTOMOVIL LESIONADO POR COLISION CON VEHICULO DE PEDAL, PERSONA QUE VIAJA FUERA DEL VEHICULO, LESIONADA EN ACCIDENTE NO DE TRANSITO
V413;OCUPANTE DE AUTOMOVIL LESIONADO POR COLISION CON VEHICULO DE PEDAL, OCUPANTE NO ESPECIFICADO DE AUTOMOVIL, LESIONADO EN ACCIDENTE NO DE TRANSITO
V414;OCUPANTE DE AUTOMOVIL LESIONADO POR COLISION CON VEHICULO DE PEDAL, PERSONA LESIONADA AL SUBIR O BAJAR DEL VEHICULO
V415;OCUPANTE DE AUTOMOVIL LESIONADO POR COLISION CON VEHICULO DE PEDAL, CONDUCTOR LESIONADO EN ACCIDENTE DE TRANSITO
V416;OCUPANTE DE AUTOMOVIL LESIONADO POR COLISION CON VEHICULO DE PEDAL, PASAJERO LESIONADO EN ACCIDENTE DE TRANSITO
V417;OCUPANTE DE AUTOMOVIL LESIONADO POR COLISION CON VEHICULO DE PEDAL, PERSONA QUE VIAJA FUERA DEL VEHICULO, LESIONADA EN ACCIDENTE DE TRANSITO
V419;OCUPANTE DE AUTOMOVIL LESIONADO POR COLISION CON VEHICULO DE PEDAL, OCUPANTE NO ESPECIFICADO DE AUTOMOVIL, LESIONADO EN ACCIDENTE DE TRANSITO
V42;OCUPANTE DE AUTOMOVIL LESIONADO POR COLISION CON VEHICULO DE MOTOR DE DOS O TRES RUEDAS
V420;OCUPANTE DE AUTOMOVIL LESIONADO POR COLISION CON VEHICULO DE MOTOR DE DOS O TRES RUEDAS, CONDUCTOR LESIONADO EN ACCIDENTE NO DE TRANSITO
V421;OCUPANTE DE AUTOMOVIL LESIONADO POR COLISION CON VEHICULO DE MOTOR DE DOS O TRES RUEDAS, PASAJERO LESIONADO EN ACCIDENTE NO DE TRANSITO
V422;OCUPANTE DE AUTOMOVIL LESIONADO POR COLISION CON VEHICULO DE MOTOR DE DOS O TRES RUEDAS, PERSONA QUE VIAJA FUERA DEL VEHICULO, LESIONADA EN ACCIDENTE NO DE TRANSITO
V423;OCUPANTE DE AUTOMOVIL LESIONADO POR COLISION CON VEHICULO DE MOTOR DE DOS O TRES RUEDAS, OCUPANTE NO ESPECIFICADO DE AUTOMOVIL, LESIONADO EN ACCIDENTE NO DE TRANSITO
V424;OCUPANTE DE AUTOMOVIL LESIONADO POR COLISION CON VEHICULO DE MOTOR DE DOS O TRES RUEDAS, PERSONA LESIONADA AL SUBIR O BAJAR DEL VEHICULO
V425;OCUPANTE DE AUTOMOVIL LESIONADO POR COLISION CON VEHICULO DE MOTOR DE DOS O TRES RUEDAS, CONDUCTOR LESIONADO EN ACCIDENTE DE TRANSITO
V426;OCUPANTE DE AUTOMOVIL LESIONADO POR COLISION CON VEHICULO DE MOTOR DE DOS O TRES RUEDAS, PASAJERO LESIONADO EN ACCIDENTE DE TRANSITO
V427;OCUPANTE DE AUTOMOVIL LESIONADO POR COLISION CON VEHICULO DE MOTOR DE DOS O TRES RUEDAS, PERSONA QUE VIAJA FUERA DEL VEHICULO, LESIONADA EN ACCIDENTE DE TRANSITO
V429;OCUPANTE DE AUTOMOVIL LESIONADO POR COLISION CON VEHICULO DE MOTOR DE DOS O TRES RUEDAS, OCUPANTE NO ESPECIFICADO DE AUTOMOVIL, LESIONADO EN ACCIDENTE DE TRANSITO
V43;OCUPANTE DE AUTOMOVIL LESIONADO POR COLISION CON OTRO AUTOMOVIL, CAMIONETA O FURGONETA
V430;OCUPANTE DE AUTOMOVIL LESIONADO POR COLISION CON OTRO AUTOMOVIL, CAMIONETA O FURGONETA, CONDUCTOR LESIONADO EN ACCIDENTE NO DE TRANSITO
V431;OCUPANTE DE AUTOMOVIL LESIONADO POR COLISION CON OTRO AUTOMOVIL, CAMIONETA O FURGONETA, PASAJERO LESIONADO EN ACCIDENTE NO DE TRANSITO
V432;OCUPANTE DE AUTOMOVIL LESIONADO POR COLISION CON OTRO AUTOMOVIL, CAMIONETA O FURGONETA, PERSONA QUE VIAJA FUERA DEL VEHICULO, LESIONADA EN ACCIDENTE NO DE TRANSITO
V433;OCUPANTE DE AUTOMOVIL LESIONADO POR COLISION CON OTRO AUTOMOVIL, CAMIONETA O FURGONETA, OCUPANTE NO ESPECIFICADO DE AUTOMOVIL, LESIONADO EN ACCIDENTE NO DE TRANSITO
V434;OCUPANTE DE AUTOMOVIL LESIONADO POR COLISION CON OTRO AUTOMOVIL, CAMIONETA O FURGONETA, PERSONA LESIONADA AL SUBIR O BAJAR DEL VEHICULO
V435;OCUPANTE DE AUTOMOVIL LESIONADO POR COLISION CON OTRO AUTOMOVIL, CAMIONETA O FURGONETA, CONDUCTOR LESIONADO EN ACCIDENTE DE TRANSITO
V436;OCUPANTE DE AUTOMOVIL LESIONADO POR COLISION CON OTRO AUTOMOVIL, CAMIONETA O FURGONETA, PASAJERO LESIONADO EN ACCIDENTE DE TRANSITO
V437;OCUPANTE DE AUTOMOVIL LESIONADO POR COLISION CON OTRO AUTOMOVIL, CAMIONETA O FURGONETA, PERSONA QUE VIAJA FUERA DEL VEHICULO, LESIONADA EN ACCIDENTE DE TRANSITO
V439;OCUPANTE DE AUTOMOVIL LESIONADO POR COLISION CON OTRO AUTOMOVIL, CAMIONETA O FURGONETA, OCUPANTE NO ESPECIFICADO DE AUTOMOVIL, LESIONADO EN ACCIDENTE DE TRANSITO
V44;OCUPANTE DE AUTOMOVIL LESIONADO POR COLISION CON VEHICULO DE TRANSPORTE PESADO O AUTOBUS
V440;OCUPANTE DE AUTOMOVIL LESIONADO POR COLISION CON VEHICULO DE TRANSPORTE PESADO O AUTOBUS, CONDUCTOR LESIONADO EN ACCIDENTE NO DE TRANSITO
V441;OCUPANTE DE AUTOMOVIL LESIONADO POR COLISION CON VEHICULO DE TRANSPORTE PESADO O AUTOBUS, PASAJERO LESIONADO EN ACCIDENTE NO DE TRANSITO
V442;OCUPANTE DE AUTOMOVIL LESIONADO POR COLISION CON VEHICULO DE TRANSPORTE PESADO O AUTOBUS, PERSONA QUE VIAJA FUERA DEL VEHICULO, LESIONADA EN ACCIDENTE NO DE TRANSITO
V443;OCUPANTE DE AUTOMOVIL LESIONADO POR COLISION CON VEHICULO DE TRANSPORTE PESADO O AUTOBUS , OCUPANTE NO ESPECIFICADO DE AUTOMOVIL, LESIONADO EN ACCIDENTE NO DE TRANSITO
V444;OCUPANTE DE AUTOMOVIL LESIONADO POR COLISION CON VEHICULO DE TRANSPORTE PESADO O AUTOBUS , PERSONA LESIONADA AL SUBIR O BAJAR DEL VEHICULO
V445;OCUPANTE DE AUTOMOVIL LESIONADO POR COLISION CON VEHICULO DE TRANSPORTE PESADO O AUTOBUS , CONDUCTOR LESIONADO EN ACCIDENTE DE TRANSITO
V446;OCUPANTE DE AUTOMOVIL LESIONADO POR COLISION CON VEHICULO DE TRANSPORTE PESADO O AUTOBUS , PASAJERO LESIONADO EN ACCIDENTE DE TRANSITO
V447;OCUPANTE DE AUTOMOVIL LESIONADO POR COLISION CON VEHICULO DE TRANSPORTE PESADO O AUTOBUS, PERSONA QUE VIAJA FUERA DEL VEHICULO, LESIONADA EN ACCIDENTE DE TRANSITO
V449;OCUPANTE DE AUTOMOVIL LESIONADO POR COLISION CON VEHICULO DE TRANSPORTE PESADO O AUTOBUS , OCUPANTE NO ESPECIFICADO DE AUTOMOVIL, LESIONADO EN ACCIDENTE DE TRANSITO
V45;OCUPANTE DE AUTOMOVIL LESIONADO POR COLISION CON TREN O VEHICULO DE RIELES
V450;OCUPANTE DE AUTOMOVIL LESIONADO POR COLISION CON TREN O VEHICULO DE RIELES, CONDUCTOR LESIONADO EN ACCIDENTE NO DE TRANSITO
V451;OCUPANTE DE AUTOMOVIL LESIONADO POR COLISION CON TREN O VEHICULO DE RIELES, PASAJERO LESIONADO EN ACCIDENTE NO DE TRANSITO
V452;OCUPANTE DE AUTOMOVIL LESIONADO POR COLISION CON TREN O VEHICULO DE RIELES, PERSONA QUE VIAJA FUERA DEL VEHICULO, LESIONADA EN ACCIDENTE NO DE TRANSITO
V453;OCUPANTE DE AUTOMOVIL LESIONADO POR COLISION CON TREN O VEHICULO DE RIELES, OCUPANTE NO ESPECIFICADO DE AUTOMOVIL, LESIONADO EN ACCIDENTE NO DE TRANSITO
V454;OCUPANTE DE AUTOMOVIL LESIONADO POR COLISION CON TREN O VEHICULO DE RIELES, PERSONA LESIONADA AL SUBIR O BAJAR DEL VEHICULO
V455;OCUPANTE DE AUTOMOVIL LESIONADO POR COLISION CON TREN O VEHICULO DE RIELES, CONDUCTOR LESIONADO EN ACCIDENTE DE TRANSITO
V456;OCUPANTE DE AUTOMOVIL LESIONADO POR COLISION CON TREN O VEHICULO DE RIELES, PASAJERO LESIONADO EN ACCIDENTE DE TRANSITO
V457;OCUPANTE DE AUTOMOVIL LESIONADO POR COLISION CON TREN O VEHICULO DE RIELES, PERSONA QUE VIAJA FUERA DEL VEHICULO, LESIONADA EN ACCIDENTE DE TRANSITO
V459;OCUPANTE DE AUTOMOVIL LESIONADO POR COLISION CON TREN O VEHICULO DE RIELES, OCUPANTE NO ESPECIFICADO DE AUTOMOVIL, LESIONADO EN ACCIDENTE DE TRANSITO
V46;OCUPANTE DE AUTOMOVIL LESIONADO POR COLISION CON OTROS VEHICULOS SIN MOTOR
V460;OCUPANTE DE AUTOMOVIL LESIONADO POR COLISION CON OTROS VEHICULOS SIN MOTOR, CONDUCTOR LESIONADO EN ACCIDENTE NO DE TRANSITO
V461;OCUPANTE DE AUTOMOVIL LESIONADO POR COLISION CON OTROS VEHICULOS SIN MOTOR, PASAJERO LESIONADO EN ACCIDENTE NO DE TRANSITO
V462;OCUPANTE DE AUTOMOVIL LESIONADO POR COLISION CON OTROS VEHICULOS SIN MOTOR, PERSONA QUE VIAJA FUERA DEL VEHICULO, LESIONADA EN ACCIDENTE NO DE TRANSITO
V463;OCUPANTE DE AUTOMOVIL LESIONADO POR COLISION CON OTROS VEHICULOS SIN MOTOR, OCUPANTE NO ESPECIFICADO DE AUTOMOVIL, LESIONADO EN ACCIDENTE NO DE TRANSITO
V464;OCUPANTE DE AUTOMOVIL LESIONADO POR COLISION CON OTROS VEHICULOS SIN MOTOR, PERSONA LESIONADA AL SUBIR O BAJAR DEL VEHICULO
V465;OCUPANTE DE AUTOMOVIL LESIONADO POR COLISION CON OTROS VEHICULOS SIN MOTOR, CONDUCTOR LESIONADO EN ACCIDENTE DE TRANSITO
V466;OCUPANTE DE AUTOMOVIL LESIONADO POR COLISION CON OTROS VEHICULOS SIN MOTOR, PASAJERO LESIONADO EN ACCIDENTE DE TRANSITO
V467;OCUPANTE DE AUTOMOVIL LESIONADO POR COLISION CON OTROS VEHICULOS SIN MOTOR, PERSONA QUE VIAJA FUERA DEL VEHICULO, LESIONADA EN ACCIDENTE DE TRANSITO
V469;OCUPANTE DE AUTOMOVIL LESIONADO POR COLISION CON OTROS VEHICULOS SIN MOTOR, OCUPANTE NO ESPECIFICADO DE AUTOMOVIL, LESIONADO EN ACCIDENTE DE TRANSITO
V47;OCUPANTE DE AUTOMOVIL LESIONADO POR COLISION CON OBJETO FIJO O ESTACIONADO
V470;OCUPANTE DE AUTOMOVIL LESIONADO POR COLISION CON OBJETO FIJO O ESTACIONADO, CONDUCTOR LESIONADO EN ACCIDENTE NO DE TRANSITO
V471;OCUPANTE DE AUTOMOVIL LESIONADO POR COLISION CON OBJETO FIJO O ESTACIONADO, PASAJERO LESIONADO EN ACCIDENTE NO DE TRANSITO
V472;OCUPANTE DE AUTOMOVIL LESIONADO POR COLISION CON OBJETO FIJO O ESTACIONADO, PERSONA QUE VIAJA FUERA DEL VEHICULO, LESIONADA EN ACCIDENTE NO DE TRANSITO
V473;OCUPANTE DE AUTOMOVIL LESIONADO POR COLISION CON OBJETO FIJO O ESTACIONADO, OCUPANTE NO ESPECIFICADO DE AUTOMOVIL, LESIONADO EN ACCIDENTE NO DE TRANSITO
V474;OCUPANTE DE AUTOMOVIL LESIONADO POR COLISION CON OBJETO FIJO O ESTACIONADO, PERSONA LESIONADA AL SUBIR O BAJAR DEL VEHICULO
V475;OCUPANTE DE AUTOMOVIL LESIONADO POR COLISION CON OBJETO FIJO O ESTACIONADO, CONDUCTOR LESIONADO EN ACCIDENTE DE TRANSITO
V476;OCUPANTE DE AUTOMOVIL LESIONADO POR COLISION CON OBJETO FIJO O ESTACIONADO, PASAJERO LESIONADO EN ACCIDENTE DE TRANSITO
V477;OCUPANTE DE AUTOMOVIL LESIONADO POR COLISION CON OBJETO FIJO O ESTACIONADO, PERSONA QUE VIAJA FUERA DEL VEHICULO, LESIONADA EN ACCIDENTE DE TRANSITO
V479;OCUPANTE DE AUTOMOVIL LESIONADO POR COLISION CON OBJETO FIJO O ESTACIONADO, OCUPANTE NO ESPECIFICADO DE AUTOMOVIL, LESIONADO EN ACCIDENTE DE TRANSITO
V48;OCUPANTE DE AUTOMOVIL LESIONADO EN ACCIDENTE DE TRANSPORTE SIN COLISION
V480;OCUPANTE DE AUTOMOVIL LESIONADO EN ACCIDENTE DE TRANSPORTE SIN COLISION, CONDUCTOR LESIONADO EN ACCIDENTE NO DE TRANSITO
V481;OCUPANTE DE AUTOMOVIL LESIONADO EN ACCIDENTE DE TRANSPORTE SIN COLISION, PASAJERO LESIONADO EN ACCIDENTE NO DE TRANSITO
V482;OCUPANTE DE AUTOMOVIL LESIONADO EN ACCIDENTE DE TRANSPORTE SIN COLISION, PERSONA QUE VIAJA FUERA DEL VEHICULO, LESIONADA EN ACCIDENTE NO DE TRANSITO
V483;OCUPANTE DE AUTOMOVIL LESIONADO EN ACCIDENTE DE TRANSPORTE SIN COLISION, OCUPANTE NO ESPECIFICADO DE AUTOMOVIL, LESIONADO EN ACCIDENTE NO DE TRANSITO
V484;OCUPANTE DE AUTOMOVIL LESIONADO EN ACCIDENTE DE TRANSPORTE SIN COLISION, PERSONA LESIONADA AL SUBIR O BAJAR DEL VEHICULO
V485;OCUPANTE DE AUTOMOVIL LESIONADO EN ACCIDENTE DE TRANSPORTE SIN COLISION, CONDUCTOR LESIONADO EN ACCIDENTE DE TRANSITO
V486;OCUPANTE DE AUTOMOVIL LESIONADO EN ACCIDENTE DE TRANSPORTE SIN COLISION, PASAJERO LESIONADO EN ACCIDENTE DE TRANSITO
V487;OCUPANTE DE AUTOMOVIL LESIONADO EN ACCIDENTE DE TRANSPORTE SIN COLISION, PERSONA QUE VIAJA FUERA DEL VEHICULO, LESIONADA EN ACCIDENTE DE TRANSITO
V489;OCUPANTE DE AUTOMOVIL LESIONADO EN ACCIDENTE DE TRANSPORTE SIN COLISION, OCUPANTE NO ESPECIFICADO DE AUTOMOVIL, LESIONADO EN ACCIDENTE DE TRANSITO
V49;OCUPANTE DE AUTOMOVIL LESIONADO EN OTROS ACCIDENTES DE TRANSPORTE, Y EN LOS NO ESPECIFICADOS
V490;CONDUCTOR DE AUTOMOVIL LESIONADO POR COLISION CON OTROS VEHICULOS DE MOTOR, Y CON LOS NO ESPECIFICADOS, EN ACCIDENTE NO DE TRANSITO
V491;PASAJERO DE AUTOMOVIL LESIONADO POR COLISION CON OTROS VEHICULOS DE MOTOR, Y CON LOS NO ESPECIFICADOS, EN ACCIDENTE NO DE TRANSITO
V492;OCUPANTE NO ESPECIFICADO DE AUTOMOVIL LESIONADO POR COLISION CON OTROS VEHICULOS DE MOTOR, Y CON LOS NO ESPECIFICADOS, EN ACCIDENTE NO DE TRANSITO
V493;OCUPANTE (CUALQUIERA) DE AUTOMOVIL LESIONADO EN ACCIDENTE NO DE TRANSITO, NO ESPECIFICADO
V494;CONDUCTOR DE AUTOMOVIL LESIONADO POR COLISION CON OTROS VEHICULOS DE MOTOR, Y CON LOS NO ESPECIFICADOS, EN ACCIDENTE DE TRANSITO
V495;PASAJERO DE AUTOMOVIL LESIONADO POR COLISION CON OTROS VEHICULOS DE MOTOR, Y CON LOS NO ESPECIFICADOS, EN ACCIDENTE DE TRANSITO
V496;OCUPANTE NO ESPECIFICADO DE AUTOMOVIL LESIONADO POR COLISION CON OTROS VEHICULOS DE MOTOR, Y CON LOS NO ESPECIFICADOS, EN ACCIDENTE DE TRANSITO
V498;OCUPANTE (CUALQUIERA) DE AUTOMOVIL LESIONADO EN OTROS ACCIDENTES DE TRANSPORTE ESPECIFICADOS
V499;OCUPANTE (CUALQUIERA) DE AUTOMOVIL LESIONADO EN ACCIDENTE DE TRANSITO NO ESPECIFICADO
V50;OCUPANTE DE CAMIONETA O FURGONETA LESIONADO POR COLISION CON PEATON O ANIMAL
V500;OCUPANTE DE CAMIONETA O FURGONETA LESIONADO POR COLISION CON PEATON O ANIMAL, CONDUCTOR LESIONADO EN ACCIDENTE NO DE TRANSITO
V501;OCUPANTE DE CAMIONETA O FURGONETA LESIONADO POR COLISION CON PEATON O ANIMAL, PASAJERO LESIONADO EN ACCIDENTE NO DE TRANSITO
V502;OCUPANTE DE CAMIONETA O FURGONETA LESIONADO POR COLISION CON PEATON O ANIMAL, PERSONA QUE VIAJA FUERA DEL VEHICULO, LESIONADA EN ACCIDENTE NO DE TRANSITO
V503;OCUPANTE DE CAMIONETA O FURGONETA LESIONADO POR COLISION CON PEATON O ANIMAL, OCUPANTE NO ESPECIFICADO DE CAMIONETA O FURGONETA, LESIONADO EN ACCIDENTE NO DE TRANSITO
V504;OCUPANTE DE CAMIONETA O FURGONETA LESIONADO POR COLISION CON PEATON O ANIMAL, PERSONA LESIONADA AL SUBIR O BAJAR DEL VEHICULO
V505;OCUPANTE DE CAMIONETA O FURGONETA LESIONADO POR COLISION CON PEATON O ANIMAL, CONDUCTOR LESIONADO EN ACCIDENTE DE TRANSITO
V506;OCUPANTE DE CAMIONETA O FURGONETA LESIONADO POR COLISION CON PEATON O ANIMAL, PASAJERO LESIONADO EN ACCIDENTE DE TRANSITO
V507;OCUPANTE DE CAMIONETA O FURGONETA LESIONADO POR COLISION CON PEATON O ANIMAL, PERSONA QUE VIAJA FUERA DEL VEHICULO, LESIONADA EN ACCIDENTE DE TRANSITO
V509;OCUPANTE DE CAMIONETA O FURGONETA LESIONADO POR COLISION CON PEATON O ANIMAL, OCUPANTE NO ESPECIFICADO DE CAMIONETA O FURGONETA, LESIONADO EN ACCIDENTE DE TRANSITO
V51;OCUPANTE DE CAMIONETA O FURGONETA LESIONADO POR COLISION CON VEHICULO DE PEDAL
V510;OCUPANTE DE CAMIONETA O FURGONETA LESIONADO POR COLISION CON VEHICULO DE PEDAL, CONDUCTOR LESIONADO EN ACCIDENTE NO DE TRANSITO
V511;OCUPANTE DE CAMIONETA O FURGONETA LESIONADO POR COLISION CON VEHICULO DE PEDAL, PASAJERO LESIONADO EN ACCIDENTE NO DE TRANSITO
V512;OCUPANTE DE CAMIONETA O FURGONETA LESIONADO POR COLISION CON VEHICULO DE PEDAL, PERSONA QUE VIAJA FUERA DEL VEHICULO, LESIONADA EN ACCIDENTE NO DE TRANSITO
V513;OCUPANTE DE CAMIONETA O FURGONETA LESIONADO POR COLISION CON VEHICULO DE PEDAL, OCUPANTE NO ESPECIFICADO DE CAMIONETA O FURGONETA, LESIONADO EN ACCIDENTE NO DE TRANSITO
V514;OCUPANTE DE CAMIONETA O FURGONETA LESIONADO POR COLISION CON VEHICULO DE PEDAL, PERSONA LESIONADA AL SUBIR O BAJAR DEL VEHICULO
V515;OCUPANTE DE CAMIONETA O FURGONETA LESIONADO POR COLISION CON VEHICULO DE PEDAL, CONDUCTOR LESIONADO EN ACCIDENTE DE TRANSITO
V516;OCUPANTE DE CAMIONETA O FURGONETA LESIONADO POR COLISION CON VEHICULO DE PEDAL, PASAJERO LESIONADO EN ACCIDENTE DE TRANSITO
V517;OCUPANTE DE CAMIONETA O FURGONETA LESIONADO POR COLISION CON VEHICULO DE PEDAL, PERSONA QUE VIAJA FUERA DEL VEHICULO, LESIONADA EN ACCIDENTE DE TRANSITO
V519;OCUPANTE DE CAMIONETA O FURGONETA LESIONADO POR COLISION CON VEHICULO DE PEDAL, OCUPANTE NO ESPECIFICADO DE CAMIONETA O FURGONETA, LESIONADO EN ACCIDENTE DE TRANSITO
V52;OCUPANTE DE CAMIONETA O FURGONETA LESIONADO POR COLISION CON VEHICULO DE MOTOR DE DOS O TRES RUEDAS
V520;OCUPANTE DE CAMIONETA O FURGONETA LESIONADO POR COLISION CON VEHICULO DE MOTOR DE DOS O TRES RUEDAS, CONDUCTOR LESIONADO EN ACCIDENTE NO DE TRANSITO
V521;OCUPANTE DE CAMIONETA O FURGONETA LESIONADO POR COLISION CON VEHICULO DE MOTOR DE DOS O TRES RUEDAS, PASAJERO LESIONADO EN ACCIDENTE NO DE TRANSITO
V522;OCUPANTE DE CAMIONETA O FURGONETA LESIONADO POR COLISION CON VEHICULO DE MOTOR DE DOS O TRES RUEDAS, PERSONA QUE VIAJA FUERA DEL VEHICULO, LESIONADA EN ACCIDENTE NO DE TRANSITO
V523;OCUPANTE DE CAMIONETA O FURGONETA LESIONADO POR COLISION CON VEHICULO DE MOTOR DE DOS O TRES RUEDAS, OCUPANTE NO ESPECIFICADO DE CAMIONETA O FURGONETA, LESIONADO EN ACCIDENTE NO DE TRANSITO
V524;OCUPANTE DE CAMIONETA O FURGONETA LESIONADO POR COLISION CON VEHICULO DE MOTOR DE DOS O TRES RUEDAS, PERSONA LESIONADA AL SUBIR O BAJAR DEL VEHICULO
V525;OCUPANTE DE CAMIONETA O FURGONETA LESIONADO POR COLISION CON VEHICULO DE MOTOR DE DOS O TRES RUEDAS, CONDUCTOR LESIONADO EN ACCIDENTE DE TRANSITO
V526;OCUPANTE DE CAMIONETA O FURGONETA LESIONADO POR COLISION CON VEHICULO DE MOTOR DE DOS O TRES RUEDAS, PASAJERO LESIONADO EN ACCIDENTE DE TRANSITO
V527;OCUPANTE DE CAMIONETA O FURGONETA LESIONADO POR COLISION CON VEHICULO DE MOTOR DE DOS O TRES RUEDAS, PERSONA QUE VIAJA FUERA DEL VEHICULO, LESIONADA EN ACCIDENTE DE TRANSITO
V529;OCUPANTE DE CAMIONETA O FURGONETA LESIONADO POR COLISION CON VEHICULO DE MOTOR DE DOS O TRES RUEDAS, OCUPANTE NO ESPECIFICADO DE CAMIONETA O FURGONETA, LESIONADO EN ACCIDENTE DE TRANSITO
V53;OCUPANTE DE CAMIONETA O FURGONETA LESIONADO POR COLISION CON AUTOMOVIL, CAMIONETA O FURGONETA
V530;OCUPANTE DE CAMIONETA O FURGONETA LESIONADO POR COLISION CON AUTOMOVIL, CAMIONETA O FURGONETA, CONDUCTOR LESIONADO EN ACCIDENTE NO DE TRANSITO
V531;OCUPANTE DE CAMIONETA O FURGONETA LESIONADO POR COLISION CON AUTOMOVIL, CAMIONETA O FURGONETA, PASAJERO LESIONADO EN ACCIDENTE NO DE TRANSITO
V532;OCUPANTE DE CAMIONETA O FURGONETA LESIONADO POR COLISION CON AUTOMOVIL, CAMIONETA O FURGONETA, PERSONA QUE VIAJA FUERA DEL VEHICULO, LESIONADA EN ACCIDENTE NO DE TRANSITO
V533;OCUPANTE DE CAMIONETA O FURGONETA LESIONADO POR COLISION CON AUTOMOVIL, CAMIONETA O FURGONETA, OCUPANTE NO ESPECIFICADO DE CAMIONETA O FURGONETA, LESIONADO EN ACCIDENTE NO DE TRANSITO
V534;OCUPANTE DE CAMIONETA O FURGONETA LESIONADO POR COLISION CON AUTOMOVIL, CAMIONETA O FURGONETA, PERSONA LESIONADA AL SUBIR O BAJAR DEL VEHICULO
V535;OCUPANTE DE CAMIONETA O FURGONETA LESIONADO POR COLISION CON AUTOMOVIL, CAMIONETA O FURGONETA, CONDUCTOR LESIONADO EN ACCIDENTE DE TRANSITO
V536;OCUPANTE DE CAMIONETA O FURGONETA LESIONADO POR COLISION CON AUTOMOVIL, CAMIONETA O FURGONETA, PASAJERO LESIONADO EN ACCIDENTE DE TRANSITO
V537;OCUPANTE DE CAMIONETA O FURGONETA LESIONADO POR COLISION CON AUTOMOVIL, CAMIONETA O FURGONETA, PERSONA QUE VIAJA FUERA DEL VEHICULO, LESIONADA EN ACCIDENTE DE TRANSITO
V539;OCUPANTE DE CAMIONETA O FURGONETA LESIONADO POR COLISION CON AUTOMOVIL, CAMIONETA O FURGONETA, OCUPANTE NO ESPECIFICADO DE CAMIONETA O FURGONETA, LESIONADO EN ACCIDENTE DE TRANSITO
V54;OCUPANTE DE CAMIONETA O FURGONETA LESIONADO POR COLISION CON VEHICULO DE TRANSPORTE PESADO O AUTOBUS
V540;OCUPANTE DE CAMIONETA O FURGONETA LESIONADO POR COLISION CON VEHICULO DE TRANSPORTE PESADO O AUTOBUS, CONDUCTOR LESIONADO EN ACCIDENTE NO DE TRANSITO
V541;OCUPANTE DE CAMIONETA O FURGONETA LESIONADO POR COLISION CON VEHICULO DE TRANSPORTE PESADO O AUTOBUS, PASAJERO LESIONADO EN ACCIDENTE NO DE TRANSITO
V542;OCUPANTE DE CAMIONETA O FURGONETA LESIONADO POR COLISION CON VEHICULO DE TRANSPORTE PESADO O AUTOBUS, PERSONA QUE VIAJA FUERA DEL VEHICULO, LESIONADA EN ACCIDENTE NO DE TRANSITO
V543;OCUPANTE DE CAMIONETA O FURGONETA LESIONADO POR COLISION CON VEHICULO DE TRANSPORTE PESADO O AUTOBUS, OCUPANTE NO ESPECIFICADO DE CAMIONETA O FURGONETA, LESIONADO EN ACCIDENTE NO DE TRANSITO
V544;OCUPANTE DE CAMIONETA O FURGONETA LESIONADO POR COLISION CON VEHICULO DE TRANSPORTE PESADO O AUTOBUS, PERSONA LESIONADA AL SUBIR O BAJAR DEL VEHICULO
V545;OCUPANTE DE CAMIONETA O FURGONETA LESIONADO POR COLISION CON VEHICULO DE TRANSPORTE PESADO O AUTOBUS, CONDUCTOR LESIONADO EN ACCIDENTE DE TRANSITO
V546;OCUPANTE DE CAMIONETA O FURGONETA LESIONADO POR COLISION CON VEHICULO DE TRANSPORTE PESADO O AUTOBUS, PASAJERO LESIONADO EN ACCIDENTE DE TRANSITO
V547;OCUPANTE DE CAMIONETA O FURGONETA LESIONADO POR COLISION CON VEHICULO DE TRANSPORTE PESADO O AUTOBUS, PERSONA QUE VIAJA FUERA DEL VEHICULO, LESIONADA EN ACCIDENTE DE TRANSITO
V549;OCUPANTE DE CAMIONETA O FURGONETA LESIONADO POR COLISION CON VEHICULO DE TRANSPORTE PESADO O AUTOBUS, OCUPANTE NO ESPECIFICADO DE CAMIONETA O FURGONETA, LESIONADO EN ACCIDENTE DE TRANSITO
V55;OCUPANTE DE CAMIONETA O FURGONETA LESIONADO POR COLISION CON TREN O VEHICULO DE RIELES
V550;OCUPANTE DE CAMIONETA O FURGONETA LESIONADO POR COLISION CON TREN O VEHICULO DE RIELES, CONDUCTOR LESIONADO EN ACCIDENTE NO DE TRANSITO
V551;OCUPANTE DE CAMIONETA O FURGONETA LESIONADO POR COLISION CON TREN O VEHICULO DE RIELES, PASAJERO LESIONADO EN ACCIDENTE NO DE TRANSITO
V552;OCUPANTE DE CAMIONETA O FURGONETA LESIONADO POR COLISION CON TREN O VEHICULO DE RIELES, PERSONA QUE VIAJA FUERA DEL VEHICULO, LESIONADA EN ACCIDENTE NO DE TRANSITO
V553;OCUPANTE DE CAMIONETA O FURGONETA LESIONADO POR COLISION CON TREN O VEHICULO DE RIELES, OCUPANTE NO ESPECIFICADO DE CAMIONETA O FURGONETA, LESIONADO EN ACCIDENTE NO DE TRANSITO
V554;OCUPANTE DE CAMIONETA O FURGONETA LESIONADO POR COLISION CON TREN O VEHICULO DE RIELES, PERSONA LESIONADA AL SUBIR O BAJAR DEL VEHICULO
V555;OCUPANTE DE CAMIONETA O FURGONETA LESIONADO POR COLISION CON TREN O VEHICULO DE RIELES, CONDUCTOR LESIONADO EN ACCIDENTE DE TRANSITO
V556;OCUPANTE DE CAMIONETA O FURGONETA LESIONADO POR COLISION CON TREN O VEHICULO DE RIELES, PASAJERO LESIONADO EN ACCIDENTE DE TRANSITO
V557;OCUPANTE DE CAMIONETA O FURGONETA LESIONADO POR COLISION CON TREN O VEHICULO DE RIELES, PERSONA QUE VIAJA FUERA DEL VEHICULO, LESIONADA EN ACCIDENTE DE TRANSITO
V559;OCUPANTE DE CAMIONETA O FURGONETA LESIONADO POR COLISION CON TREN O VEHICULO DE RIELES, OCUPANTE NO ESPECIFICADO DE CAMIONETA O FURGONETA, LESIONADO EN ACCIDENTE DE TRANSITO
V56;OCUPANTE DE CAMIONETA O FURGONETA LESIONADO POR COLISION CON OTROS VEHICULOS SIN MOTOR
V560;OCUPANTE DE CAMIONETA O FURGONETA LESIONADO POR COLISION CON OTROS VEHICULOS SIN MOTOR, CONDUCTOR LESIONADO EN ACCIDENTE NO DE TRANSITO
V561;OCUPANTE DE CAMIONETA O FURGONETA LESIONADO POR COLISION CON OTROS VEHICULOS SIN MOTOR, PASAJERO LESIONADO EN ACCIDENTE NO DE TRANSITO
V562;OCUPANTE DE CAMIONETA O FURGONETA LESIONADO POR COLISION CON OTROS VEHICULOS SIN MOTOR, PERSONA QUE VIAJA FUERA DEL VEHICULO, LESIONADA EN ACCIDENTE NO DE TRANSITO
V563;OCUPANTE DE CAMIONETA O FURGONETA LESIONADO POR COLISION CON OTROS VEHICULOS SIN MOTOR, OCUPANTE NO ESPECIFICADO DE CAMIONETA O FURGONETA, LESIONADO EN ACCIDENTE NO DE TRANSITO
V564;OCUPANTE DE CAMIONETA O FURGONETA LESIONADO POR COLISION CON OTROS VEHICULOS SIN MOTOR, PERSONA LESIONADA AL SUBIR O BAJAR DEL VEHICULO
V565;OCUPANTE DE CAMIONETA O FURGONETA LESIONADO POR COLISION CON OTROS VEHICULOS SIN MOTOR, CONDUCTOR LESIONADO EN ACCIDENTE DE TRANSITO
V566;OCUPANTE DE CAMIONETA O FURGONETA LESIONADO POR COLISION CON OTROS VEHICULOS SIN MOTOR, PASAJERO LESIONADO EN ACCIDENTE DE TRANSITO
V567;OCUPANTE DE CAMIONETA O FURGONETA LESIONADO POR COLISION CON OTROS VEHICULOS SIN MOTOR, PERSONA QUE VIAJA FUERA DEL VEHICULO, LESIONADA EN ACCIDENTE DE TRANSITO
V569;OCUPANTE DE CAMIONETA O FURGONETA LESIONADO POR COLISION CON OTROS VEHICULOS SIN MOTOR, OCUPANTE NO ESPECIFICADO DE CAMIONETA O FURGONETA, LESIONADO EN ACCIDENTE DE TRANSITO
V57;OCUPANTE DE CAMIONETA O FURGONETA LESIONADO POR COLISION OBJETO FIJO O ESTACIONADO
V570;OCUPANTE DE CAMIONETA O FURGONETA LESIONADO POR COLISION CON OBJETO FIJO O ESTACIONADO, CONDUCTOR LESIONADO EN ACCIDENTE NO DE TRANSITO
V571;OCUPANTE DE CAMIONETA O FURGONETA LESIONADO POR COLISION CON OBJETO FIJO O ESTACIONADO, PASAJERO LESIONADO EN ACCIDENTE NO DE TRANSITO
V572;OCUPANTE DE CAMIONETA O FURGONETA LESIONADO POR COLISION CON OBJETO FIJO O ESTACIONADO, PERSONA QUE VIAJA FUERA DEL VEHICULO, LESIONADA EN ACCIDENTE NO DE TRANSITO
V573;OCUPANTE DE CAMIONETA O FURGONETA LESIONADO POR COLISION CON OBJETO FIJO O ESTACIONADO, OCUPANTE NO ESPECIFICADO DE CAMIONETA O FURGONETA, LESIONANDO EN ACCIDENTE NO DE TRANSITO
V574;OCUPANTE DE CAMIONETA O FURGONETA LESIONADO POR COLISION CON OBJETO FIJO O ESTACIONADO, PERSONA LESIONADA AL SUBIR O BAJAR DEL VEHICULO
V575;OCUPANTE DE CAMIONETA O FURGONETA LESIONADO POR COLISION CON OBJETO FIJO O ESTACIONADO, CONDUCTOR LESIONADO EN ACCIDENTE DE TRANSITO
V576;OCUPANTE DE CAMIONETA O FURGONETA LESIONADO POR COLISION CON OBJETO FIJO O ESTACIONADO, PASAJERO LESIONADO EN ACCIDENTE DE TRANSITO
V577;OCUPANTE DE CAMIONETA O FURGONETA LESIONADO POR COLISION CON OBJETO FIJO O ESTACIONADO, PERSONA QUE VIAJA FUERA DEL VEHICULO, LESIONADA EN ACCIDENTE DE TRANSITO
V579;OCUPANTE DE CAMIONETA O FURGONETA LESIONADO POR COLISION CON OBJETO FIJO O ESTACIONADO, OCUPANTE NO ESPECIFICADO DE CAMIONETA O FURGONETA, LESIONADO EN ACCIDENTE DE TRANSITO
V58;OCUPANTE DE CAMIONETA O FURGONETA LESIONADO EN ACCIDENTE DE TRANSPORTE SIN COLISION
V580;OCUPANTE DE CAMIONETA O FURGONETA LESIONADO EN ACCIDENTE DE TRANSPORTE SIN COLISION, CONDUCTOR LESIONADO EN ACCIDENTE NO DE TRANSITO
V581;OCUPANTE DE CAMIONETA O FURGONETA LESIONADO EN ACCIDENTE DE TRANSPORTE SIN COLISION, PASAJERO LESIONADO EN ACCIDENTE NO DE TRANSITO
V582;OCUPANTE DE CAMIONETA O FURGONETA LESIONADO EN ACCIDENTE DE TRANSPORTE SIN COLISION, PERSONA QUE VIAJA FUERA DEL VEHICULO, LESIONADA EN ACCIDENTE NO DE TRANSITO
V583;OCUPANTE DE CAMIONETA O FURGONETA LESIONADO EN ACCIDENTE DE TRANSPORTE SIN COLISION, OCUPANTE NO ESPECIFICADO CAMIONETA O FURGONETA, LESIONADO EN ACCIDENTE NO DE TRANSITO
V584;OCUPANTE DE CAMIONETA O FURGONETA LESIONADO EN ACCIDENTE DE TRANSPORTE SIN COLISION, PERSONA LESIONADA AL SUBIR O BAJAR DEL VEHICULO
V585;OCUPANTE DE CAMIONETA O FURGONETA LESIONADO EN ACCIDENTE DE TRANSPORTE SIN COLISION, CONDUCTOR LESIONADO EN ACCIDENTE DE TRANSITO
V586;OCUPANTE DE CAMIONETA O FURGONETA LESIONADO EN ACCIDENTE DE TRANSPORTE SIN COLISION, PASAJERO LESIONADO EN ACCIDENTE DE TRANSITO
V587;OCUPANTE DE CAMIONETA O FURGONETA LESIONADO EN ACCIDENTE DE TRANSPORTE SIN COLISION, PERSONA QUE VIAJA FUERA DEL VEHICULO, LESIONADA EN ACCIDENTE DE TRANSITO
V589;OCUPANTE DE CAMIONETA O FURGONETA LESIONADO EN ACCIDENTE DE TRANSPORTE SIN COLISION, OCUPANTE NO ESPECIFICADO DE CAMIONETA O FURGONETA, LESIONADO EN ACCIDENTE DE TRANSITO
V59;OCUPANTE DE CAMIONETA O FURGONETA LESIONADO EN OTROS ACCIDENTES DE TRANSPORTE, Y EN LOS NO ESPECIFICADOS
V590;CONDUCTOR DE CAMIONETA O FURGONETA LESIONADO POR COLISION CON OTROS VEHICULOS DE MOTOR, Y CON LOS NO ESPECIFICADOS, EN ACCIDENTE NO DE TRANSITO
V591;PASAJERO DE CAMIONETA O FURGONETA LESIONADO POR COLISION CON OTROS VEHICULOS DE MOTOR, Y CON LOS NO ESPECIFICADOS, EN ACCIDENTE NO DE TRANSITO
V592;OCUPANTE NO ESPECIFICADO DE CAMIONETA O FURGONETA LESIONADO POR COLISION CON OTROS VEHICULOS DE MOTOR, Y CON LOS NO ESPECIFICADOS, EN ACCIDENTE NO DE TRANSITO
V593;OCUPANTE [CUALQUIERA] DE CAMIONETA O FURGONETA LESIONADO EN ACCIDENTE NO DE TRANSITO, NO ESPECIFICADO
V594;CONDUCTOR DE CAMIONETA O FURGONETA LESIONADO POR COLISION CON OTROS VEHICULOS DE MOTOR, Y CON LOS NO ESPECIFICADOS, EN ACCIDENTE DE TRANSITO
V595;PASAJERO DE CAMIONETA O FURGONETA LESIONADO POR COLISION CON OTROS VEHICULOS DE MOTOR, Y CON LOS NO ESPECIFICADOS, EN ACCIDENTE DE TRANSITO
V596;OCUPANTE NO ESPECIFICADO DE CAMIONETA O FURGONETA LESIONADO POR COLISION CON OTROS VEHICULOS DE MOTOR, Y CON LOS NO ESPECIFICADOS, EN ACCIDENTE DE TRANSITO
V598;OCUPANTE [CUALQUIERA] DE CAMIONETA O FURGONETA LESIONADO EN OTROS ACCIDENTES DE TRANSPORTE ESPECIFICADOS
V599;OCUPANTE [CUALQUIERA] DE CAMIONETA O FURGONETA LESIONADO EN ACCIDENTE DE TRANSITO NO ESPECIFICADO
V60;OCUPANTE DE VEHICULO DE TRANSPORTE PESADO LESIONADO POR COLISION CON PEATON O ANIMAL
V600;OCUPANTE DE VEHICULO DE TRANSPORTE PESADO LESIONADO POR COLISION CON PEATON O ANIMAL, CONDUCTOR LESIONADO EN ACCIDENTE NO DE TRANSITO
V601;OCUPANTE DE VEHICULO DE TRANSPORTE PESADO LESIONADO POR COLISION CON PEATON O ANIMAL, PASAJERO LESIONADO EN ACCIDENTE NO DE TRANSITO
V602;OCUPANTE DE VEHICULO DE TRANSPORTE PESADO LESIONADO POR COLISION CON PEATON O ANIMAL, PERSONA QUE VIAJA FUERA DEL VEHICULO, LESIONADA EN ACCIDENTE NO DE TRANSITO
V603;OCUPANTE DE VEHICULO DE TRANSPORTE PESADO LESIONADO POR COLISION CON PEATON O ANIMAL, OCUPANTE NO ESPECIFICADO DE VEHICULO DE TRANSPORTE PESADO LESIONADO EN ACCIDENTE NO DE TRANSITO
V604;OCUPANTE DE VEHICULO DE TRANSPORTE PESADO LESIONADO POR COLISION CON PEATON O ANIMAL, PERSONA LESIONADA AL SUBIR O BAJAR DEL VEHICULO
V605;OCUPANTE DE VEHICULO DE TRANSPORTE PESADO LESIONADO POR COLISION CON PEATON O ANIMAL, CONDUCTOR LESIONADO EN ACCIDENTE DE TRANSITO
V606;OCUPANTE DE VEHICULO DE TRANSPORTE PESADO LESIONADO POR COLISION CON PEATON O ANIMAL, PASAJERO LESIONADO EN ACCIDENTE DE TRANSITO
V607;OCUPANTE DE VEHICULO DE TRANSPORTE PESADO LESIONADO POR COLISION CON PEATON O ANIMAL, PERSONA QUE VIAJA FUERA DEL VEHICULO, LESIONADA EN ACCIDENTE DE TRANSITO
V609;OCUPANTE DE VEHICULO DE TRANSPORTE PESADO LESIONADO POR COLISION CON PEATON O ANIMAL, OCUPANTE NO ESPECIFICADO DE VEHICULO DE TRANSPORTE PESADO, LESIONADO EN ACCIDENTE DE TRANSITO
V61;OCUPANTE DE VEHICULO DE TRANSPORTE PESADO LESIONADO POR COLISION CON VEHICULO DE PEDAL
V610;OCUPANTE DE VEHICULO DE TRANSPORTE PESADO LESIONADO POR COLISION CON VEHICULO DE PEDAL, CONDUCTOR LESIONADO EN ACCIDENTE NO DE TRANSITO
V611;OCUPANTE DE VEHICULO DE TRANSPORTE PESADO LESIONADO POR COLISION CON VEHICULO DE PEDAL, PASAJERO LESIONADO EN ACCIDENTE NO DE TRANSITO
V612;OCUPANTE DE VEHICULO DE TRANSPORTE PESADO LESIONADO POR COLISION CON VEHICULO DE PEDAL, PERSONA QUE VIAJA FUERA DEL VEHICULO, LESIONADA EN ACCIDENTE NO DE TRANSITO
V613;OCUPANTE DE VEHICULO DE TRANSPORTE PESADO LESIONADO POR COLISION CON VEHICULO DE PEDAL, OCUPANTE NO ESPECIFICADO DE VEHICULO DE TRANSPORTE PESADO LESIONADO EN ACCIDENTE NO DE TRANSITO
V614;OCUPANTE DE VEHICULO DE TRANSPORTE PESADO LESIONADO POR COLISION CON VEHICULO DE PEDAL, PERSONA LESIONADA AL SUBIR O BAJAR DEL VEHICULO
V615;OCUPANTE DE VEHICULO DE TRANSPORTE PESADO LESIONADO POR COLISION CON VEHICULO DE PEDAL, CONDUCTOR LESIONADO EN ACCIDENTE DE TRANSITO
V616;OCUPANTE DE VEHICULO DE TRANSPORTE PESADO LESIONADO POR COLISION CON VEHICULO DE PEDAL, PASAJERO LESIONADO EN ACCIDENTE DE TRANSITO
V617;OCUPANTE DE VEHICULO DE TRANSPORTE PESADO LESIONADO POR COLISION CON VEHICULO DE PEDAL, PERSONA QUE VIAJA FUERA DEL VEHICULO, LESIONADA EN ACCIDENTE DE TRANSITO
V619;OCUPANTE DE VEHICULO DE TRANSPORTE PESADO LESIONADO POR COLISION CON VEHICULO DE PEDAL, OCUPANTE NO ESPECIFICADO DE VEHICULO DE TRANSPORTE PESADO LESIONADO EN ACCIDENTE DE TRANSITO
V62;OCUPANTE DE VEHICULO DE TRANSPORTE PESADO LESIONADO POR COLISION CON VEHICULO DE MOTOR DE DOS O TRES RUEDAS
V620;OCUPANTE DE VEHICULO DE TRANSPORTE PESADO LESIONADO POR COLISION CON VEHICULO DE MOTOR DE DOS O TRES RUEDAS, CONDUCTOR LESIONADO EN ACCIDENTE NO DE TRANSITO
V621;OCUPANTE DE VEHICULO DE TRANSPORTE PESADO LESIONADO POR COLISION CON VEHICULO DE MOTOR DE DOS O TRES RUEDAS, PASAJERO LESIONADO EN ACCIDENTE NO DE TRANSITO
V622;OCUPANTE DE VEHICULO DE TRANSPORTE PESADO LESIONADO POR COLISION CON VEHICULO DE MOTOR DE DOS O TRES RUEDAS, PERSONA QUE VIAJA FUERA DEL VEHICULO, LESIONADA EN ACCIDENTE NO DE TRANSITO
V623;OCUPANTE DE VEHICULO DE TRANSPORTE PESADO LESIONADO POR COLISION CON VEHICULO DE MOTOR DE DOS O TRES RUEDAS, OCUPANTE NO ESPECIFICADO DE VEHICULO DE TRANSPORTE PESADO LESIONADO EN ACCIDENTE NO DE TRANSITO
V624;OCUPANTE DE VEHICULO DE TRANSPORTE PESADO LESIONADO POR COLISION CON VEHICULO DE MOTOR DE DOS O TRES RUEDAS, PERSONA LESIONADA AL SUBIR O BAJAR DEL VEHICULO
V625;OCUPANTE DE VEHICULO DE TRANSPORTE PESADO LESIONADO POR COLISION CON VEHICULO DE MOTOR DE DOS O TRES RUEDAS, CONDUCTOR LESIONADO EN ACCIDENTE DE TRANSITO
V626;OCUPANTE DE VEHICULO DE TRANSPORTE PESADO LESIONADO POR COLISION CON VEHICULO DE MOTOR DE DOS O TRES RUEDAS, PASAJERO LESIONADO EN ACCIDENTE DE TRANSITO
V627;OCUPANTE DE VEHICULO DE TRANSPORTE PESADO LESIONADO POR COLISION CON VEHICULO DE MOTOR DE DOS O TRES RUEDAS, PERSONA QUE VIAJA FUERA DEL VEHICULO, LESIONADA EN ACCIDENTE DE TRANSITO
V629;OCUPANTE DE VEHICULO DE TRANSPORTE PESADO LESIONADO POR COLISION CON VEHICULO DE MOTOR DE DOS O TRES RUEDAS, OCUPANTE NO ESPECIFICADO DE VEHICULO DE TRANSPORTE PESADO, LESIONADO EN ACCIDENTE DE TRANSITO
V63;OCUPANTE DE VEHICULO DE TRANSPORTE PESADO LESIONADO POR COLISION CON AUTOMOVIL, CAMIONETA O FURGONETA
V630;OCUPANTE DE VEHICULO DE TRANSPORTE PESADO LESIONADO POR COLISION CON AUTOMOVIL, CAMIONETA O FURGONETA, CONDUCTOR LESIONADO EN ACCIDENTE NO DE TRANSITO
V631;OCUPANTE DE VEHICULO DE TRANSPORTE PESADO LESIONADO POR COLISION CON AUTOMOVIL, CAMIONETA O FURGONETA, PASAJERO LESIONADO EN ACCIDENTE NO DE TRANSITO
V632;OCUPANTE DE VEHICULO DE TRANSPORTE PESADO LESIONADO POR COLISION CON AUTOMOVIL, CAMIONETA O FURGONETA, PERSONA QUE VIAJA FUERA DEL VEHICULO, LESIONADA EN ACCIDENTE NO DE TRANSITO
V633;OCUPANTE DE VEHICULO DE TRANSPORTE PESADO LESIONADO POR COLISION CON AUTOMOVIL, CAMIONETA O FURGONETA, OCUPANTE NO ESPECIFICADO DE VEHICULO DE TRANSPORTE PESADO LESIONADO EN ACCIDENTE NO DE TRANSITO
V634;OCUPANTE DE VEHICULO DE TRANSPORTE PESADO LESIONADO POR COLISION CON AUTOMOVIL, CAMIONETA O FURGONETA, PERSONA LESIONADA AL SUBIR O BAJAR DEL VEHICULO
V635;OCUPANTE DE VEHICULO DE TRANSPORTE PESADO LESIONADO POR COLISION CON AUTOMOVIL, CAMIONETA O FURGONETA, CONDUCTOR LESIONADO EN ACCIDENTE DE TRANSITO
V636;OCUPANTE DE VEHICULO DE TRANSPORTE PESADO LESIONADO POR COLISION CON AUTOMOVIL, CAMIONETA O FURGONETA, PASAJERO LESIONADO EN ACCIDENTE DE TRANSITO
V637;OCUPANTE DE VEHICULO DE TRANSPORTE PESADO LESIONADO POR COLISION CON AUTOMOVIL, CAMIONETA O FURGONETA, PERSONA QUE VIAJA FUERA DEL VEHICULO, LESIONADA EN ACCIDENTE DE TRANSITO
V639;OCUPANTE DE VEHICULO DE TRANSPORTE PESADO LESIONADO POR COLISION CON AUTOMOVIL, CAMIONETA O FURGONETA, OCUPANTE NO ESPECIFICADO DE VEHICULO DE TRANSPORTE PESADO, LESIONADO EN ACCIDENTE DE TRANSITO
V64;OCUPANTE DE VEHICULO DE TRANSPORTE PESADO LESIONADO POR COLISION CON OTRO VEHICULO DE TRANSPORTE PESADO O AUTOBUS
V640;OCUPANTE DE VEHICULO DE TRANSPORTE PESADO LESIONADO POR COLISION CON OTRO VEHICULO DE TRANSPORTE PESADO O AUTOBUS, CONDUCTOR LESIONADO EN ACCIDENTE NO DE TRANSITO
V641;OCUPANTE DE VEHICULO DE TRANSPORTE PESADO LESIONADO POR COLISION CON OTRO VEHICULO DE TRANSPORTE PESADO O AUTOBUS, PASAJERO LESIONADO EN ACCIDENTE NO DE TRANSITO
V642;OCUPANTE DE VEHICULO DE TRANSPORTE PESADO LESIONADO POR COLISION CON OTRO VEHICULO DE TRANSPORTE PESADO O AUTOBUS, PERSONA QUE VIAJA FUERA DEL VEHICULO, LESIONADA EN ACCIDENTE NO DE TRANSITO
V643;OCUPANTE DE VEHICULO DE TRANSPORTE PESADO LESIONADO POR COLISION CON OTRO VEHICULO DE TRANSPORTE PESADO O AUTOBUS, OCUPANTE NO ESPECIFICADO DE VEHICULO DE TRANSPORTE PESADO LESIONADO EN ACCIDENTE NO DE TRANSITO
V644;OCUPANTE DE VEHICULO DE TRANSPORTE PESADO LESIONADO POR COLISION CON OTRO VEHICULO DE TRANSPORTE PESADO O AUTOBUS, PERSONA LESIONADA AL SUBIR O BAJAR DEL VEHICULO
V645;OCUPANTE DE VEHICULO DE TRANSPORTE PESADO LESIONADO POR COLISION CON OTRO VEHICULO DE TRANSPORTE PESADO O AUTOBUS, CONDUCTOR LESIONADO EN ACCIDENTE DE TRANSITO
V646;OCUPANTE DE VEHICULO DE TRANSPORTE PESADO LESIONADO POR COLISION CON OTRO VEHICULO DE TRANSPORTE PESADO O AUTOBUS, PASAJERO LESIONADO EN ACCIDENTE DE TRANSITO
V647;OCUPANTE DE VEHICULO DE TRANSPORTE PESADO LESIONADO POR COLISION CON OTRO VEHICULO DE TRANSPORTE PESADO O AUTOBUS, PERSONA QUE VIAJA FUERA DEL VEHICULO, LESIONADA EN ACCIDENTE DE TRANSITO
V649;OCUPANTE DE VEHICULO DE TRANSPORTE PESADO LESIONADO POR COLISION CON OTRO VEHICULO DE TRANSPORTE PESADO O AUTOBUS, OCUPANTE NO ESPECIFICADO DE VEHICULO DE TRANSPORTE PESADO, LESIONADO EN ACCIDENTE DE TRANSITO
V65;OCUPANTE DE VEHICULO DE TRANSPORTE PESADO LESIONADO POR COLISION CON TREN O VEHICULO DE RIELES
V650;OCUPANTE DE VEHICULO DE TRANSPORTE PESADO LESIONADO POR COLISION CON TREN O VEHICULO DE RIELES, CONDUCTOR LESIONADO EN ACCIDENTE NO DE TRANSITO
V651;OCUPANTE DE VEHICULO DE TRANSPORTE PESADO LESIONADO POR COLISION CON TREN O VEHICULO DE RIELES, PASAJERO LESIONADO EN ACCIDENTE NO DE TRANSITO
V652;OCUPANTE DE VEHICULO DE TRANSPORTE PESADO LESIONADO POR COLISION CON TREN O VEHICULO DE RIELES, PERSONA QUE VIAJA FUERA DEL VEHICULO, LESIONADA EN ACCIDENTE NO DE TRANSITO
V653;OCUPANTE DE VEHICULO DE TRANSPORTE PESADO LESIONADO POR COLISION CON TREN O VEHICULO DE RIELES, OCUPANTE NO ESPECIFICADO DE VEHICULO DE TRANSPORTE PESADO LESIONADO EN ACCIDENTE NO DE TRANSITO
V654;OCUPANTE DE VEHICULO DE TRANSPORTE PESADO LESIONADO POR COLISION CON TREN O VEHICULO DE RIELES, PERSONA LESIONADA AL SUBIR O BAJAR DEL VEHICULO
V655;OCUPANTE DE VEHICULO DE TRANSPORTE PESADO LESIONADO POR COLISION CON TREN O VEHICULO DE RIELES, CONDUCTOR LESIONADO EN ACCIDENTE DE TRANSITO
V656;OCUPANTE DE VEHICULO DE TRANSPORTE PESADO LESIONADO POR COLISION CON TREN O VEHICULO DE RIELES, PASAJERO LESIONADO EN ACCIDENTE DE TRANSITO
V657;OCUPANTE DE VEHICULO DE TRANSPORTE PESADO LESIONADO POR COLISION CON TREN O VEHICULO DE RIELES, PERSONA QUE VIAJA FUERA DEL VEHICULO, LESIONADA EN ACCIDENTE DE TRANSITO
V659;OCUPANTE DE VEHICULO DE TRANSPORTE PESADO LESIONADO POR COLISION CON TREN O VEHICULO DE RIELES, OCUPANTE NO ESPECIFICADO DE VEHICULO DE TRANSPORTE PESADO, LESIONADO EN ACCIDENTE DE TRANSITO
V66;OCUPANTE DE VEHICULO DE TRANSPORTE PESADO LESIONADO POR COLISION CON OTROS VEHICULOS SIN MOTOR
V660;OCUPANTE DE VEHICULO DE TRANSPORTE PESADO LESIONADO POR COLISION CON OTROS VEHICULOS SIN MOTOR, CONDUCTOR LESIONADO EN ACCIDENTE NO DE TRANSITO
V661;OCUPANTE DE VEHICULO DE TRANSPORTE PESADO LESIONADO POR COLISION CON OTROS VEHICULOS SIN MOTOR, PASAJERO LESIONADO EN ACCIDENTE NO DE TRANSITO
V662;OCUPANTE DE VEHICULO DE TRANSPORTE PESADO LESIONADO POR COLISION CON OTROS VEHICULOS SIN MOTOR, PERSONA QUE VIAJA FUERA DEL VEHICULO, LESIONADA EN ACCIDENTE NO DE TRANSITO
V663;OCUPANTE DE VEHICULO DE TRANSPORTE PESADO LESIONADO POR COLISION CON OTROS VEHICULOS SIN MOTOR, OCUPANTE NO ESPECIFICADO, DE VEHICULO DE TRANSPORTE PESADO LESIONADO EN ACCIDENTE NO DE TRANSITO
V664;OCUPANTE DE VEHICULO DE TRANSPORTE PESADO LESIONADO POR COLISION CON OTROS VEHICULOS SIN MOTOR, PERSONA LESIONADA AL SUBIR O BAJAR DEL VEHICULO
V665;OCUPANTE DE VEHICULO DE TRANSPORTE PESADO LESIONADO POR COLISION CON OTROS VEHICULOS SIN MOTOR, CONDUCTOR LESIONADO EN ACCIDENTE DE TRANSITO
V666;OCUPANTE DE VEHICULO DE TRANSPORTE PESADO LESIONADO POR COLISION CON OTROS VEHICULOS SIN MOTOR, PASAJERO LESIONADO EN ACCIDENTE DE TRANSITO
V667;OCUPANTE DE VEHICULO DE TRANSPORTE PESADO LESIONADO POR COLISION CON OTROS VEHICULOS SIN MOTOR, PERSONA QUE VIAJA FUERA DEL VEHICULO, LESIONADA EN ACCIDENTE DE TRANSITO
V669;OCUPANTE DE VEHICULO DE TRANSPORTE PESADO LESIONADO POR COLISION CON OTROS VEHICULOS SIN MOTOR, OCUPANTE NO ESPECIFICADO DE VEHICULO DE TRANSPORTE PESADO, LESIONADO EN ACCIDENTE DE TRANSITO
V67;OCUPANTE DE VEHICULO DE TRANSPORTE PESADO LESIONADO POR COLISION CON OBJETO FIJO O ESTACIONADO
V670;OCUPANTE DE VEHICULO DE TRANSPORTE PESADO LESIONADO POR COLISION CON OBJETO FIJO O ESTACIONADO, CONDUCTOR LESIONADO EN ACCIDENTE NO DE TRANSITO
V671;OCUPANTE DE VEHICULO DE TRANSPORTE PESADO LESIONADO POR COLISION CON OBJETO FIJO O ESTACIONADO, PASAJERO LESIONADO EN ACCIDENTE NO DE TRANSITO
V672;OCUPANTE DE VEHICULO DE TRANSPORTE PESADO LESIONADO POR COLISION CON OBJETO FIJO O ESTACIONADO, PERSONA QUE VIAJA FUERA DEL VEHICULO, LESIONADA EN ACCIDENTE NO DE TRANSITO
V673;OCUPANTE DE VEHICULO DE TRANSPORTE PESADO LESIONADO POR COLISION CON OBJETO FIJO O ESTACIONADO, OCUPANTE NO ESPECIFICADO DE VEHICULO DE TRANSPORTE PESADO, LESIONADO EN ACCIDENTE NO DE TRANSITO
V674;OCUPANTE DE VEHICULO DE TRANSPORTE PESADO LESIONADO POR COLISION CON OBJETO FIJO O ESTACIONADO, PERSONA LESIONADA AL SUBIR O BAJAR DEL VEHICULO
V675;OCUPANTE DE VEHICULO DE TRANSPORTE PESADO LESIONADO POR COLISION CON OBJETO FIJO O ESTACIONADO, CONDUCTOR LESIONADO EN ACCIDENTE DE TRANSITO
V676;OCUPANTE DE VEHICULO DE TRANSPORTE PESADO LESIONADO POR COLISION CON OBJETO FIJO O ESTACIONADO, PASAJERO LESIONADO EN ACCIDENTE DE TRANSITO
V677;OCUPANTE DE VEHICULO DE TRANSPORTE PESADO LESIONADO POR COLISION CON OBJETO FIJO O ESTACIONADO, PERSONA QUE VIAJA FUERA DEL VEHICULO, LESIONADA EN ACCIDENTE DE TRANSITO
V679;OCUPANTE DE VEHICULO DE TRANSPORTE PESADO LESIONADO POR COLISION CON OBJETO FIJO O ESTACIONADO, OCUPANTE NO ESPECIFICADO DE VEHICULO DE TRANSPORTE PESADO, LESIONADO EN ACCIDENTE DE TRANSITO
V68;OCUPANTE DE VEHICULO DE TRANSPORTE PESADO LESIONADO EN ACCIDENTE DE TRANSPORTE SIN COLISION
V680;OCUPANTE DE VEHICULO DE TRANSPORTE PESADO LESIONADO EN ACCIDENTE DE TRANSPORTE SIN COLISION, CONDUCTOR LESIONADO EN ACCIDENTE NO DE TRANSITO
V681;OCUPANTE DE VEHICULO DE TRANSPORTE PESADO LESIONADO EN ACCIDENTE DE TRANSPORTE SIN COLISION, PASAJERO LESIONADO EN ACCIDENTE NO DE TRANSITO
V682;OCUPANTE DE VEHICULO DE TRANSPORTE PESADO LESIONADO EN ACCIDENTE DE TRANSPORTE SIN COLISION, PERSONA QUE VIAJA FUERA DEL VEHICULO, LESIONADA EN ACCIDENTE NO DE TRANSITO
V683;OCUPANTE DE VEHICULO DE TRANSPORTE PESADO LESIONADO EN ACCIDENTE DE TRANSPORTE SIN COLISION, OCUPANTE NO ESPECIFICADO DE VEHICULO DE TRANSPORTE PESADO, LESIONADO EN ACCIDENTE NO DE TRANSITO
V684;OCUPANTE DE VEHICULO DE TRANSPORTE PESADO LESIONADO EN ACCIDENTE DE TRANSPORTE SIN COLISION, PERSONA LESIONADA AL SUBIR O BAJAR DEL VEHICULO
V685;OCUPANTE DE VEHICULO DE TRANSPORTE PESADO LESIONADO EN ACCIDENTE DE TRANSPORTE SIN COLISION, CONDUCTOR LESIONADO EN ACCIDENTE DE TRANSITO
V686;OCUPANTE DE VEHICULO DE TRANSPORTE PESADO LESIONADO EN ACCIDENTE DE TRANSPORTE SIN COLISION, PASAJERO LESIONADO EN ACCIDENTE DE TRANSITO
V687;OCUPANTE DE VEHICULO DE TRANSPORTE PESADO LESIONADO EN ACCIDENTE DE TRANSPORTE SIN COLISION, PERSONA QUE VIAJA FUERA DEL VEHICULO, LESIONADA EN ACCIDENTE DE TRANSITO
V689;OCUPANTE DE VEHICULO DE TRANSPORTE PESADO LESIONADO EN ACCIDENTE DE TRANSPORTE SIN COLISION, OCUPANTE NO ESPECIFICADO DE VEHICULO DE TRANSPORTE PESADO, LESIONADO EN ACCIDENTE DE TRANSITO
V69;OCUPANTE DE VEHICULO DE TRANSPORTE PESADO LESIONADO EN OTROS ACCIDENTES DE TRANSPORTE, Y EN LOS NO ESPECIFICADOS
V690;CONDUCTOR DE VEHICULO DE TRANSPORTE PESADO LESIONADO POR COLISION CON OTROS VEHICULOS DE MOTOR, Y CON LOS NO ESPECIFICADOS, EN ACCIDENTE NO DE TRANSITO
V691;PASAJERO DE VEHICULO DE TRANSPORTE PESADO LESIONADO POR COLISION CON OTROS VEHICULOS DE MOTOR, Y CON LOS NO ESPECIFICADOS, EN ACCIDENTE NO DE TRANSITO
V692;OCUPANTE NO ESPECIFICADO DE VEHICULO DE TRANSPORTE PESADO LESIONADO POR COLISION CON OTROS VEHICULOS DE MOTOR, Y CON LOS NO ESPECIFICADOS, EN ACCIDENTE NO DE TRANSITO
V693;OCUPANTE [CUALQUIERA] DE VEHICULO DE TRANSPORTE PESADO LESIONADO EN ACCIDENTE NO DE TRANSITO, NO ESPECIFICADO
V694;CONDUCTOR DE VEHICULO DE TRANSPORTE PESADO LESIONADO POR COLISION CON OTROS VEHICULOS DE MOTOR, Y CON LOS NO ESPECIFICADOS, EN ACCIDENTE DE TRANSITO
V695;PASAJERO DE VEHICULO TRANSPORTE PESADO LESIONADO POR COLISION CON OTROS VEHICULOS DE MOTOR, Y CON LOS NO ESPECIFICADOS, EN ACCIDENTE DE TRANSITO
V696;OCUPANTE NO ESPECIFICADO DE VEHICULO DE TRANSPORTE PESADO LESIONADO POR COLISION CON OTROS VEHICULOS DE MOTOR, Y CON LOS NO ESPECIFICADOS, EN ACCIDENTE DE TRANSITO
V698;OCUPANTE [CUALQUIERA] DE VEHICULO DE TRANSPORTE PESADO LESIONADO EN OTROS ACCIDENTES DE TRANSPORTE ESPECIFICADOS
V699;OCUPANTE [CUALQUIERA] DE VEHICULO DE TRANSPORTE PESADO LESIONADO EN ACCIDENTE DE TRANSITO NO ESPECIFICADO
V70;OCUPANTE DE AUTOBUS LESIONADO POR COLISION CON PEATON O ANIMAL
V700;OCUPANTE DE AUTOBUS LESIONADO POR COLISION CON PEATON O ANIMAL, CONDUCTOR LESIONADO EN ACCIDENTE NO DE TRANSITO
V701;OCUPANTE DE AUTOBUS LESIONADO POR COLISION CON PEATON O ANIMAL, PASAJERO LESIONADO EN ACCIDENTE NO DE TRANSITO
V702;OCUPANTE DE AUTOBUS LESIONADO POR COLISION CON PEATON O ANIMAL, PERSONA QUE VIAJA FUERA DEL VEHICULO, LESIONADA EN ACCIDENTE NO DE TRANSITO
V703;OCUPANTE DE AUTOBUS LESIONADO POR COLISION CON PEATON O ANIMAL, OCUPANTE NO ESPECIFICADO DE AUTOBUS, LESIONADO EN ACCIDENTE NO DE TRANSITO
V704;OCUPANTE DE AUTOBUS LESIONADO POR COLISION CON PEATON O ANIMAL, PERSONA LESIONADA AL SUBIR O BAJAR DEL VEHICULO
V705;OCUPANTE DE AUTOBUS LESIONADO POR COLISION CON PEATON O ANIMAL, CONDUCTOR LESIONADO EN ACCIDENTE DE TRANSITO
V706;OCUPANTE DE AUTOBUS LESIONADO POR COLISION CON PEATON O ANIMAL, PASAJERO LESIONADO EN ACCIDENTE DE TRANSITO
V707;OCUPANTE DE AUTOBUS LESIONADO POR COLISION CON PEATON O ANIMAL, PERSONA QUE VIAJA FUERA DEL VEHICULO, LESIONADA EN ACCIDENTE DE TRANSITO
V709;OCUPANTE DE AUTOBUS LESIONADO POR COLISION CON PEATON O ANIMAL, OCUPANTE NO ESPECIFICADO DE AUTOBUS, LESIONADO EN ACCIDENTE DE TRANSITO
V71;OCUPANTE DE AUTOBUS LESIONADO POR COLISION CON VEHICULO DE PEDAL
V710;OCUPANTE DE AUTOBUS LESIONADO POR COLISION CON VEHICULO DE PEDAL, CONDUCTOR LESIONADO EN ACCIDENTE NO DE TRANSITO
V711;OCUPANTE DE AUTOBUS LESIONADO POR COLISION CON VEHICULO DE PEDAL, PASAJERO LESIONADO EN ACCIDENTE NO DE TRANSITO
V712;OCUPANTE DE AUTOBUS LESIONADO POR COLISION CON VEHICULO DE PEDAL, PERSONA QUE VIAJA FUERA DEL VEHICULO, LESIONADA EN ACCIDENTE NO DE TRANSITO
V713;OCUPANTE DE AUTOBUS LESIONADO POR COLISION CON VEHICULO DE PEDAL, OCUPANTE NO ESPECIFICADO DE AUTOBUS, LESIONADO EN ACCIDENTE NO DE TRANSITO
V714;OCUPANTE DE AUTOBUS LESIONADO POR COLISION CON VEHICULO DE PEDAL, PERSONA LESIONADA AL SUBIR O BAJAR DEL VEHICULO
V715;OCUPANTE DE AUTOBUS LESIONADO POR COLISION CON VEHICULO DE PEDAL, CONDUCTOR LESIONADO EN ACCIDENTE DE TRANSITO
V716;OCUPANTE DE AUTOBUS LESIONADO POR COLISION CON VEHICULO DE PEDAL, PASAJERO LESIONADO EN ACCIDENTE DE TRANSITO
V717;OCUPANTE DE AUTOBUS LESIONADO POR COLISION CON VEHICULO DE PEDAL, PERSONA QUE VIAJA FUERA DEL VEHICULO, LESIONADA EN ACCIDENTE DE TRANSITO
V719;OCUPANTE DE AUTOBUS LESIONADO POR COLISION CON VEHICULO DE PEDAL, OCUPANTE NO ESPECIFICADO DE AUTOBUS, LESIONADO EN ACCIDENTE DE TRANSITO
V72;OCUPANTE DE AUTOBUS LESIONADO POR COLISION CON VEHICULO DE MOTOR DE DOS O TRES RUEDAS
V720;OCUPANTE DE AUTOBUS LESIONADO POR COLISION CON VEHICULO DE MOTOR DE DOS O TRES RUEDAS, CONDUCTOR LESIONADO EN ACCIDENTE NO DE TRANSITO
V721;OCUPANTE DE AUTOBUS LESIONADO POR COLISION CON VEHICULO DE MOTOR DE DOS O TRES RUEDAS, PASAJERO LESIONADO EN ACCIDENTE NO DE TRANSITO
V722;OCUPANTE DE AUTOBUS LESIONADO POR COLISION CON VEHICULO DE MOTOR DE DOS O TRES RUEDAS, PERSONA QUE VIAJA FUERA DEL VEHICULO, LESIONADA EN ACCIDENTE NO TRANSITO
V723;OCUPANTE DE AUTOBUS LESIONADO POR COLISION CON VEHICULO DE MOTOR DE DOS O TRES RUEDAS, OCUPANTE NO ESPECIFICADO DE AUTOBUS, LESIONADO EN ACCIDENTE NO DE TRANSITO
V724;OCUPANTE DE AUTOBUS LESIONADO POR COLISION CON VEHICULO DE MOTOR DE DOS O TRES RUEDAS, PERSONA LESIONADA AL SUBIR O BAJAR DEL VEHICULO
V725;OCUPANTE DE AUTOBUS LESIONADO POR COLISION CON VEHICULO DE MOTOR DE DOS O TRES RUEDAS, CONDUCTOR LESIONADO EN ACCIDENTE DE TRANSITO
V726;OCUPANTE DE AUTOBUS LESIONADO POR COLISION CON VEHICULO DE MOTOR DE DOS O TRES RUEDAS, PASAJERO LESIONADO EN ACCIDENTE DE TRANSITO
V727;OCUPANTE DE AUTOBUS LESIONADO POR COLISION CON VEHICULO DE MOTOR DE DOS O TRES RUEDAS, PERSONA QUE VIAJA FUERA DEL VEHICULO, LESIONADA EN ACCIDENTE DE TRANSITO
V729;OCUPANTE DE AUTOBUS LESIONADO POR COLISION CON VEHICULO DE MOTOR DE DOS O TRES RUEDAS, OCUPANTE NO ESPECIFICADO DE AUTOBUS, LESIONADO EN ACCIDENTE DE TRANSITO
V73;OCUPANTE DE AUTOBUS LESIONADO POR COLISION CON AUTOMOVIL, CAMIONETA O FURGONETA
V730;OCUPANTE DE AUTOBUS LESIONADO POR COLISION CON AUTOMOVIL, CAMIONETA O FURGONETA, CONDUCTOR LESIONADO EN ACCIDENTE NO DE TRANSITO
V731;OCUPANTE DE AUTOBUS LESIONADO POR COLISION CON AUTOMOVIL, CAMIONETA O FURGONETA, PASAJERO LESIONADO EN ACCIDENTE NO DE TRANSITO
V732;OCUPANTE DE AUTOBUS LESIONADO POR COLISION CON AUTOMOVIL, CAMIONETA O FURGONETA, PERSONA QUE VIAJA FUERA DEL VEHICULO LESIONADA EN ACCIDENTE NO DE TRANSITO
V733;OCUPANTE DE AUTOBUS LESIONADO POR COLISION CON AUTOMOVIL, CAMIONETA O FURGONETA, OCUPANTE NO ESPECIFICADO DE AUTOBUS, LESIONADO EN ACCIDENTE NO DE TRANSITO
V734;OCUPANTE DE AUTOBUS LESIONADO POR COLISION CON AUTOMOVIL, CAMIONETA O FURGONETA, PERSONA LESIONADA AL SUBIR O BAJAR DEL VEHICULO
V735;OCUPANTE DE AUTOBUS LESIONADO POR COLISION CON AUTOMOVIL, CAMIONETA O FURGONETA, CONDUCTOR LESIONADO EN ACCIDENTE DE TRANSITO
V736;OCUPANTE DE AUTOBUS LESIONADO POR COLISION CON AUTOMOVIL, CAMIONETA O FURGONETA, PASAJERO LESIONADO EN ACCIDENTE DE TRANSITO
V737;OCUPANTE DE AUTOBUS LESIONADO POR COLISION CON AUTOMOVIL, CAMIONETA O FURGONETA, PERSONA QUE VIAJA FUERA DEL VEHICULO, LESIONADA EN ACCIDENTE DE TRANSITO
V739;OCUPANTE DE AUTOBUS LESIONADO POR COLISION CON AUTOMOVIL, CAMIONETA O FURGONETA, OCUPANTE NO ESPECIFICADO DE AUTOBUS, LESIONADO EN ACCIDENTE DE TRANSITO
V74;OCUPANTE DE AUTOBUS LESIONADO POR COLISION CON VEHICULO DE TRANSPORTE PESADO O AUTOBUS
V740;OCUPANTE DE AUTOBUS LESIONADO POR COLISION CON VEHICULO DE TRANSPORTE PESADO O AUTOBUS, CONDUCTOR LESIONADO EN ACCIDENTE NO DE TRANSITO
V741;OCUPANTE DE AUTOBUS LESIONADO POR COLISION CON VEHICULO DE TRANSPORTE PESADO O AUTOBUS, PASAJERO LESIONADO EN ACCIDENTE NO DE TRANSITO
V742;OCUPANTE DE AUTOBUS LESIONADO POR COLISION CON VEHICULO DE TRANSPORTE PESADO O AUTOBUS, PERSONA QUE VIAJA FUERA DEL VEHICULO, LESIONADA EN ACCIDENTE NO DE TRANSITO
V743;OCUPANTE DE AUTOBUS LESIONADO POR COLISION CON VEHICULO DE TRANSPORTE PESADO O AUTOBUS, OCUPANTE NO ESPECIFICADO DE AUTOBUS, LESIONADO EN ACCIDENTE NO DE TRANSITO
V744;OCUPANTE DE AUTOBUS LESIONADO POR COLISION CON VEHICULO DE TRANSPORTE PESADO O AUTOBUS, PERSONA LESIONADA AL SUBIR O BAJAR DEL VEHICULO
V745;OCUPANTE DE AUTOBUS LESIONADO POR COLISION CON VEHICULO DE TRANSPORTE PESADO O AUTOBUS, CONDUCTOR LESIONADO EN ACCIDENTE DE TRANSITO
V746;OCUPANTE DE AUTOBUS LESIONADO POR COLISION CON VEHICULO DE TRANSPORTE PESADO O AUTOBUS, PASAJERO LESIONADO EN ACCIDENTE DE TRANSITO
V747;OCUPANTE DE AUTOBUS LESIONADO POR COLISION CON VEHICULO DE TRANSPORTE PESADO O AUTOBUS, PERSONA QUE VIAJA FUERA DEL VEHICULO LESIONADA EN ACCIDENTE DE TRANSITO
V749;OCUPANTE DE AUTOBUS LESIONADO POR COLISION CON VEHICULO DE TRANSPORTE PESADO O AUTOBUS, OCUPANTE NO ESPECIFICADO DE AUTOBUS, LESIONADO EN ACCIDENTE DE TRANSITO
V75;OCUPANTE DE AUTOBUS LESIONADO POR COLISION CON TREN O VEHICULO DE RIELES
V750;OCUPANTE DE AUTOBUS LESIONADO POR COLISION CON TREN O VEHICULO DE RIELES, CONDUCTOR LESIONADO EN ACCIDENTE NO DE TRANSITO
V751;OCUPANTE DE AUTOBUS LESIONADO POR COLISION CON TREN O VEHICULO DE RIELES, PASAJERO LESIONADO EN ACCIDENTE NO DE TRANSITO
V752;OCUPANTE DE AUTOBUS LESIONADO POR COLISION CON TREN O VEHICULO DE RIELES, PERSONA QUE VIAJA FUERA DEL VEHICULO, LESIONADA EN ACCIDENTE NO DE TRANSITO
V753;OCUPANTE DE AUTOBUS LESIONADO POR COLISION CON TREN O VEHICULO DE RIELES, OCUPANTE NO ESPECIFICADO DE AUTOBUS, LESIONADO EN ACCIDENTE NO DE TRANSITO
V754;OCUPANTE DE AUTOBUS LESIONADO POR COLISION CON TREN O VEHICULO DE RIELES, PERSONA LESIONADA AL SUBIR O BAJAR DEL VEHICULO
V755;OCUPANTE DE AUTOBUS LESIONADO POR COLISION CON TREN O VEHICULO DE RIELES, CONDUCTOR LESIONADO EN ACCIDENTE DE TRANSITO
V756;OCUPANTE DE AUTOBUS LESIONADO POR COLISION CON TREN O VEHICULO DE RIELES, PASAJERO LESIONADO EN ACCIDENTE DE TRANSITO
V757;OCUPANTE DE AUTOBUS LESIONADO POR COLISION CON TREN O VEHICULO DE RIELES, PERSONA QUE VIAJA FUERA DEL VEHICULO, LESIONADA EN ACCIDENTE DE TRANSITO
V759;OCUPANTE DE AUTOBUS LESIONADO POR COLISION CON TREN O VEHICULO DE RIELES, OCUPANTE NO ESPECIFICADO DE AUTOBUS, LESIONADO EN ACCIDENTE DE TRANSITO
V76;OCUPANTE DE AUTOBUS LESIONADO POR COLISION CON OTROS VEHICULOS SIN MOTOR
V760;OCUPANTE DE AUTOBUS LESIONADO POR COLISION CON OTROS VEHICULOS SIN MOTOR, CONDUCTOR LESIONADO EN ACCIDENTE NO DE TRANSITO
V761;OCUPANTE DE AUTOBUS LESIONADO POR COLISION CON OTROS VEHICULOS SIN MOTOR, PASAJERO LESIONADO EN ACCIDENTE NO DE TRANSITO
V762;OCUPANTE DE AUTOBUS LESIONADO POR COLISION CON OTROS VEHICULOS SIN MOTOR, PERSONA QUE VIAJA FUERA DEL VEHICULO LESIONADA EN ACCIDENTE NO DE TRANSITO
V763;OCUPANTE DE AUTOBUS LESIONADO POR COLISION CON OTROS VEHICULOS SIN MOTOR, OCUPANTE NO ESPECIFICADO DE AUTOBUS, LESIONADO EN ACCIDENTE NO DE TRANSITO
V764;OCUPANTE DE AUTOBUS LESIONADO POR COLISION CON OTROS VEHICULOS SIN MOTOR, PERSONA LESIONADA AL SUBIR O BAJAR DEL VEHICULO
V765;OCUPANTE DE AUTOBUS LESIONADO POR COLISION CON OTROS VEHICULOS SIN MOTOR, CONDUCTOR LESIONADO EN ACCIDENTE DE TRANSITO
V766;OCUPANTE DE AUTOBUS LESIONADO POR COLISION CON OTROS VEHICULOS SIN MOTOR, PASAJERO LESIONADO EN ACCIDENTE DE TRANSITO
V767;OCUPANTE DE AUTOBUS LESIONADO POR COLISION CON OTROS VEHICULOS SIN MOTOR, PERSONA QUE VIAJA FUERA DEL VEHICULO LESIONADA EN ACCIDENTE DE TRANSITO
V769;OCUPANTE DE AUTOBUS LESIONADO POR COLISION CON OTROS VEHICULOS SIN MOTOR, OCUPANTE NO ESPECIFICADO DE AUTOBUS, LESIONADO EN ACCIDENTE DE TRANSITO
V77;OCUPANTE DE AUTOBUS LESIONADO POR COLISION CON OBJETO FIJO O ESTACIONADO
V770;OCUPANTE DE AUTOBUS LESIONADO POR COLISION CON OBJETO FIJO O ESTACIONADO, CONDUCTOR LESIONADO EN ACCIDENTE NO DE TRANSITO
V771;OCUPANTE DE AUTOBUS LESIONADO POR COLISION CON OBJETO FIJO O ESTACIONADO, PASAJERO LESIONADO EN ACCIDENTE NO DE TRANSITO
V772;OCUPANTE DE AUTOBUS LESIONADO POR COLISION CON OBJETO FIJO O ESTACIONADO, PERSONA QUE VIAJA FUERA DEL VEHICULO LESIONADA EN ACCIDENTE NO DE TRANSITO
V773;OCUPANTE DE AUTOBUS LESIONADO POR COLISION CON OBJETO FIJO O ESTACIONADO, OCUPANTE NO ESPECIFICADO DE AUTOBUS, LESIONADO EN ACCIDENTE NO DE TRANSITO
V774;OCUPANTE DE AUTOBUS LESIONADO POR COLISION CON OBJETO FIJO O ESTACIONADO, PERSONA LESIONADA AL SUBIR O BAJAR DEL VEHICULO
V775;OCUPANTE DE AUTOBUS LESIONADO POR COLISION CON OBJETO FIJO O ESTACIONADO, CONDUCTOR LESIONADO EN ACCIDENTE DE TRANSITO
V776;OCUPANTE DE AUTOBUS LESIONADO POR COLISION CON OBJETO FIJO O ESTACIONADO, PASAJERO LESIONADO EN ACCIDENTE DE TRANSITO
V777;OCUPANTE DE AUTOBUS LESIONADO POR COLISION CON OBJETO FIJO O ESTACIONADO, PERSONA QUE VIAJA FUERA DEL VEHICULO, LESIONADA EN ACCIDENTE DE TRANSITO
V779;OCUPANTE DE AUTOBUS LESIONADO POR COLISION CON OBJETO FIJO O ESTACIONADO, OCUPANTE NO ESPECIFICADO DE AUTOBUS, LESIONADO EN ACCIDENTE DE TRANSITO
V78;OCUPANTE DE AUTOBUS LESIONADO EN ACCIDENTE DE TRANSPORTE SIN COLISION
V780;OCUPANTE DE AUTOBUS LESIONADO EN ACCIDENTE DE TRANSPORTE SIN COLISION, CONDUCTOR LESIONADO EN ACCIDENTE NO DE TRANSITO
V781;OCUPANTE DE AUTOBUS LESIONADO EN ACCIDENTE DE TRANSPORTE O SIN COLISION, PASAJERO LESIONADO EN ACCIDENTE NO DE TRANSITO
V782;OCUPANTE DE AUTOBUS LESIONADO EN ACCIDENTE DE TRANSPORTE SIN COLISION, PERSONA QUE VIAJA FUERA DEL VEHICULO LESIONADA EN ACCIDENTE NO DE TRANSITO
V783;OCUPANTE DE AUTOBUS LESIONADO EN ACCIDENTE DE TRANSPORTE SIN COLISION, OCUPANTE NO ESPECIFICADO DE AUTOBUS, LESIONADO EN ACCIDENTE NO DE TRANSITO
V784;OCUPANTE DE AUTOBUS LESIONADO EN ACCIDENTE DE TRANSPORTE SIN COLISION, PERSONA LESIONADA AL SUBIR O BAJAR DEL VEHICULO
V785;OCUPANTE DE AUTOBUS LESIONADO EN ACCIDENTE DE TRANSPORTE SIN COLISION, CONDUCTOR LESIONADO EN ACCIDENTE DE TRANSITO
V786;OCUPANTE DE AUTOBUS LESIONADO EN ACCIDENTE DE TRANSPORTE SIN COLISION, PASAJERO LESIONADO EN ACCIDENTE DE TRANSITO
V787;OCUPANTE DE AUTOBUS LESIONADO EN ACCIDENTE DE TRANSPORTE SIN COLISION, PERSONA QUE VIAJA FUERA DEL VEHICULO LESIONADA EN ACCIDENTE DE TRANSITO
V789;OCUPANTE DE AUTOBUS LESIONADO EN ACCIDENTE DE TRANSPORTE SIN COLISION, OCUPANTE NO ESPECIFICADO DE AUTOBUS, LESIONADO EN ACCIDENTE DE TRANSITO
V79;OCUPANTE DE AUTOBUS LESIONADO EN OTROS ACCIDENTES DE TRANSPORTE, Y EN LOS NO ESPECIFICADOS
V790;CONDUCTOR DE AUTOBUS LESIONADO POR COLISION CON OTROS VEHICULOS DE MOTOR, Y CON LOS NO ESPECIFICADOS EN ACCIDENTE NO DE TRANSITO
V791;PASAJERO DE AUTOBUS LESIONADO POR COLISION CON OTROS VEHICULOS DE MOTOR, Y CON LOS NO ESPECIFICADOS EN ACCIDENTE NO DE TRANSITO
V792;OCUPANTE NO ESPECIFICADO DE AUTOBUS LESIONADO POR COLISION CON OTROS VEHICULOS DE MOTOR, Y CON LOS NO ESPECIFICADOS EN ACCIDENTE NO DE TRANSITO
V793;OCUPANTE [CUALQUIERA] DE AUTOBUS LESIONADO EN ACCIDENTE NO DE TRANSITO, NO ESPECIFICADO
V794;CONDUCTOR DE AUTOBUS LESIONADO POR COLISION CON OTROS VEHICULOS DE MOTOR, Y CON LOS NO ESPECIFICADOS EN ACCIDENTE DE TRANSITO
V795;PASAJERO DE AUTOBUS LESIONADO POR COLISION CON OTROS VEHICULOS DE MOTOR, Y CON LOS NO ESPECIFICADOS, EN ACCIDENTE DE TRANSITO
V796;OCUPANTE NO ESPECIFICADO DE AUTOBUS LESIONADO POR COLISION CON OTROS VEHICULOS DE MOTOR, Y CON LOS NO ESPECIFICADOS, EN ACCIDENTE DE TRANSITO
V798;OCUPANTE [CUALQUIERA] DE AUTOBUS LESIONADO EN OTROS ACCIDENTES DE TRANSPORTE ESPECIFICADOS
V799;OCUPANTE [CUALQUIERA] DE AUTOBUS LESIONADO EN ACCIDENTE DE TRANSITO NO ESPECIFICADO
V80;JINETE U OCUPANTE DE VEHICULO DE TRACCION ANIMAL LESIONADO EN ACCIDENTE DE TRANSPORTE
V800;JINETE U OCUPANTE DE VEHICULO DE TRACCION ANIMAL LESIONADO POR CAIDA (O POR SER DESPEDIDO) DEL ANIMAL O DEL VEHICULO DE TRACCION ANIMAL, EN ACCIDENTE SIN COLISION
V801;JINETE U OCUPANTE DE VEHICULO DE TRACCION ANIMAL LESIONADO POR COLISION CON PEATON O ANIMAL
V802;JINETE U OCUPANTE DE VEHICULO DE TRACCION ANIMAL LESIONADO POR COLISION CON VEHICULO DE PEDAL
V803;JINETE U OCUPANTE DE VEHICULO DE TRACCION ANIMAL LESIONADO POR COLISION CON VEHICULO DE MOTOR DE DOS O TRES RUEDAS
V804;JINETE U OCUPANTE DE VEHICULO DE TRACCION ANIMAL LESIONADO POR COLISION CON AUTOMOVIL, CAMIONETA O FURGONETA, VEHICULO DE TRANSPORTE PESADO, O AUTOBUS
V805;JINETE U OCUPANTE DE VEHICULO DE TRACCION ANIMAL LESIONADO POR COLISION CON OTROS VEHICULOS DE MOTOR ESPECIFICADOS
V806;JINETE U OCUPANTE DE VEHICULO DE TRACCION ANIMAL LESIONADO POR COLISION CON TREN O VEHICULO DE RIELES
V807;JINETE U OCUPANTE DE VEHICULO DE TRACCION ANIMAL LESIONADO POR COLISION CON OTROS VEHICULOS SIN MOTOR
V808;JINETE U OCUPANTE DE VEHICULO DE TRACCION ANIMAL LESIONADO POR COLISION CON OBJETO FIJO O ESTACIONADO
V809;JINETE U OCUPANTE DE VEHICULO DE TRACCION ANIMAL LESIONADO EN OTROS ACCIDENTES DE TRANSPORTE, Y EN LOS NO ESPECIFICADOS
V81;OCUPANTE DE TREN O VEHICULO DE RIELES LESIONADO EN ACCIDENTE DE TRANSPORTE
V810;OCUPANTE DE TREN O VEHICULO DE RIELES LESIONADO POR COLISION CON VEHICULO DE MOTOR, EN ACCIDENTE NO DE TRANSITO
V811;OCUPANTE DE TREN O VEHICULO DE RIELES LESIONADO POR COLISION CON VEHICULO DE MOTOR, EN ACCIDENTE DE TRANSITO
V812;OCUPANTE DE TREN O VEHICULO DE RIELES LESIONADO POR COLISION CON, O GOLPEADO POR VAGON
V813;OCUPANTE DE TREN O VEHICULO DE RIELES LESIONADO POR COLISION CON OTROS OBJETOS
V814;PERSONA LESIONADA AL SUBIR O BAJAR DEL TREN O VEHICULO DE RIELES
V815;OCUPANTE DE TREN O VEHICULO DE RIELES LESIONADO POR CAIDA DENTRO DEL TREN O VEHICULO DE RIELES
V816;OCUPANTE DE TREN O VEHICULO DE RIELES LESIONADO POR CAIDA DESDE EL TREN O VEHICULO DE RIELES
V817;OCUPANTE DE TREN O VEHICULO DE RIELES LESIONADO EN DESCARRILAMIENTO SIN COLISION ANTERIOR
V818;OCUPANTE DE TREN O VEHICULO DE RIELES LESIONADO EN OTROS ACCIDENTES FERROVIARIOS ESPECIFICADOS
V819;OCUPANTE DE TREN O VEHICULO DE RIELES LESIONADO EN ACCIDENTE FERROVIARIO NO ESPECIFICADO
V82;OCUPANTE DE TRANVIA LESIONADO EN ACCIDENTE DE TRANSPORTE
V820;OCUPANTE DE TRANVIA LESIONADO POR COLISION CON VEHICULO DE MOTOR, EN ACCIDENTE NO DE TRANSITO
V821;OCUPANTE DE TRANVIA LESIONADO POR COLISION CON VEHICULO DE MOTOR, EN ACCIDENTE DE TRANSITO
V822;OCUPANTE DE TRANVIA LESIONADO POR COLISION CON, O GOLPEADO POR VAGON
V823;OCUPANTE DE TRANVIA LESIONADO POR COLISION CON OTROS OBJETOS
V824;PERSONA LESIONADA AL SUBIR O BAJAR DEL TRANVIA
V825;OCUPANTE DE TRANVIA LESIONADO POR CAIDA DENTRO DEL TRANVIA
V826;OCUPANTE DE TRANVIA LESIONADO POR CAIDA DESDE EL TRANVIA
V827;OCUPANTE DE TRANVIA LESIONADO POR DESCARRILAMIENTO, SIN COLISION ANTERIOR
V828;OCUPANTE DE TRANVIA LESIONADO EN OTROS ACCIDENTES DE TRANSPORTE, ESPECIFICADOS
V829;OCUPANTE DE TRANVIA LESIONADO EN ACCIDENTE DE TRANSITO NO ESPECIFICADO
V83;OCUPANTE DE VEHICULO ESPECIAL (DE MOTOR) PARA USO PRINCIPALMENTE EN PLANTAS INDUSTRIALES LESIONADO EN ACCIDENTE DE TRANSPORTE
V830;CONDUCTOR DE VEHICULO INDUSTRIAL ESPECIAL LESIONADO EN ACCIDENTE DE TRANSITO
V831;PASAJERO DE VEHICULO INDUSTRIAL ESPECIAL LESIONADO EN ACCIDENTE DE TRANSITO
V832;PERSONA QUE VIAJA FUERA DE VEHICULO INDUSTRIAL ESPECIAL LESIONADA EN ACCIDENTE DE TRANSITO
V833;OCUPANTE NO ESPECIFICADO DE VEHICULO INDUSTRIAL ESPECIAL LESIONADO EN ACCIDENTE DE TRANSITO
V834;PERSONA LESIONADA AL SUBIR O BAJAR DEL VEHICULO INDUSTRIAL ESPECIAL
V835;CONDUCTOR DE VEHICULO INDUSTRIAL ESPECIAL LESIONADO EN ACCIDENTE NO DE TRANSITO
V836;PASAJERO DE VEHICULO INDUSTRIAL ESPECIAL LESIONADO EN ACCIDENTE NO DE TRANSITO
V837;PERSONA QUE VIAJA FUERA DEL VEHICULO INDUSTRIAL ESPECIAL LESIONADA EN ACCIDENTE NO DE TRANSITO
V839;OCUPANTE NO ESPECIFICADO DEL VEHICULO INDUSTRIAL ESPECIAL LESIONADO EN ACCIDENTE NO DE TRANSITO
V84;OCUPANTE DE VEHICULO ESPECIAL (DE MOTOR) PARA USO PRINCIPALMENTE EN AGRICULTURA LESIONADO EN ACCIDENTE DE TRANSPORTE
V840;CONDUCTOR DE VEHICULO AGRICOLA ESPECIAL LESIONADO EN ACCIDENTE DE TRANSITO
V841;PASAJERO DE VEHICULO AGRICOLA ESPECIAL LESIONADO EN ACCIDENTE DE TRANSITO
V842;PERSONA QUE VIAJA FUERA DEL VEHICULO AGRICOLA ESPECIAL LESIONADA EN ACCIDENTE DE TRANSITO
V843;OCUPANTE NO ESPECIFICADO DE VEHICULO AGRICOLA ESPECIAL LESIONADO EN ACCIDENTE DE TRANSITO
V844;PERSONA LESIONADA AL SUBIR O BAJAR DEL VEHICULO AGRICOLA ESPECIAL
V845;CONDUCTOR DE VEHICULO AGRICOLA ESPECIAL LESIONADO EN ACCIDENTE NO DE TRANSITO
V846;PASAJERO DE VEHICULO AGRICOLA ESPECIAL LESIONADO EN ACCIDENTE NO DE TRANSITO
V847;PERSONA QUE VIAJA FUERA DEL VEHICULO AGRICOLA ESPECIAL LESIONADA EN ACCIDENTE NO DE TRANSITO
V849;OCUPANTE NO ESPECIFICADO DE VEHICULO AGRICOLA ESPECIAL LESIONADO EN ACCIDENTE NO DE TRANSITO
V85;OCUPANTE DE VEHICULO ESPECIAL (DE MOTOR) PARA CONSTRUCCION LESIONADO EN ACCIDENTE DE TRANSPORTE
V850;CONDUCTOR DE VEHICULO ESPECIAL PARA CONSTRUCCION LESIONADO EN ACCIDENTE DE TRANSITO
V851;PASAJERO DE VEHICULO ESPECIAL PARA CONSTRUCCION LESIONADO EN ACCIDENTE DE TRANSITO
V852;PERSONA QUE VIAJA FUERA DEL VEHICULO ESPECIAL PARA CONSTRUCCION LESIONADA EN ACCIDENTE DE TRANSITO
V853;OCUPANTE NO ESPECIFICADO DE VEHICULO ESPECIAL PARA CONSTRUCCION LESIONADO EN ACCIDENTE DE TRANSITO
V854;PERSONA LESIONADA AL SUBIR O BAJAR DEL VEHICULO ESPECIAL PARA CONSTRUCCION
V855;CONDUCTOR DE VEHICULO ESPECIAL PARA CONSTRUCCION LESIONADO EN ACCIDENTE NO DE TRANSITO
V856;PASAJERO DE VEHICULO ESPECIAL PARA CONSTRUCCION LESIONADO EN ACCIDENTE NO DE TRANSITO
V857;PERSONA QUE VIAJA FUERA DEL VEHICULO ESPECIAL PARA CONSTRUCCION LESIONADA EN ACCIDENTE NO DE TRANSITO
V859;OCUPANTE NO ESPECIFICADO DE VEHICULO ESPECIAL PARA CONSTRUCCION LESIONADO EN ACCIDENTE NO DE TRANSITO
V86;OCUPANTE DE VEHICULO ESPECIAL PARA TODO TERRENO O DE OTRO VEHICULO DE MOTOR PARA USO FUERA DE LA CARRETERA LESIONADO EN ACCIDENTE DE TRANSPORTE
V860;CONDUCTOR DE VEHICULO PARA TODO TERRENO O DE OTRO VEHICULO DE MOTOR PARA USO FUERA DE LA CARRETERA LESIONADO EN ACCIDENTE DE TRANSITO
V861;PASAJERO DE VEHICULO PARA TODO TERRENO O DE OTRO VEHICULO DE MOTOR PARA USO FUERA DE LA CARRETERA LESIONADO EN ACCIDENTE DE TRANSITO
V862;PERSONA QUE VIAJA FUERA DEL VEHICULO PARA TODO TERRENO O DE OTRO VEHICULO DE MOTOR PARA USO FUERA DE LA CARRETERA LESIONADA EN ACCIDENTE DE TRANSITO
V863;OCUPANTE NO ESPECIFICADO DE VEHICULO PARA TODO TERRENO O DE OTRO VEHICULO DE MOTOR PARA USO FUERA DE LA CARRETERA LESIONADO EN ACCIDENTE DE TRANSITO
V864;PERSONA LESIONADA EN ACCIDENTE DE TRANSITO AL SUBIR O BAJAR DE VEHICULO PARA TODO TERRENO O DE OTRO VEHICULO DE MOTOR PARA USO FUERA DE CARRETERA
V865;CONDUCTOR DE VEHICULO PARA TODO TERRENO O DE OTRO VEHICULO DE MOTOR PARA USO FUERA DE LA CARRETERA LESIONADO EN ACCIDENTE NO DE TRANSITO
V866;PASAJERO DE VEHICULO PARA TODO TERRENO O DE OTRO VEHICULO DE MOTOR PARA USO FUERA DE LA CARRETERA LESIONADO EN ACCIDENTE NO DE TRANSITO
V867;PERSONA QUE VIAJA FUERA DE VEHICULO PARA TODO TERRENO O DE OTRO VEHICULO MOTOR PARA USO FUERA DE CARRETERA LESIONADA EN ACCIDENTE NO DE TRANSITO
V869;OCUPANTE NO ESPECIFICADO DE VEHICULO PARA TODO TERRENO O DE OTRO VEHICULO DE MOTOR PARA USO FUERA DE LA CARRETERA LESIONADO EN ACCIDENTE NO DE TRANSITO
V87;ACCIDENTE DE TRANSITO DE TIPO ESPECIFICADO PERO DONDE SE DESCONOCE EL MODO DE TRANSPORTE DE LA VICTIMA
V870;PERSONA LESIONADA POR COLISION ENTRE AUTOMOVIL Y VEHICULO DE MOTOR DE DOS O TRES RUEDAS (TRANSITO)
V871;PERSONA LESIONADA POR COLISION ENTRE OTROS VEHICULOS DE MOTOR Y UN VEHICULO DE MOTOR DE DOS O TRES RUEDAS (TRANSITO)
V872;PERSONA LESIONADA POR COLISION ENTRE AUTOMOVIL Y CAMIONETA O FURGONETA (TRANSITO)
V873;PERSONA LESIONADA POR COLISION ENTRE AUTOMOVIL Y AUTOBUS (TRANSITO)
V874;PERSONA LESIONADA POR COLISION ENTRE AUTOMOVIL Y VEHICULO DE TRANSPORTE PESADO (TRANSITO)
V875;PERSONA LESIONADA POR COLISION ENTRE VEHICULO DE TRANSPORTE PESADO Y AUTOBUS (TRANSITO)
V876;PERSONA LESIONADA POR COLISION ENTRE TREN O VEHICULO DE RIELES Y AUTOMOVIL (TRANSITO)
V877;PERSONA LESIONADA POR COLISION ENTRE OTROS VEHICULOS DE MOTOR ESPECIFICADOS (TRANSITO)
V878;PERSONA LESIONADA EN OTROS ACCIDENTES ESPECIFICADOS DE TRANSPORTE DE VEHICULO DE MOTOR SIN COLISION (TRANSITO)
V879;PERSONA LESIONADA EN OTROS ACCIDENTES ESPECIFICADOS DE TRANSPORTE DE VEHICULO SIN MOTOR (CON COLISION)(SIN COLISION)(TRANSITO)
V88;ACCIDENTE NO DE TRANSITO DE TIPO ESPECIFICADO, PERO DONDE SE DESCONOCE EL MODO DE TRANSPORTE DE LA VICTIMA
V880;PERSONA LESIONADA POR COLISION ENTRE AUTOMOVIL Y VEHICULO DE MOTOR DE DOS O TRES RUEDAS, NO DE TRANSITO
V881;PERSONA LESIONADA POR COLISION ENTRE OTROS VEHICULOS DE MOTOR Y UN VEHICULO DE MOTOR DE DOS O TRES RUEDAS, NO DE TRANSITO
V882;PERSONA LESIONADA POR COLISION ENTRE AUTOMOVIL Y CAMIONETA O FURGONETA, NO DE TRANSITO
V883;PERSONA LESIONADA POR COLISION ENTRE AUTOMOVIL Y AUTOBUS, NO DE TRANSITO
V884;PERSONA LESIONADA POR COLISION ENTRE AUTOMOVIL Y VEHICULO DE TRANSPORTE PESADO, NO DE TRANSITO
V885;PERSONA LESIONADA POR COLISION ENTRE VEHICULO DE TRANSPORTE PESADO Y AUTOBUS, NO DE TRANSITO
V886;PERSONA LESIONADA POR COLISION ENTRE TREN O VEHICULO DE RIELES Y AUTOMOVIL, NO DE TRANSITO
V887;PERSONA LESIONADA POR COLISION ENTRE OTROS VEHICULOS DE MOTOR ESPECIFICADOS, NO DE TRANSITO
V888;PERSONA LESIONADA EN OTROS ACCIDENTES ESPECIFICADOS DE TRANSPORTE DE VEHICULO DE MOTOR SIN COLISION, NO DE TRANSITO
V889;PERSONA LESIONADA EN OTROS ACCIDENTES ESPECIFICADOS DE TRANSPORTE DE VEHICULO SIN MOTOR (CON COLISION)(SIN COLISION), NO DE TRANSITO
V89;ACCIDENTE DE VEHICULO DE MOTOR O SIN MOTOR, TIPO DE VEHICULO NO ESPECIFICADO
V890;PERSONA LESIONADA EN ACCIDENTE NO DE TRANSITO, DE VEHICULO DE MOTOR NO ESPECIFICADO
V891;PERSONA LESIONADA EN ACCIDENTE NO DE TRANSITO, DE VEHICULO SIN MOTOR NO ESPECIFICADO
V892;PERSONA LESIONADA EN ACCIDENTE DE TRANSITO, DE VEHICULO DE MOTOR NO ESPECIFICADO
V893;PERSONA LESIONADA EN ACCIDENTE DE TRANSITO, DE VEHICULO SIN MOTOR NO ESPECIFICADO
V899;PERSONA LESIONADA EN ACCIDENTE DE VEHICULO NO ESPECIFICADO
V90;ACCIDENTE DE EMBARCACION QUE CAUSA AHOGAMIENTO Y SUMERSION
V900;ACCIDENTE DE EMBARCACION QUE CAUSA AHOGAMIENTO Y SUMERSION, BARCO MERCANTE
V901;ACCIDENTE DE EMBARCACION QUE CAUSA AHOGAMIENTO Y SUMERSION, BARCO DE PASAJEROS
V902;ACCIDENTE DE EMBARCACION QUE CAUSA AHOGAMIENTO Y SUMERSION, BOTE DE PESCA
V903;ACCIDENTE DE EMBARCACION QUE CAUSA AHOGAMIENTO Y SUMERSION, OTRO VEHICULO ACUATICO CON MOTOR
V904;ACCIDENTE DE EMBARCACION QUE CAUSA AHOGAMIENTO Y SUMERSION, VELERO
V905;ACCIDENTE DE EMBARCACION QUE CAUSA AHOGAMIENTO Y SUMERSION, CANOA O KAYAC
V906;ACCIDENTE DE EMBARCACION QUE CAUSA AHOGAMIENTO Y SUMERSION, BALSA INFLABLE (SIN MOTOR)
V907;ACCIDENTE DE EMBARCACION QUE CAUSA AHOGAMIENTO Y SUMERSION, ESQUI ACUATICO
V908;ACCIDENTE DE EMBARCACION QUE CAUSA AHOGAMIENTO Y SUMERSION, OTRO VEHICULO ACUATICO SIN MOTOR
V909;ACCIDENTE DE EMBARCACION QUE CAUSA AHOGAMIENTO Y SUMERSION, VEHICULO ACUATICO NO ESPECIFICADO
V91;ACCIDENTE DE EMBARCACION QUE CAUSA OTROS TIPOS DE TRAUMATISMO
V910;ACCIDENTE DE EMBARCACION QUE CAUSA OTROS TIPOS DE TRAUMATISMO, BARCO MERCANTE
V911;ACCIDENTE DE EMBARCACION QUE CAUSA OTROS TIPOS DE TRAUMATISMO, BARCO DE PASAJEROS
V912;ACCIDENTE DE EMBARCACION QUE CAUSA OTROS TIPOS DE TRAUMATISMO, BOTE DE PESCA
V913;ACCIDENTE DE EMBARCACION QUE CAUSA OTROS TIPOS DE TRAUMATISMO, OTRO VEHICULO ACUATICO CON MOTOR
V914;ACCIDENTE DE EMBARCACION QUE CAUSA OTROS TIPOS DE TRAUMATISMO, VELERO
V915;ACCIDENTE DE EMBARCACION QUE CAUSA OTROS TIPOS DE TRAUMATISMO, CANOA O KAYAK
V916;ACCIDENTE DE EMBARCACION QUE CAUSA OTROS TIPOS DE TRAUMATISMO, BALSA INFLABLE (SIN MOTOR)
V917;ACCIDENTE DE EMBARCACION QUE CAUSA OTROS TIPOS DE TRAUMATISMO, ESQUI ACUATICO
V918;ACCIDENTE DE EMBARCACION QUE CAUSA OTROS TIPOS DE TRAUMATISMO, OTRO VEHICULO ACUATICO SIN MOTOR
V919;ACCIDENTE DE EMBARCACION QUE CAUSA OTROS TIPOS DE TRAUMATISMO, VEHICULO ACUATICO NO ESPECIFICADO
V92;AHOGAMIENTO Y SUMERSION RELACIONADOS CON TRANSPORTE POR AGUA, SIN ACCIDENTE A LA EMBARCACION
V920;AHOGAMIENTO Y SUMERSION RELACIONADOS CON TRANSPORTE POR AGUA, SIN ACCIDENTE A LA EMBARCACION, BARCO MERCANTE
V921;AHOGAMIENTO Y SUMERSION RELACIONADOS CON TRANSPORTE POR AGUA, SIN ACCIDENTE A LA EMBARCACION, BARCO DE PASAJEROS
V922;AHOGAMIENTO Y SUMERSION RELACIONADOS CON TRANSPORTE POR AGUA, SIN ACCIDENTE A LA EMBARCACION, BOTE DE PESCA
V923;AHOGAMIENTO Y SUMERSION RELACIONADOS CON TRANSPORTE POR AGUA, SIN ACCIDENTE A LA EMBARCACION, OTRO VEHICULO ACUATICO CON MOTOR
V924;AHOGAMIENTO Y SUMERSION RELACIONADOS CON TRANSPORTE POR AGUA, SIN ACCIDENTE A LA EMBARCACION, VELERO
V925;AHOGAMIENTO Y SUMERSION RELACIONADOS CON TRANSPORTE POR AGUA, SIN ACCIDENTE A LA EMBARCACION, CANOA O KAYAK
V926;AHOGAMIENTO Y SUMERSION RELACIONADOS CON TRANSPORTE POR AGUA, SIN ACCIDENTE A LA EMBARCACION, BALSA INFLABLE (SIN MOTOR)
V927;AHOGAMIENTO Y SUMERSION RELACIONADOS CON TRANSPORTE POR AGUA, SIN ACCIDENTE A LA EMBARCACION, ESQUI ACUATICO
V928;AHOGAMIENTO Y SUMERSION RELACIONADOS CON TRANSPORTE POR AGUA, SIN ACCIDENTE A LA EMBARCACION, OTRO VEHICULO ACUATICO SIN MOTOR
V929;AHOGAMIENTO Y SUMERSION RELACIONADOS CON TRANSPORTE POR AGUA, SIN ACCIDENTE A LA EMBARCACION, VEHICULO ACUATICO NO ESPECIFICADO
V93;ACCIDENTE EN UNA EMBARCACION, SIN ACCIDENTE A LA EMBARCACION, QUE NO CAUSA AHOGAMIENTO O SUMERSION
V930;ACCIDENTE EN UNA EMBARCACION, SIN ACCIDENTE A LA EMBARCACION, QUE NO CAUSA AHOGAMIENTO O SUMERSION, BARCO MERCANTE
V931;ACCIDENTE EN UNA EMBARCACION, SIN ACCIDENTE A LA EMBARCACION, QUE NO CAUSA AHOGAMIENTO O SUMERSION, BARCO DE PASAJEROS
V932;ACCIDENTE EN UNA EMBARCACION, SIN ACCIDENTE A LA EMBARCACION, QUE NO CAUSA AHOGAMIENTO O SUMERSION, BOTE DE PESCA
V933;ACCIDENTE EN UNA EMBARCACION, SIN ACCIDENTE A LA EMBARCACION, QUE NO CAUSA AHOGAMIENTO O SUMERSION, OTRO VEHICULO ACUATICO CON MOTOR
V934;ACCIDENTE EN UNA EMBARCACION, SIN ACCIDENTE A LA EMBARCACION, QUE NO CAUSA AHOGAMIENTO O SUMERSION, VELERO
V935;ACCIDENTE EN UNA EMBARCACION, SIN ACCIDENTE A LA EMBARCACION, QUE NO CAUSA AHOGAMIENTO O SUMERSION, CANOA O KAYAK
V936;ACCIDENTE EN UNA EMBARCACION, SIN ACCIDENTE A LA EMBARCACION, QUE NO CAUSA AHOGAMIENTO O SUMERSION, BALSA INFLABLE (SIN MOTOR)
V937;ACCIDENTE EN UNA EMBARCACION, SIN ACCIDENTE A LA EMBARCACION, QUE NO CAUSA AHOGAMIENTO O SUMERSION, ESQUI ACUATICO
V938;ACCIDENTE EN UNA EMBARCACION, SIN ACCIDENTE A LA EMBARCACION, QUE NO CAUSA AHOGAMIENTO O SUMERSION, OTRO VEHICULO ACUATICO SIN MOTOR
V939;ACCIDENTE EN UNA EMBARCACION, SIN ACCIDENTE A LA EMBARCACION, QUE NO CAUSA AHOGAMIENTO O SUMERSION, VEHICULO ACUATICO NO ESPECIFICADO
V94;OTROS ACCIDENTES DE TRANSPORTE POR AGUA, Y LOS NO ESPECIFICADOS
V940;OTROS ACCIDENTES DE TRANSPORTE POR AGUA, Y LOS NO ESPECIFICADOS, BARCO MERCANTE
V941;OTROS ACCIDENTES DE TRANSPORTE POR AGUA, Y LOS NO ESPECIFICADOS, BARCO DE PASAJEROS
V942;OTROS ACCIDENTES DE TRANSPORTE POR AGUA, Y LOS NO ESPECIFICADOS, BOTE DE PESCA
V943;OTROS ACCIDENTES DE TRANSPORTE POR AGUA, Y LOS NO ESPECIFICADOS, OTRO VEHICULO ACUATICO CON MOTOR
V944;OTROS ACCIDENTES DE TRANSPORTE POR AGUA, Y LOS NO ESPECIFICADOS, VELERO
V945;OTROS ACCIDENTES DE TRANSPORTE POR AGUA, Y LOS NO ESPECIFICADOS, CANOA O KAYAK
V946;OTROS ACCIDENTES DE TRANSPORTE POR AGUA, Y LOS NO ESPECIFICADOS, BALSA INFLABLE (SIN MOTOR)
V947;OTROS ACCIDENTES DE TRANSPORTE POR AGUA, Y LOS NO ESPECIFICADOS, ESQUI ACUATICO
V948;OTROS ACCIDENTES DE TRANSPORTE POR AGUA, Y LOS NO ESPECIFICADOS, OTRO VEHICULO ACUATICO SIN MOTOR
V949;OTROS ACCIDENTES DE TRANSPORTE POR AGUA, Y LOS NO ESPECIFICADOS, VEHICULO ACUATICO NO ESPECIFICADO
V95;ACCIDENTE DE AERONAVE DE MOTOR, CON OCUPANTE LESIONADO
V950;ACCIDENTE DE HELICOPTERO CON OCUPANTE LESIONADO
V951;ACCIDENTE DE PLANEADOR ULTRA LIVIANO, MICRO LIVIANO O MOTORIZADO, CON OCUPANTE LESIONADO
V952;ACCIDENTE DE OTROS VEHICULOS AEREOS DE ALAS FIJAS, PRIVADOS, CON OCUPANTE LESIONADO
V953;ACCIDENTE DE VEHICULO AEREO DE ALAS FIJAS, COMERCIAL, CON OCUPANTE LESIONADO
V954;ACCIDENTE DE NAVE ESPACIAL, CON OCUPANTE LESIONADO
V958;ACCIDENTE DE OTRAS AERONAVES, CON OCUPANTE LESIONADO
V959;ACCIDENTE DE AERONAVE NO ESPECIFICADA, CON OCUPANTE LESIONADO
V96;ACCIDENTE DE AERONAVE SIN MOTOR, CON OCUPANTE LESIONADO
V960;ACCIDENTE DE GLOBO AEROSTATICO, CON OCUPANTE LESIONADO
V961;ACCIDENTE DE ALA DELTA, CON OCUPANTE LESIONADO
V962;ACCIDENTE DE PLANEADOR (SIN MOTOR), CON OCUPANTE LESIONADO
V968;ACCIDENTE DE OTRAS AERONAVES SIN MOTOR, CON OCUPANTE LESIONADO
V969;ACCIDENTE DE AERONAVE SIN MOTOR NO ESPECIFICADA, CON OCUPANTE LESIONADO
V97;OTROS ACCIDENTES DE TRANSPORTE AEREO ESPECIFICADOS
V970;OCUPANTE DE AERONAVE LESIONADO EN OTROS ACCIDENTES ESPECIFICADOS DE TRANSPORTE AEREO
V971;PERSONA LESIONADA AL SUBIR O BAJAR DE UNA AERONAVE
V972;PARACAIDISTA LESIONADO EN ACCIDENTE DE TRANSPORTE AEREO
V973;PERSONA EN TIERRA LESIONADA POR ACCIDENTE DE TRANSPORTE AEREO
V978;OTROS ACCIDENTES DE TRANSPORTE AEREO, NO CLASIFICADOS EN OTRA PARTE
V98X;OTROS ACCIDENTES DE TRANSPORTE ESPECIFICADOS
V99X;ACCIDENTE DE TRANSPORTE NO ESPECIFICADO
W00;CAIDA EN EL MISMO NIVEL POR HIELO O NIEVE
W000;CAIDA EN EL MISMO NIVEL POR HIELO O NIEVE, VIVIENDA
W001;CAIDA EN EL MISMO NIVEL POR HIELO O NIEVE, INSTITUCION RESIDENCIAL
W002;CAIDA EN EL MISMO NIVEL POR HIELO O NIEVE, ESCUELAS, OTRAS INSTITUCIONES Y AREAS ADMINISTRATIVAS PUBLICAS
W003;CAIDA EN EL MISMO NIVEL POR HIELO O NIEVE, AREAS DE DEPORTE Y ATLETISMO
W004;CAIDA EN EL MISMO NIVEL POR HIELO O NIEVE, CALLES Y CARRETERAS
W005;CAIDA EN EL MISMO NIVEL POR HIELO O NIEVE, COMERCIO Y AREA DE SERVICIOS
W006;CAIDA EN EL MISMO NIVEL POR HIELO O NIEVE, AREA INDUSTRIAL Y DE LA CONSTRUCCION
W007;CAIDA EN EL MISMO NIVEL POR HIELO O NIEVE, GRANJA
W008;CAIDA EN EL MISMO NIVEL POR HIELO O NIEVE, OTRO LUGAR ESPECIFICADO
W009;CAIDA EN EL MISMO NIVEL POR HIELO O NIEVE, LUGAR NO ESPECIFICADO
W01;CAIDA EN EL MISMO NIVEL POR DESLIZAMIENTO, TROPEZON Y TRASPIE
W010;CAIDA EN EL MISMO NIVEL POR DESLIZAMIENTO, TROPEZON Y TRASPIE, VIVIENDA
W011;CAIDA EN EL MISMO NIVEL POR DESLIZAMIENTO, TROPEZON Y TRASPIE, INSTITUCION RESIDENCIAL
W012;CAIDA EN EL MISMO NIVEL POR DESLIZAMIENTO, TROPEZON Y TRASPIE, ESCUELAS, OTRAS INSTITUCIONES Y AREAS ADMINISTRATIVAS PUBLICAS
W013;CAIDA EN EL MISMO NIVEL POR DESLIZAMIENTO, TROPEZON Y TRASPIE, AREAS DE DEPORTE Y ATLETISMO
W014;CAIDA EN EL MISMO NIVEL POR DESLIZAMIENTO, TROPEZON Y TRASPIE, CALLES Y CARRETERAS
W015;CAIDA EN EL MISMO NIVEL POR DESLIZAMIENTO, TROPEZON Y TRASPIE, COMERCIO Y AREA DE SERVICIOS
W016;CAIDA EN EL MISMO NIVEL POR DESLIZAMIENTO, TROPEZON Y TRASPIE, AREA INDUSTRIAL Y DE LA CONSTRUCCION
W017;CAIDA EN EL MISMO NIVEL POR DESLIZAMIENTO, TROPEZON Y TRASPIE, GRANJA
W018;CAIDA EN EL MISMO NIVEL POR DESLIZAMIENTO, TROPEZON Y TRASPIE, OTRO LUGAR ESPECIFICADO
W019;CAIDA EN EL MISMO NIVEL POR DESLIZAMIENTO, TROPEZON Y TRASPIE, LUGAR NO ESPECIFICADO
W02;CAIDA POR PATINES PARA HIELO, ESQUIS, PATINES DE RUEDAS O PATINETA
W020;CAIDA POR PATINES PARA HIELO, ESQUIS, PATINES DE RUEDAS O PATINETA, VIVIENDA
W021;CAIDA POR PATINES PARA HIELO, ESQUIS, PATINES DE RUEDAS O PATINETA, INSTITUCION RESIDENCIAL
W022;CAIDA POR PATINES PARA HIELO, ESQUIS, PATINES DE RUEDAS O PATINETA, ESCUELAS, OTRAS INSTITUCIONES Y AREAS ADMINISTRATIVAS PUBLICAS
W023;CAIDA POR PATINES PARA HIELO, ESQUIS, PATINES DE RUEDAS O PATINETA, AREAS DE DEPORTE Y ATLETISMO
W024;CAIDA POR PATINES PARA HIELO, ESQUIS, PATINES DE RUEDAS O PATINETA, CALLES Y CARRETERAS
W025;CAIDA POR PATINES PARA HIELO, ESQUIS, PATINES DE RUEDAS O PATINETA, COMERCIO Y AREA DE SERVICIOS
W026;CAIDA POR PATINES PARA HIELO, ESQUIS, PATINES DE RUEDAS O PATINETA, AREA INDUSTRIAL Y DE LA CONSTRUCCION
W027;CAIDA POR PATINES PARA HIELO, ESQUIS, PATINES DE RUEDAS O PATINETA, GRANJA
W028;CAIDA POR PATINES PARA HIELO, ESQUIS, PATINES DE RUEDAS O PATINETA, OTRO LUGAR ESPECIFICADO
W029;CAIDA POR PATINES PARA HIELO, ESQUIS, PATINES DE RUEDAS O PATINETA, LUGAR NO ESPECIFICADO
W03;OTRAS CAIDAS EN EL MISMO NIVEL POR COLISION CON O POR EMPUJON DE OTRA PERSONA
W030;OTRAS CAIDAS EN EL MISMO NIVEL POR COLISION CON O POR EMPUJON DE OTRA PERSONA, VIVIENDA
W031;OTRAS CAIDAS EN EL MISMO NIVEL POR COLISION CON O POR EMPUJON DE OTRA PERSONA, INSTITUCION RESIDENCIAL
W032;OTRAS CAIDAS EN EL MISMO NIVEL POR COLISION CON O POR EMPUJON DE OTRA PERSONA, ESCUELAS, OTRAS INSTITUCIONES Y AREAS ADMINISTRATIVAS PUBLICAS
W033;OTRAS CAIDAS EN EL MISMO NIVEL POR COLISION CON O POR EMPUJON DE OTRA PERSONA, AREAS DE DEPORTE Y ATLETISMO
W034;OTRAS CAIDAS EN EL MISMO NIVEL POR COLISION CON O POR EMPUJON DE OTRA PERSONA, CALLES Y CARRETERAS
W035;OTRAS CAIDAS EN EL MISMO NIVEL POR COLISION CON O POR EMPUJON DE OTRA PERSONA, COMERCIO Y AREA DE SERVICIOS
W036;OTRAS CAIDAS EN EL MISMO NIVEL POR COLISION CON O POR EMPUJON DE OTRA PERSONA, AREA INDUSTRIAL Y DE LA CONSTRUCCION
W037;OTRAS CAIDAS EN EL MISMO NIVEL POR COLISION CON O POR EMPUJON DE OTRA PERSONA, GRANJA
W038;OTRAS CAIDAS EN EL MISMO NIVEL POR COLISION CON O POR EMPUJON DE OTRA PERSONA, OTRO LUGAR ESPECIFICADO
W039;OTRAS CAIDAS EN EL MISMO NIVEL POR COLISION CON O POR EMPUJON DE OTRA PERSONA, LUGAR NO ESPECIFICADO
W04;CAIDA AL SER TRASLADADO O SOSTENIDO POR OTRAS PERSONAS
W040;CAIDA AL SER TRASLADADO O SOSTENIDO POR OTRAS PERSONAS, VIVIENDA
W041;CAIDA AL SER TRASLADADO O SOSTENIDO POR OTRAS PERSONAS, INSTITUCION RESIDENCIAL
W042;CAIDA AL SER TRASLADADO O SOSTENIDO POR OTRAS PERSONAS, ESCUELAS, OTRAS INSTITUCIONES Y AREAS ADMINISTRATIVAS PUBLICAS
W043;CAIDA AL SER TRASLADADO O SOSTENIDO POR OTRAS PERSONAS, AREAS DE DEPORTE Y ATLETISMO
W044;CAIDA AL SER TRASLADADO O SOSTENIDO POR OTRAS PERSONAS, CALLES Y CARRETERAS
W045;CAIDA AL SER TRASLADADO O SOSTENIDO POR OTRAS PERSONAS, COMERCIO Y AREA DE SERVICIOS
W046;CAIDA AL SER TRASLADADO O SOSTENIDO POR OTRAS PERSONAS, AREA INDUSTRIAL Y DE LA CONSTRUCCION
W047;CAIDA AL SER TRASLADADO O SOSTENIDO POR OTRAS PERSONAS, GRANJA
W048;CAIDA AL SER TRASLADADO O SOSTENIDO POR OTRAS PERSONAS, OTRO LUGAR ESPECIFICADO
W049;CAIDA AL SER TRASLADADO O SOSTENIDO POR OTRAS PERSONAS, LUGAR NO ESPECIFICADO
W05;CAIDA QUE IMPLICA SILLA DE RUEDAS
W050;CAIDA QUE IMPLICA SILLA DE RUEDAS, VIVIENDA
W051;CAIDA QUE IMPLICA SILLA DE RUEDAS, INSTITUCION RESIDENCIAL
W052;CAIDA QUE IMPLICA SILLA DE RUEDAS, ESCUELAS, OTRAS INSTITUCIONES Y AREAS ADMINISTRATIVAS PUBLICAS
W053;CAIDA QUE IMPLICA SILLA DE RUEDAS, AREAS DE DEPORTE Y ATLETISMO
W054;CAIDA QUE IMPLICA SILLA DE RUEDAS, CALLES Y CARRETERAS
W055;CAIDA QUE IMPLICA SILLA DE RUEDAS, COMERCIO Y AREA DE SERVICIOS
W056;CAIDA QUE IMPLICA SILLA DE RUEDAS, AREA INDUSTRIAL Y DE LA CONSTRUCCION
W057;CAIDA QUE IMPLICA SILLA DE RUEDAS, GRANJA
W058;CAIDA QUE IMPLICA SILLA DE RUEDAS, OTRO LUGAR ESPECIFICADO
W059;CAIDA QUE IMPLICA SILLA DE RUEDAS, LUGAR NO ESPECIFICADO
W06;CAIDA QUE IMPLICA CAMA
W060;CAIDA QUE IMPLICA CAMA, VIVIENDA
W061;CAIDA QUE IMPLICA CAMA, INSTITUCION RESIDENCIAL
W062;CAIDA QUE IMPLICA CAMA, ESCUELAS, OTRAS INSTITUCIONES Y AREAS ADMINISTRATIVAS PUBLICAS
W063;CAIDA QUE IMPLICA CAMA, AREAS DE DEPORTE Y ATLETISMO
W064;CAIDA QUE IMPLICA CAMA, CALLES Y CARRETERAS
W065;CAIDA QUE IMPLICA CAMA, COMERCIO Y AREA DE SERVICIOS
W066;CAIDA QUE IMPLICA CAMA, AREA INDUSTRIAL Y DE LA CONSTRUCCION
W067;CAIDA QUE IMPLICA CAMA, GRANJA
W068;CAIDA QUE IMPLICA CAMA, OTRO LUGAR ESPECIFICADO
W069;CAIDA QUE IMPLICA CAMA, LUGAR NO ESPECIFICADO
W07;CAIDA QUE IMPLICA SILLA
W070;CAIDA QUE IMPLICA SILLA, VIVIENDA
W071;CAIDA QUE IMPLICA SILLA, INSTITUCION RESIDENCIAL
W072;CAIDA QUE IMPLICA SILLA, ESCUELAS, OTRAS INSTITUCIONES Y AREAS ADMINISTRATIVAS PUBLICAS
W073;CAIDA QUE IMPLICA SILLA, AREAS DE DEPORTE Y ATLETISMO
W074;CAIDA QUE IMPLICA SILLA, CALLES Y CARRETERAS
W075;CAIDA QUE IMPLICA SILLA, COMERCIO Y AREA DE SERVICIOS
W076;CAIDA QUE IMPLICA SILLA, AREA INDUSTRIAL Y DE LA CONSTRUCCION
W077;CAIDA QUE IMPLICA SILLA, GRANJA
W078;CAIDA QUE IMPLICA SILLA, OTRO LUGAR ESPECIFICADO
W079;CAIDA QUE IMPLICA SILLA, LUGAR NO ESPECIFICADO
W08;CAIDA QUE IMPLICA OTRO MUEBLE
W080;CAIDA QUE IMPLICA OTRO MUEBLE, VIVIENDA
W081;CAIDA QUE IMPLICA OTRO MUEBLE, INSTITUCION RESIDENCIAL
W082;CAIDA QUE IMPLICA OTRO MUEBLE, ESCUELAS, OTRAS INSTITUCIONES Y AREAS ADMINISTRATIVAS PUBLICAS
W083;CAIDA QUE IMPLICA OTRO MUEBLE, AREAS DE DEPORTE Y ATLETISMO
W084;CAIDA QUE IMPLICA OTRO MUEBLE, CALLES Y CARRETERAS
W085;CAIDA QUE IMPLICA OTRO MUEBLE, COMERCIO Y AREA DE SERVICIOS
W086;CAIDA QUE IMPLICA OTRO MUEBLE, AREA INDUSTRIAL Y DE LA CONSTRUCCION
W087;CAIDA QUE IMPLICA OTRO MUEBLE, GRANJA
W088;CAIDA QUE IMPLICA OTRO MUEBLE, OTRO LUGAR ESPECIFICADO
W089;CAIDA QUE IMPLICA OTRO MUEBLE, LUGAR NO ESPECIFICADO
W09;CAIDA QUE IMPLICA EQUIPOS PARA JUEGOS INFANTILES
W090;CAIDA QUE IMPLICA EQUIPOS PARA JUEGOS INFANTILES, VIVIENDA
W091;CAIDA QUE IMPLICA EQUIPOS PARA JUEGOS INFANTILES, INSTITUCION RESIDENCIAL
W092;CAIDA QUE IMPLICA EQUIPOS PARA JUEGOS INFANTILES, ESCUELAS, OTRAS INSTITUCIONES Y AREAS ADMINISTRATIVAS PUBLICAS
W093;CAIDA QUE IMPLICA EQUIPOS PARA JUEGOS INFANTILES, AREAS DE DEPORTE Y ATLETISMO
W094;CAIDA QUE IMPLICA EQUIPOS PARA JUEGOS INFANTILES, CALLES Y CARRETERAS
W095;CAIDA QUE IMPLICA EQUIPOS PARA JUEGOS INFANTILES, COMERCIO Y AREA DE SERVICIOS
W096;CAIDA QUE IMPLICA EQUIPOS PARA JUEGOS INFANTILES, AREA INDUSTRIAL Y DE LA CONSTRUCCION
W097;CAIDA QUE IMPLICA EQUIPOS PARA JUEGOS INFANTILES, GRANJA
W098;CAIDA QUE IMPLICA EQUIPOS PARA JUEGOS INFANTILES, OTRO LUGAR ESPECIFICADO
W099;CAIDA QUE IMPLICA EQUIPOS PARA JUEGOS INFANTILES, LUGAR NO ESPECIFICADO
W10;CAIDA EN O DESDE ESCALERA O ESCALONES
W100;CAIDA EN O DESDE ESCALERA Y ESCALONES, VIVIENDA
W101;CAIDA EN O DESDE ESCALERA Y ESCALONES, INSTITUCION RESIDENCIAL
W102;CAIDA EN O DESDE ESCALERA Y ESCALONES, ESCUELAS, OTRAS INSTITUCIONES Y AREAS ADMINISTRATIVAS PUBLICAS
W103;CAIDA EN O DESDE ESCALERA Y ESCALONES, AREAS DE DEPORTE Y ATLETISMO
W104;CAIDA EN O DESDE ESCALERA Y ESCALONES, CALLES Y CARRETERAS
W105;CAIDA EN O DESDE ESCALERA Y ESCALONES, COMERCIO Y AREA DE SERVICIOS
W106;CAIDA EN O DESDE ESCALERA Y ESCALONES, AREA INDUSTRIAL Y DE LA CONSTRUCCION
W107;CAIDA EN O DESDE ESCALERA Y ESCALONES, GRANJA
W108;CAIDA EN O DESDE ESCALERA Y ESCALONES, OTRO LUGAR ESPECIFICADO
W109;CAIDA EN O DESDE ESCALERA Y ESCALONES, LUGAR NO ESPECIFICADO
W11;CAIDA EN O DESDE ESCALERA MANUALES
W110;CAIDA EN O DESDE ESCALERAS MANUALES, VIVIENDA
W111;CAIDA EN O DESDE ESCALERAS MANUALES, INSTITUCION RESIDENCIAL
W112;CAIDA EN O DESDE ESCALERAS MANUALES, ESCUELAS, OTRAS INSTITUCIONES Y AREAS ADMINISTRATIVAS PUBLICAS
W113;CAIDA EN O DESDE ESCALERAS MANUALES, AREAS DE DEPORTE Y ATLETISMO
W114;CAIDA EN O DESDE ESCALERAS MANUALES, CALLES Y CARRETERAS
W115;CAIDA EN O DESDE ESCALERAS MANUALES, COMERCIO Y AREA DE SERVICIOS
W116;CAIDA EN O DESDE ESCALERAS MANUALES, AREA INDUSTRIAL Y DE LA CONSTRUCCION
W117;CAIDA EN O DESDE ESCALERAS MANUALES, GRANJA
W118;CAIDA EN O DESDE ESCALERAS MANUALES, OTRO LUGAR ESPECIFICADO
W119;CAIDA EN O DESDE ESCALERAS MANUALES, LUGAR NO ESPECIFICADO
W12;CAIDA EN O DESDE ANDAMIO
W120;CAIDA EN O DESDE ANDAMIO, VIVIENDA
W121;CAIDA EN O DESDE ANDAMIO, INSTITUCION RESIDENCIAL
W122;CAIDA EN O DESDE ANDAMIO, ESCUELAS, OTRAS INSTITUCIONES Y AREAS ADMINISTRATIVAS PUBLICAS
W123;CAIDA EN O DESDE ANDAMIO, AREAS DE DEPORTE Y ATLETISMO
W124;CAIDA EN O DESDE ANDAMIO, CALLES Y CARRETERAS
W125;CAIDA EN O DESDE ANDAMIO, COMERCIO Y AREA DE SERVICIOS
W126;CAIDA EN O DESDE ANDAMIO, AREA INDUSTRIAL Y DE LA CONSTRUCCION
W127;CAIDA EN O DESDE ANDAMIO, GRANJA
W128;CAIDA EN O DESDE ANDAMIO, OTRO LUGAR ESPECIFICADO
W129;CAIDA EN O DESDE ANDAMIO, LUGAR NO ESPECIFICADO
W13;CAIDA DESDE, FUERA O A TRAVES DE UN EDIFICIO U OTRA CONSTRUCCION
W130;CAIDA DESDE, FUERA O A TRAVES DE UN EDIFICIO U OTRA CONSTRUCCION, VIVIENDA
W131;CAIDA DESDE, FUERA O A TRAVES DE UN EDIFICIO U OTRA CONSTRUCCION, INSTITUCION RESIDENCIAL
W132;CAIDA DESDE, FUERA O A TRAVES DE UN EDIFICIO U OTRA CONSTRUCCION, ESCUELAS, OTRAS INSTITUCIONES Y AREAS ADMINISTRATIVAS PUBLICAS
W133;CAIDA DESDE, FUERA O A TRAVES DE UN EDIFICIO U OTRA CONSTRUCCION, AREAS DE DEPORTE Y ATLETISMO
W134;CAIDA DESDE, FUERA O A TRAVES DE UN EDIFICIO U OTRA CONSTRUCCION, CALLES Y CARRETERAS
W135;CAIDA DESDE, FUERA O A TRAVES DE UN EDIFICIO U OTRA CONSTRUCCION, COMERCIO Y AREA DE SERVICIOS
W136;CAIDA DESDE, FUERA O A TRAVES DE UN EDIFICIO U OTRA CONSTRUCCION, AREA INDUSTRIAL Y DE LA CONSTRUCCION
W137;CAIDA DESDE, FUERA O A TRAVES DE UN EDIFICIO U OTRA CONSTRUCCION, GRANJA
W138;CAIDA DESDE, FUERA O A TRAVES DE UN EDIFICIO U OTRA CONSTRUCCION, OTRO LUGAR ESPECIFICADO
W139;CAIDA DESDE, FUERA O A TRAVES DE UN EDIFICIO U OTRA CONSTRUCCION, LUGAR NO ESPECIFICADO
W14;CAIDA DESDE UN ARBOL
W140;CAIDA DESDE UN ARBOL, VIVIENDA
W141;CAIDA DESDE UN ARBOL, INSTITUCION RESIDENCIAL
W142;CAIDA DESDE UN ARBOL, ESCUELAS, OTRAS INSTITUCIONES Y AREAS ADMINISTRATIVAS PUBLICAS
W143;CAIDA DESDE UN ARBOL, AREAS DE DEPORTE Y ATLETISMO
W144;CAIDA DESDE UN ARBOL, CALLES Y CARRETERAS
W145;CAIDA DESDE UN ARBOL, COMERCIO Y AREA DE SERVICIOS
W146;CAIDA DESDE UN ARBOL, AREA INDUSTRIAL Y DE LA CONSTRUCCION
W147;CAIDA DESDE UN ARBOL, GRANJA
W148;CAIDA DESDE UN ARBOL, OTRO LUGAR ESPECIFICADO
W149;CAIDA DESDE UN ARBOL, LUGAR NO ESPECIFICADO
W15;CAIDA DESDE PEÑASCO
W150;CAIDA DESDE PEÑASCO, VIVIENDA
W151;CAIDA DESDE PEÑASCO, INSTITUCION RESIDENCIAL
W152;CAIDA DESDE PEÑASCO, ESCUELAS, OTRAS INSTITUCIONES Y AREAS ADMINISTRATIVAS PUBLICAS
W153;CAIDA DESDE PEÑASCO, AREAS DE DEPORTE Y ATLETISMO
W154;CAIDA DESDE PEÑASCO, CALLES Y CARRETERAS
W155;CAIDA DESDE PEÑASCO, COMERCIO Y AREA DE SERVICIOS
W156;CAIDA DESDE PEÑASCO, AREA INDUSTRIAL Y DE LA CONSTRUCCION
W157;CAIDA DESDE PEÑASCO, GRANJA
W158;CAIDA DESDE PEÑASCO, OTRO LUGAR ESPECIFICADO
W159;CAIDA DESDE PEÑASCO, LUGAR NO ESPECIFICADO
W16;SALTO O ZAMBULLIDA DENTRO DEL AGUA QUE CAUSA OTRO TRAUMATISMO SIN SUMERSION O AHOGAMIENTO
W160;SALTO O ZAMBULLIDA DENTRO DEL AGUA QUE CAUSA OTRO TRAUMATISMO SIN SUMERSION O AHOGAMIENTO, VIVIENDA
W161;SALTO O ZAMBULLIDA DENTRO DEL AGUA QUE CAUSA OTRO TRAUMATISMO SIN SUMERSION O AHOGAMIENTO, INSTITUCION RESIDENCIAL
W162;SALTO O ZAMBULLIDA DENTRO DEL AGUA QUE CAUSA OTRO TRAUMATISMO SIN SUMERSION O AHOGAMIENTO, ESCUELAS, OTRAS INSTITUCIONES Y AREAS ADMINISTRATIVAS PUBLICAS
W163;SALTO O ZAMBULLIDA DENTRO DEL AGUA QUE CAUSA OTRO TRAUMATISMO SIN SUMERSION O AHOGAMIENTO, AREAS DE DEPORTE Y ATLETISMO
W164;SALTO O ZAMBULLIDA DENTRO DEL AGUA QUE CAUSA OTRO TRAUMATISMO SIN SUMERSION O AHOGAMIENTO, CALLES Y CARRETERAS
W165;SALTO O ZAMBULLIDA DENTRO DEL AGUA QUE CAUSA OTRO TRAUMATISMO SIN SUMERSION O AHOGAMIENTO, COMERCIO Y AREA DE SERVICIOS
W166;SALTO O ZAMBULLIDA DENTRO DEL AGUA QUE CAUSA OTRO TRAUMATISMO SIN SUMERSION O AHOGAMIENTO, AREA INDUSTRIAL Y DE LA CONSTRUCCION
W167;SALTO O ZAMBULLIDA DENTRO DEL AGUA QUE CAUSA OTRO TRAUMATISMO SIN SUMERSION O AHOGAMIENTO, GRANJA
W168;SALTO O ZAMBULLIDA DENTRO DEL AGUA QUE CAUSA OTRO TRAUMATISMO SIN SUMERSION O AHOGAMIENTO, OTRO LUGAR ESPECIFICADO
W169;SALTO O ZAMBULLIDA DENTRO DEL AGUA QUE CAUSA OTRO TRAUMATISMO SIN SUMERSION O AHOGAMIENTO, LUGAR NO ESPECIFICADO
W17;OTRAS CAIDAS DE UN NIVEL A OTRO
W170;OTRAS CAIDAS DE UN NIVEL A OTRO, VIVIENDA
W171;OTRAS CAIDAS DE UN NIVEL A OTRO, INSTITUCION RESIDENCIAL
W172;OTRAS CAIDAS DE UN NIVEL A OTRO, ESCUELAS, OTRAS INSTITUCIONES Y AREAS ADMINISTRATIVAS PUBLICAS
W173;OTRAS CAIDAS DE UN NIVEL A OTRO, AREAS DE DEPORTE Y ATLETISMO
W174;OTRAS CAIDAS DE UN NIVEL A OTRO, CALLES Y CARRETERAS
W175;OTRAS CAIDAS DE UN NIVEL A OTRO, COMERCIO Y AREA DE SERVICIOS
W176;OTRAS CAIDAS DE UN NIVEL A OTRO, AREA INDUSTRIAL Y DE LA CONSTRUCCION
W177;OTRAS CAIDAS DE UN NIVEL A OTRO, GRANJA
W178;OTRAS CAIDAS DE UN NIVEL A OTRO, OTRO LUGAR ESPECIFICADO
W179;OTRAS CAIDAS DE UN NIVEL A OTRO, LUGAR NO ESPECIFICADO
W18;OTRAS CAIDAS EN EL MISMO NIVEL
W180;OTRAS CAIDAS EN EL MISMO NIVEL, VIVIENDA
W181;OTRAS CAIDAS EN EL MISMO NIVEL, INSTITUCION RESIDENCIAL
W182;OTRAS CAIDAS EN EL MISMO NIVEL, ESCUELAS, OTRAS INSTITUCIONES Y AREAS ADMINISTRATIVAS PUBLICAS
W183;OTRAS CAIDAS EN EL MISMO NIVEL, AREAS DE DEPORTE Y ATLETISMO
W184;OTRAS CAIDAS EN EL MISMO NIVEL, CALLES Y CARRETERAS
W185;OTRAS CAIDAS EN EL MISMO NIVEL, COMERCIO Y AREA DE SERVICIOS
W186;OTRAS CAIDAS EN EL MISMO NIVEL, AREA INDUSTRIAL Y DE LA CONSTRUCCION
W187;OTRAS CAIDAS EN EL MISMO NIVEL, GRANJA
W188;OTRAS CAIDAS EN EL MISMO NIVEL, OTRO LUGAR ESPECIFICADO
W189;OTRAS CAIDAS EN EL MISMO NIVEL, LUGAR NO ESPECIFICADO
W19;CAIDA NO ESPECIFICADA
W190;CAIDA NO ESPECIFICADA, VIVIENDA
W191;CAIDA NO ESPECIFICADA, INSTITUCION RESIDENCIAL
W192;CAIDA NO ESPECIFICADA, ESCUELAS, OTRAS INSTITUCIONES Y AREAS ADMINISTRATIVAS PUBLICAS
W193;CAIDA NO ESPECIFICADA, AREAS DE DEPORTE Y ATLETISMO
W194;CAIDA NO ESPECIFICADA, CALLES Y CARRETERAS
W195;CAIDA NO ESPECIFICADA, COMERCIO Y AREA DE SERVICIOS
W196;CAIDA NO ESPECIFICADA, AREA INDUSTRIAL Y DE LA CONSTRUCCION
W197;CAIDA NO ESPECIFICADA, GRANJA
W198;CAIDA NO ESPECIFICADA, OTRO LUGAR ESPECIFICADO
W199;CAIDA NO ESPECIFICADA, LUGAR NO ESPECIFICADO
W20;GOLPE POR OBJETO ARROJADO, PROYECTADO O QUE CAE
W200;GOLPE POR OBJETO ARROJADO, PROYECTADO O QUE CAE, VIVIENDA
W201;GOLPE POR OBJETO ARROJADO, PROYECTADO O QUE CAE, INSTITUCION RESIDENCIAL
W202;GOLPE POR OBJETO ARROJADO, PROYECTADO O QUE CAE, ESCUELAS, OTRAS INSTITUCIONES Y AREAS ADMINISTRATIVAS PUBLICAS
W203;GOLPE POR OBJETO ARROJADO, PROYECTADO O QUE CAE, AREAS DE DEPORTE Y ATLETISMO
W204;GOLPE POR OBJETO ARROJADO, PROYECTADO O QUE CAE, CALLES Y CARRETERAS
W205;GOLPE POR OBJETO ARROJADO, PROYECTADO O QUE CAE, COMERCIO Y AREA DE SERVICIOS
W206;GOLPE POR OBJETO ARROJADO, PROYECTADO O QUE CAE, AREA INDUSTRIAL Y DE LA CONSTRUCCION
W207;GOLPE POR OBJETO ARROJADO, PROYECTADO O QUE CAE, GRANJA
W208;GOLPE POR OBJETO ARROJADO, PROYECTADO O QUE CAE, OTRO LUGAR ESPECIFICADO
W209;GOLPE POR OBJETO ARROJADO, PROYECTADO O QUE CAE, LUGAR NO ESPECIFICADO
W21;GOLPE CONTRA O GOLPEADO POR EQUIPO PARA DEPORTES
W210;GOLPE CONTRA O GOLPEADO POR EQUIPO PARA DEPORTES, VIVIENDA
W211;GOLPE CONTRA O GOLPEADO POR EQUIPO PARA DEPORTES, INSTITUCION RESIDENCIAL
W212;GOLPE CONTRA O GOLPEADO POR EQUIPO PARA DEPORTES, ESCUELAS, OTRAS INSTITUCIONES Y AREAS ADMINISTRATIVAS PUBLICAS
W213;GOLPE CONTRA O GOLPEADO POR EQUIPO PARA DEPORTES, AREAS DE DEPORTE Y ATLETISMO
W214;GOLPE CONTRA O GOLPEADO POR EQUIPO PARA DEPORTES, CALLES Y CARRETERAS
W215;GOLPE CONTRA O GOLPEADO POR EQUIPO PARA DEPORTES, COMERCIO Y AREA DE SERVICIOS
W216;GOLPE CONTRA O GOLPEADO POR EQUIPO PARA DEPORTES, AREA INDUSTRIAL Y DE LA CONSTRUCCION
W217;GOLPE CONTRA O GOLPEADO POR EQUIPO PARA DEPORTES, GRANJA
W218;GOLPE CONTRA O GOLPEADO POR EQUIPO PARA DEPORTES, OTRO LUGAR ESPECIFICADO
W219;GOLPE CONTRA O GOLPEADO POR EQUIPO PARA DEPORTES, LUGAR NO ESPECIFICADO
W22;GOLPE CONTRA O GOLPEADO POR OTROS OBJETOS
W220;GOLPE CONTRA O GOLPEADO POR OTROS OBJETOS, VIVIENDA
W221;GOLPE CONTRA O GOLPEADO POR OTROS OBJETOS, INSTITUCION RESIDENCIAL
W222;GOLPE CONTRA O GOLPEADO POR OTROS OBJETOS, ESCUELAS, OTRAS INSTITUCIONES Y AREAS ADMINISTRATIVAS PUBLICAS
W223;GOLPE CONTRA O GOLPEADO POR OTROS OBJETOS, AREAS DE DEPORTE Y ATLETISMO
W224;GOLPE CONTRA O GOLPEADO POR OTROS OBJETOS, CALLES Y CARRETERAS
W225;GOLPE CONTRA O GOLPEADO POR OTROS OBJETOS, COMERCIO Y AREA DE SERVICIOS
W226;GOLPE CONTRA O GOLPEADO POR OTROS OBJETOS, AREA INDUSTRIAL Y DE LA CONSTRUCCION
W227;GOLPE CONTRA O GOLPEADO POR OTROS OBJETOS, GRANJA
W228;GOLPE CONTRA O GOLPEADO POR OTROS OBJETOS, OTRO LUGAR ESPECIFICADO
W229;GOLPE CONTRA O GOLPEADO POR OTROS OBJETOS, LUGAR NO ESPECIFICADO
W23;ATRAPADO, APLASTADO, TRABADO O APRETADO EN O ENTRE OBJETOS
W230;ATRAPADO, APLASTADO, TRABADO O APRETADO EN O ENTRE OBJETOS, VIVIENDA
W231;ATRAPADO, APLASTADO, TRABADO O APRETADO EN O ENTRE OBJETOS, INSTITUCION RESIDENCIAL
W232;ATRAPADO, APLASTADO, TRABADO O APRETADO EN O ENTRE OBJETOS, ESCUELAS, OTRAS INSTITUCIONES Y AREAS ADMINISTRATIVAS PUBLICAS
W233;ATRAPADO, APLASTADO, TRABADO O APRETADO EN O ENTRE OBJETOS, AREAS DE DEPORTE Y ATLETISMO
W234;ATRAPADO, APLASTADO, TRABADO O APRETADO EN O ENTRE OBJETOS, CALLES Y CARRETERAS
W235;ATRAPADO, APLASTADO, TRABADO O APRETADO EN O ENTRE OBJETOS, COMERCIO Y AREA DE SERVICIOS
W236;ATRAPADO, APLASTADO, TRABADO O APRETADO EN O ENTRE OBJETOS, AREA INDUSTRIAL Y DE LA CONSTRUCCION
W237;ATRAPADO, APLASTADO, TRABADO O APRETADO EN O ENTRE OBJETOS, GRANJA
W238;ATRAPADO, APLASTADO, TRABADO O APRETADO EN O ENTRE OBJETOS, OTRO LUGAR ESPECIFICADO
W239;ATRAPADO, APLASTADO, TRABADO O APRETADO EN O ENTRE OBJETOS, LUGAR NO ESPECIFICADO
W24;CONTACTO TRAUMATICO CON DISPOSITIVOS DE ELEVACION O TRANSMISION, NO CLASIFICADO EN OTRA PARTE
W240;CONTACTO TRAUMATICO CON DISPOSITIVOS DE ELEVACION Y TRANSMISION, NO CLASIFICADOS EN OTRA PARTE, VIVIENDA
W241;CONTACTO TRAUMATICO CON DISPOSITIVOS DE ELEVACION Y TRANSMISION, NO CLASIFICADOS EN OTRA PARTE, INSTITUCION RESIDENCIAL
W242;CONTACTO TRAUMATICO CON DISPOSITIVOS DE ELEVACION Y TRANSMISION, NO CLASIFICADOS EN OTRA PARTE, ESCUELAS, OTRAS INSTITUCIONES Y AREAS ADMINISTRATIVAS PUBLICAS
W243;CONTACTO TRAUMATICO CON DISPOSITIVOS DE ELEVACION Y TRANSMISION, NO CLASIFICADOS EN OTRA PARTE, AREAS DE DEPORTE Y ATLETISMO
W244;CONTACTO TRAUMATICO CON DISPOSITIVOS DE ELEVACION Y TRANSMISION, NO CLASIFICADOS EN OTRA PARTE, CALLES Y CARRETERAS
W245;CONTACTO TRAUMATICO CON DISPOSITIVOS DE ELEVACION Y TRANSMISION, NO CLASIFICADOS EN OTRA PARTE, COMERCIO Y AREA DE SERVICIOS
W246;CONTACTO TRAUMATICO CON DISPOSITIVOS DE ELEVACION Y TRANSMISION, NO CLASIFICADOS EN OTRA PARTE, AREA INDUSTRIAL Y DE LA CONSTRUCCION
W247;CONTACTO TRAUMATICO CON DISPOSITIVOS DE ELEVACION Y TRANSMISION, NO CLASIFICADOS EN OTRA PARTE, GRANJA
W248;CONTACTO TRAUMATICO CON DISPOSITIVOS DE ELEVACION Y TRANSMISION, NO CLASIFICADOS EN OTRA PARTE, OTRO LUGAR ESPECIFICADO
W249;CONTACTO TRAUMATICO CON DISPOSITIVOS DE ELEVACION Y TRANSMISION, NO CLASIFICADOS EN OTRA PARTE, LUGAR NO ESPECIFICADO
W25;CONTACTO TRAUMATICO CON VIDRIO CORTANTE
W250;CONTACTO TRAUMATICO CON VIDRIO CORTANTE, VIVIENDA
W251;CONTACTO TRAUMATICO CON VIDRIO CORTANTE, INSTITUCION RESIDENCIAL
W252;CONTACTO TRAUMATICO CON VIDRIO CORTANTE, ESCUELAS, OTRAS INSTITUCIONES Y AREAS ADMINISTRATIVAS PUBLICAS
W253;CONTACTO TRAUMATICO CON VIDRIO CORTANTE, AREAS DE DEPORTE Y ATLETISMO
W254;CONTACTO TRAUMATICO CON VIDRIO CORTANTE, CALLES Y CARRETERAS
W255;CONTACTO TRAUMATICO CON VIDRIO CORTANTE, COMERCIO Y AREA DE SERVICIOS
W256;CONTACTO TRAUMATICO CON VIDRIO CORTANTE, AREA INDUSTRIAL Y DE LA CONSTRUCCION
W257;CONTACTO TRAUMATICO CON VIDRIO CORTANTE, GRANJA
W258;CONTACTO TRAUMATICO CON VIDRIO CORTANTE, OTRO LUGAR ESPECIFICADO
W259;CONTACTO TRAUMATICO CON VIDRIO CORTANTE, LUGAR NO ESPECIFICADO
W26;CONTACTO TRAUMATICO CON OTROS OBJETOS AFILADOS
W260;CONTACTO TRAUMATICO CON CUCHILLO, ESPADA O DAGA
W261;CONTACTO TRAUMATICO CON CUCHILLO, ESPADA, DAGA O PUÑAL, INSTITUCION RESIDENCIAL
W262;CONTACTO TRAUMATICO CON CUCHILLO, ESPADA, DAGA O PUÑAL, ESCUELAS, OTRAS INSTITUCIONES Y AREAS ADMINISTRATIVAS PUBLICAS
W263;CONTACTO TRAUMATICO CON CUCHILLO, ESPADA, DAGA O PUÑAL, AREAS DE DEPORTE Y ATLETISMO
W264;CONTACTO TRAUMATICO CON CUCHILLO, ESPADA, DAGA O PUÑAL, CALLES Y CARRETERAS
W265;CONTACTO TRAUMATICO CON CUCHILLO, ESPADA, DAGA O PUÑAL, COMERCIO Y AREA DE SERVICIOS
W266;CONTACTO TRAUMATICO CON CUCHILLO, ESPADA, DAGA O PUÑAL, AREA INDUSTRIAL Y DE LA CONSTRUCCION
W267;CONTACTO TRAUMATICO CON CUCHILLO, ESPADA, DAGA O PUÑAL, GRANJA
W268;CONTACTO TRAUMATICO CON OTRO(S) OBJETOS(S) AFILADO(S) EN OTRA PARTE
W269;CONTACTO TRAUMATICO CON OTROS OBJETOS PUNTIAGUDOS NO ESPECIFICADOS
W27;CONTACTO TRAUMATICO CON HERRAMIENTAS MANUALES SIN MOTOR
W270;CONTACTO TRAUMATICO CON HERRAMIENTAS MANUALES SIN MOTOR, VIVIENDA
W271;CONTACTO TRAUMATICO CON HERRAMIENTAS MANUALES SIN MOTOR, INSTITUCION RESIDENCIAL
W272;CONTACTO TRAUMATICO CON HERRAMIENTAS MANUALES SIN MOTOR, ESCUELAS, OTRAS INSTITUCIONES Y AREAS ADMINISTRATIVAS PUBLICAS
W273;CONTACTO TRAUMATICO CON HERRAMIENTAS MANUALES SIN MOTOR, AREAS DE DEPORTE Y ATLETISMO
W274;CONTACTO TRAUMATICO CON HERRAMIENTAS MANUALES SIN MOTOR, CALLES Y CARRETERAS
W275;CONTACTO TRAUMATICO CON HERRAMIENTAS MANUALES SIN MOTOR, COMERCIO Y AREA DE SERVICIOS
W276;CONTACTO TRAUMATICO CON HERRAMIENTAS MANUALES SIN MOTOR, AREA INDUSTRIAL Y DE LA CONSTRUCCION
W277;CONTACTO TRAUMATICO CON HERRAMIENTAS MANUALES SIN MOTOR, GRANJA
W278;CONTACTO TRAUMATICO CON HERRAMIENTAS MANUALES SIN MOTOR, OTRO LUGAR ESPECIFICADO
W279;CONTACTO TRAUMATICO CON HERRAMIENTAS MANUALES SIN MOTOR, LUGAR NO ESPECIFICADO
W28;CONTACTO TRAUMATICO CON CORTADORA DE CESPED, CON MOTOR
W280;CONTACTO TRAUMATICO CON CORTADORA DE CESPED, CON MOTOR, VIVIENDA
W281;CONTACTO TRAUMATICO CON CORTADORA DE CESPED, CON MOTOR, INSTITUCION RESIDENCIAL
W282;CONTACTO TRAUMATICO CON CORTADORA DE CESPED, CON MOTOR, ESCUELAS, OTRAS INSTITUCIONES Y AREAS ADMINISTRATIVAS PUBLICAS
W283;CONTACTO TRAUMATICO CON CORTADORA DE CESPED, CON MOTOR, AREAS DE DEPORTE Y ATLETISMO
W284;CONTACTO TRAUMATICO CON CORTADORA DE CESPED, CON MOTOR, CALLES Y CARRETERAS
W285;CONTACTO TRAUMATICO CON CORTADORA DE CESPED, CON MOTOR, COMERCIO Y AREA DE SERVICIOS
W286;CONTACTO TRAUMATICO CON CORTADORA DE CESPED, CON MOTOR, AREA INDUSTRIAL Y DE LA CONSTRUCCION
W287;CONTACTO TRAUMATICO CON CORTADORA DE CESPED, CON MOTOR, GRANJA
W288;CONTACTO TRAUMATICO CON CORTADORA DE CESPED, CON MOTOR, OTRO LUGAR ESPECIFICADO
W289;CONTACTO TRAUMATICO CON CORTADORA DE CESPED, CON MOTOR, LUGAR NO ESPECIFICADO
W29;CONTACTO TRAUMATICO CON OTRAS HERRAMIENTAS MANUALES Y ARTEFACTOS DEL HOGAR, CON MOTOR
W290;CONTACTO TRAUMATICO CON OTRAS HERRAMIENTAS MANUALES Y ARTEFACTOS DEL HOGAR, CON MOTOR, VIVIENDA
W291;CONTACTO TRAUMATICO CON OTRAS HERRAMIENTAS MANUALES Y ARTEFACTOS DEL HOGAR, CON MOTOR, INSTITUCION RESIDENCIAL
W292;CONTACTO TRAUMATICO CON OTRAS HERRAMIENTAS MANUALES Y ARTEFACTOS DEL HOGAR, CON MOTOR, ESCUELAS, OTRAS INSTITUCIONES Y AREAS ADMINISTRATIVAS PUBLICAS
W293;CONTACTO TRAUMATICO CON OTRAS HERRAMIENTAS MANUALES Y ARTEFACTOS DEL HOGAR, CON MOTOR, AREAS DE DEPORTE Y ATLETISMO
W294;CONTACTO TRAUMATICO CON OTRAS HERRAMIENTAS MANUALES Y ARTEFACTOS DEL HOGAR, CON MOTOR, CALLES Y CARRETERAS
W295;CONTACTO TRAUMATICO CON OTRAS HERRAMIENTAS MANUALES Y ARTEFACTOS DEL HOGAR, CON MOTOR, COMERCIO Y AREA DE SERVICIOS
W296;CONTACTO TRAUMATICO CON OTRAS HERRAMIENTAS MANUALES Y ARTEFACTOS DEL HOGAR, CON MOTOR, AREA INDUSTRIAL Y DE LA CONSTRUCCION
W297;CONTACTO TRAUMATICO CON OTRAS HERRAMIENTAS MANUALES Y ARTEFACTOS DEL HOGAR, CON MOTOR, GRANJA
W298;CONTACTO TRAUMATICO CON OTRAS HERRAMIENTAS MANUALES Y ARTEFACTOS DEL HOGAR, CON MOTOR, OTRO LUGAR ESPECIFICADO
W299;CONTACTO TRAUMATICO CON OTRAS HERRAMIENTAS MANUALES Y ARTEFACTOS DEL HOGAR, CON MOTOR, LUGAR NO ESPECIFICADO
W30;CONTACTO TRAUMATICO CON MAQUINARIA AGRICOLA
W300;CONTACTO TRAUMATICO CON MAQUINARIA AGRICOLA, VIVIENDA
W301;CONTACTO TRAUMATICO CON MAQUINARIA AGRICOLA, INSTITUCION RESIDENCIAL
W302;CONTACTO TRAUMATICO CON MAQUINARIA AGRICOLA, ESCUELAS, OTRAS INSTITUCIONES Y AREAS ADMINISTRATIVAS PUBLICAS
W303;CONTACTO TRAUMATICO CON MAQUINARIA AGRICOLA, AREAS DE DEPORTE Y ATLETISMO
W304;CONTACTO TRAUMATICO CON MAQUINARIA AGRICOLA, CALLES Y CARRETERAS
W305;CONTACTO TRAUMATICO CON MAQUINARIA AGRICOLA, COMERCIO Y AREA DE SERVICIOS
W306;CONTACTO TRAUMATICO CON MAQUINARIA AGRICOLA, AREA INDUSTRIAL Y DE LA CONSTRUCCION
W307;CONTACTO TRAUMATICO CON MAQUINARIA AGRICOLA, GRANJA
W308;CONTACTO TRAUMATICO CON MAQUINARIA AGRICOLA, OTRO LUGAR ESPECIFICADO
W309;CONTACTO TRAUMATICO CON MAQUINARIA AGRICOLA, LUGAR NO ESPECIFICADO
W31;CONTACTO TRAUMATICO CON OTRAS MAQUINARIAS, Y LAS NO ESPECIFICADAS
W310;CONTACTO TRAUMATICO CON OTRAS MAQUINARIAS, Y LAS NO ESPECIFICADAS, VIVIENDA
W311;CONTACTO TRAUMATICO CON OTRAS MAQUINARIAS, Y LAS NO ESPECIFICADAS, INSTITUCION RESIDENCIAL
W312;CONTACTO TRAUMATICO CON OTRAS MAQUINARIAS, Y LAS NO ESPECIFICADAS, ESCUELAS, OTRAS INSTITUCIONES Y AREAS ADMINISTRATIVAS PUBLICAS
W313;CONTACTO TRAUMATICO CON OTRAS MAQUINARIAS, Y LAS NO ESPECIFICADAS, AREAS DE DEPORTE Y ATLETISMO
W314;CONTACTO TRAUMATICO CON OTRAS MAQUINARIAS, Y LAS NO ESPECIFICADAS, CALLES Y CARRETERAS
W315;CONTACTO TRAUMATICO CON OTRAS MAQUINARIAS, Y LAS NO ESPECIFICADAS, COMERCIO Y AREA DE SERVICIOS
W316;CONTACTO TRAUMATICO CON OTRAS MAQUINARIAS, Y LAS NO ESPECIFICADAS, AREA INDUSTRIAL Y DE LA CONSTRUCCION
W317;CONTACTO TRAUMATICO CON OTRAS MAQUINARIAS, Y LAS NO ESPECIFICADAS, GRANJA
W318;CONTACTO TRAUMATICO CON OTRAS MAQUINARIAS, Y LAS NO ESPECIFICADAS, OTRO LUGAR ESPECIFICADO
W319;CONTACTO TRAUMATICO CON OTRAS MAQUINARIAS, Y LAS NO ESPECIFICADAS, LUGAR NO ESPECIFICADO
W32;DISPARO DE ARMA CORTA
W320;DISPARO DE ARMA CORTA, VIVIENDA
W321;DISPARO DE ARMA CORTA, INSTITUCION RESIDENCIAL
W322;DISPARO DE ARMA CORTA, ESCUELAS, OTRAS INSTITUCIONES Y AREAS ADMINISTRATIVAS PUBLICAS
W323;DISPARO DE ARMA CORTA, AREAS DE DEPORTE Y ATLETISMO
W324;DISPARO DE ARMA CORTA, CALLES Y CARRETERAS
W325;DISPARO DE ARMA CORTA, COMERCIO Y AREA DE SERVICIOS
W326;DISPARO DE ARMA CORTA, AREA INDUSTRIAL Y DE LA CONSTRUCCION
W327;DISPARO DE ARMA CORTA, GRANJA
W328;DISPARO DE ARMA CORTA, OTRO LUGAR ESPECIFICADO
W329;DISPARO DE ARMA CORTA, LUGAR NO ESPECIFICADO
W33;DISPARO DE RIFLE, ESCOPETA Y ARMA LARGA
W330;DISPARO DE RIFLE, ESCOPETA Y ARMA LARGA, VIVIENDA
W331;DISPARO DE RIFLE, ESCOPETA Y ARMA LARGA, INSTITUCION RESIDENCIAL
W332;DISPARO DE RIFLE, ESCOPETA Y ARMA LARGA, ESCUELAS, OTRAS INSTITUCIONES Y AREAS ADMINISTRATIVAS PUBLICAS
W333;DISPARO DE RIFLE, ESCOPETA Y ARMA LARGA, AREAS DE DEPORTE Y ATLETISMO
W334;DISPARO DE RIFLE, ESCOPETA Y ARMA LARGA, CALLES Y CARRETERAS
W335;DISPARO DE RIFLE, ESCOPETA Y ARMA LARGA, COMERCIO Y AREA DE SERVICIOS
W336;DISPARO DE RIFLE, ESCOPETA Y ARMA LARGA, AREA INDUSTRIAL Y DE LA CONSTRUCCION
W337;DISPARO DE RIFLE, ESCOPETA Y ARMA LARGA, GRANJA
W338;DISPARO DE RIFLE, ESCOPETA Y ARMA LARGA, OTRO LUGAR ESPECIFICADO
W339;DISPARO DE RIFLE, ESCOPETA Y ARMA LARGA, LUGAR NO ESPECIFICADO
W34;DISPARO DE OTRAS ARMAS DE FUEGO, Y LAS NO ESPECIFICADAS
W340;DISPARO DE OTRAS ARMAS DE FUEGO, Y LAS NO ESPECIFICADAS, VIVIENDA
W341;DISPARO DE OTRAS ARMAS DE FUEGO, Y LAS NO ESPECIFICADAS, INSTITUCION RESIDENCIAL
W342;DISPARO DE OTRAS ARMAS DE FUEGO, Y LAS NO ESPECIFICADAS, ESCUELAS, OTRAS INSTITUCIONES Y AREAS ADMINISTRATIVAS PUBLICAS
W343;DISPARO DE OTRAS ARMAS DE FUEGO, Y LAS NO ESPECIFICADAS, AREAS DE DEPORTE Y ATLETISMO
W344;DISPARO DE OTRAS ARMAS DE FUEGO, Y LAS NO ESPECIFICADAS, CALLES Y CARRETERAS
W345;DISPARO DE OTRAS ARMAS DE FUEGO, Y LAS NO ESPECIFICADAS, COMERCIO Y AREA DE SERVICIOS
W346;DISPARO DE OTRAS ARMAS DE FUEGO, Y LAS NO ESPECIFICADAS, AREA INDUSTRIAL Y DE LA CONSTRUCCION
W347;DISPARO DE OTRAS ARMAS DE FUEGO, Y LAS NO ESPECIFICADAS, GRANJA
W348;DISPARO DE OTRAS ARMAS DE FUEGO, Y LAS NO ESPECIFICADAS, OTRO LUGAR ESPECIFICADO
W349;DISPARO DE OTRAS ARMAS DE FUEGO, Y LAS NO ESPECIFICADAS, LUGAR NO ESPECIFICADO
W35;EXPLOSION Y ROTURA DE CALDERA
W350;EXPLOSION Y ROTURA DE CALDERA, VIVIENDA
W351;EXPLOSION Y ROTURA DE CALDERA, INSTITUCION RESIDENCIAL
W352;EXPLOSION Y ROTURA DE CALDERA, ESCUELAS, OTRAS INSTITUCIONES Y AREAS ADMINISTRATIVAS PUBLICAS
W353;EXPLOSION Y ROTURA DE CALDERA, AREAS DE DEPORTE Y ATLETISMO
W354;EXPLOSION Y ROTURA DE CALDERA, CALLES Y CARRETERAS
W355;EXPLOSION Y ROTURA DE CALDERA, COMERCIO Y AREA DE SERVICIOS
W356;EXPLOSION Y ROTURA DE CALDERA, AREA INDUSTRIAL Y DE LA CONSTRUCCION
W357;EXPLOSION Y ROTURA DE CALDERA, GRANJA
W358;EXPLOSION Y ROTURA DE CALDERA, OTRO LUGAR ESPECIFICADO
W359;EXPLOSION Y ROTURA DE CALDERA, LUGAR NO ESPECIFICADO
W36;EXPLOSION Y ROTURA DE CILINDRO CON GAS
W360;EXPLOSION Y ROTURA DE CILINDRO CON GAS, VIVIENDA
W361;EXPLOSION Y ROTURA DE CILINDRO CON GAS, INSTITUCION RESIDENCIAL
W362;EXPLOSION Y ROTURA DE CILINDRO CON GAS, ESCUELAS, OTRAS INSTITUCIONES Y AREAS ADMINISTRATIVAS PUBLICAS
W363;EXPLOSION Y ROTURA DE CILINDRO CON GAS, AREAS DE DEPORTE Y ATLETISMO
W364;EXPLOSION Y ROTURA DE CILINDRO CON GAS, CALLES Y CARRETERAS
W365;EXPLOSION Y ROTURA DE CILINDRO CON GAS, COMERCIO Y AREA DE SERVICIOS
W366;EXPLOSION Y ROTURA DE CILINDRO CON GAS, AREA INDUSTRIAL Y DE LA CONSTRUCCION
W367;EXPLOSION Y ROTURA DE CILINDRO CON GAS, GRANJA
W368;EXPLOSION Y ROTURA DE CILINDRO CON GAS, OTRO LUGAR ESPECIFICADO
W369;EXPLOSION Y ROTURA DE CILINDRO CON GAS, LUGAR NO ESPECIFICADO
W37;EXPLOSION Y ROTURA DE NEUMATICO, TUBO O MANGUERA DE GOMA PRESURIZADA
W370;EXPLOSION Y ROTURA DE NEUMATICO, TUBO O MANGUERA DE GOMA PRESURIZADA, VIVIENDA
W371;EXPLOSION Y ROTURA DE NEUMATICO, TUBO O MANGUERA DE GOMA PRESURIZADA, INSTITUCION RESIDENCIAL
W372;EXPLOSION Y ROTURA DE NEUMATICO, TUBO O MANGUERA DE GOMA PRESURIZADA, ESCUELAS, OTRAS INSTITUCIONES Y AREAS ADMINISTRATIVAS PUBLICAS
W373;EXPLOSION Y ROTURA DE NEUMATICO, TUBO O MANGUERA DE GOMA PRESURIZADA, AREAS DE DEPORTE Y ATLETISMO
W374;EXPLOSION Y ROTURA DE NEUMATICO, TUBO O MANGUERA DE GOMA PRESURIZADA, CALLES Y CARRETERAS
W375;EXPLOSION Y ROTURA DE NEUMATICO, TUBO O MANGUERA DE GOMA PRESURIZADA, COMERCIO Y AREA DE SERVICIOS
W376;EXPLOSION Y ROTURA DE NEUMATICO, TUBO O MANGUERA DE GOMA PRESURIZADA, AREA INDUSTRIAL Y DE LA CONSTRUCCION
W377;EXPLOSION Y ROTURA DE NEUMATICO, TUBO O MANGUERA DE GOMA PRESURIZADA, GRANJA
W378;EXPLOSION Y ROTURA DE NEUMATICO, TUBO O MANGUERA DE GOMA PRESURIZADA, OTRO LUGAR ESPECIFICADO
W379;EXPLOSION Y ROTURA DE NEUMATICO, TUBO O MANGUERA DE GOMA PRESURIZADA, LUGAR NO ESPECIFICADO
W38;EXPLOSION Y ROTURA DE OTROS DISPOSITIVOS PRESURIZADOS ESPECIFICADO
W380;EXPLOSION Y ROTURA DE OTROS DISPOSITIVOS PRESURIZADOS ESPECIFICADOS, VIVIENDA
W381;EXPLOSION Y ROTURA DE OTROS DISPOSITIVOS PRESURIZADOS ESPECIFICADOS, INSTITUCION RESIDENCIAL
W382;EXPLOSION Y ROTURA DE OTROS DISPOSITIVOS PRESURIZADOS ESPECIFICADOS, ESCUELAS, OTRAS INSTITUCIONES Y AREAS ADMINISTRATIVAS PUBLICAS
W383;EXPLOSION Y ROTURA DE OTROS DISPOSITIVOS PRESURIZADOS ESPECIFICADOS, AREAS DE DEPORTE Y ATLETISMO
W384;EXPLOSION Y ROTURA DE OTROS DISPOSITIVOS PRESURIZADOS ESPECIFICADOS, CALLES Y CARRETERAS
W385;EXPLOSION Y ROTURA DE OTROS DISPOSITIVOS PRESURIZADOS ESPECIFICADOS, COMERCIO Y AREA DE SERVICIOS
W386;EXPLOSION Y ROTURA DE OTROS DISPOSITIVOS PRESURIZADOS ESPECIFICADOS, AREA INDUSTRIAL Y DE LA CONSTRUCCION
W387;EXPLOSION Y ROTURA DE OTROS DISPOSITIVOS PRESURIZADOS ESPECIFICADOS, GRANJA
W388;EXPLOSION Y ROTURA DE OTROS DISPOSITIVOS PRESURIZADOS ESPECIFICADOS, OTRO LUGAR ESPECIFICADO
W389;EXPLOSION Y ROTURA DE OTROS DISPOSITIVOS PRESURIZADOS ESPECIFICADOS, LUGAR NO ESPECIFICADO
W39;EXPLOSION DE FUEROS ARTIFICIALES
W390;EXPLOSION DE FUEGOS ARTIFICIALES, VIVIENDA
W391;EXPLOSION DE FUEGOS ARTIFICIALES, INSTITUCION RESIDENCIAL
W392;EXPLOSION DE FUEGOS ARTIFICIALES, ESCUELAS, OTRAS INSTITUCIONES Y AREAS ADMINISTRATIVAS PUBLICAS
W393;EXPLOSION DE FUEGOS ARTIFICIALES, AREAS DE DEPORTE Y ATLETISMO
W394;EXPLOSION DE FUEGOS ARTIFICIALES, CALLES Y CARRETERAS
W395;EXPLOSION DE FUEGOS ARTIFICIALES, COMERCIO Y AREA DE SERVICIOS
W396;EXPLOSION DE FUEGOS ARTIFICIALES, AREA INDUSTRIAL Y DE LA CONSTRUCCION
W397;EXPLOSION DE FUEGOS ARTIFICIALES, GRANJA
W398;EXPLOSION DE FUEGOS ARTIFICIALES, OTRO LUGAR ESPECIFICADO
W399;EXPLOSION DE FUEGOS ARTIFICIALES, LUGAR NO ESPECIFICADO
W40;EXPLOSION DE OTROS MATERIALES
W400;EXPLOSION DE OTROS MATERIALES, VIVIENDA
W401;EXPLOSION DE OTROS MATERIALES, INSTITUCION RESIDENCIAL
W402;EXPLOSION DE OTROS MATERIALES, ESCUELAS, OTRAS INSTITUCIONES Y AREAS ADMINISTRATIVAS PUBLICAS
W403;EXPLOSION DE OTROS MATERIALES, AREAS DE DEPORTE Y ATLETISMO
W404;EXPLOSION DE OTROS MATERIALES, CALLES Y CARRETERAS
W405;EXPLOSION DE OTROS MATERIALES, COMERCIO Y AREA DE SERVICIOS
W406;EXPLOSION DE OTROS MATERIALES, AREA INDUSTRIAL Y DE LA CONSTRUCCION
W407;EXPLOSION DE OTROS MATERIALES, GRANJA
W408;EXPLOSION DE OTROS MATERIALES, OTRO LUGAR ESPECIFICADO
W409;EXPLOSION DE OTROS MATERIALES, LUGAR NO ESPECIFICADO
W41;EXPOSICION A CHORRO DE ALTA PRESION
W410;EXPOSICION A CHORRO DE ALTA PRESION, VIVIENDA
W411;EXPOSICION A CHORRO DE ALTA PRESION, INSTITUCION RESIDENCIAL
W412;EXPOSICION A CHORRO DE ALTA PRESION, ESCUELAS, OTRAS INSTITUCIONES Y AREAS ADMINISTRATIVAS PUBLICAS
W413;EXPOSICION A CHORRO DE ALTA PRESION, AREAS DE DEPORTE Y ATLETISMO
W414;EXPOSICION A CHORRO DE ALTA PRESION, CALLES Y CARRETERAS
W415;EXPOSICION A CHORRO DE ALTA PRESION, COMERCIO Y AREA DE SERVICIOS
W416;EXPOSICION A CHORRO DE ALTA PRESION, AREA INDUSTRIAL Y DE LA CONSTRUCCION
W417;EXPOSICION A CHORRO DE ALTA PRESION, GRANJA
W418;EXPOSICION A CHORRO DE ALTA PRESION, OTRO LUGAR ESPECIFICADO
W419;EXPOSICION A CHORRO DE ALTA PRESION, LUGAR NO ESPECIFICADO
W42;EXPOSICION AL RUIDO
W420;EXPOSICION AL RUIDO, VIVIENDA
W421;EXPOSICION AL RUIDO, INSTITUCION RESIDENCIAL
W422;EXPOSICION AL RUIDO, ESCUELAS, OTRAS INSTITUCIONES Y AREAS ADMINISTRATIVAS PUBLICAS
W423;EXPOSICION AL RUIDO, AREAS DE DEPORTE Y ATLETISMO
W424;EXPOSICION AL RUIDO, CALLES Y CARRETERAS
W425;EXPOSICION AL RUIDO, COMERCIO Y AREA DE SERVICIOS
W426;EXPOSICION AL RUIDO, AREA INDUSTRIAL Y DE LA CONSTRUCCION
W427;EXPOSICION AL RUIDO, GRANJA
W428;EXPOSICION AL RUIDO, OTRO LUGAR ESPECIFICADO
W429;EXPOSICION AL RUIDO, LUGAR NO ESPECIFICADO
W43;EXPOSICION A VIBRACIONES
W430;EXPOSICION A VIBRACIONES, VIVIENDA
W431;EXPOSICION A VIBRACIONES, INSTITUCION RESIDENCIAL
W432;EXPOSICION A VIBRACIONES, ESCUELAS, OTRAS INSTITUCIONES Y AREAS ADMINISTRATIVAS PUBLICAS
W433;EXPOSICION A VIBRACIONES, AREAS DE DEPORTE Y ATLETISMO
W434;EXPOSICION A VIBRACIONES, CALLES Y CARRETERAS
W435;EXPOSICION A VIBRACIONES, COMERCIO Y AREA DE SERVICIOS
W436;EXPOSICION A VIBRACIONES, AREA INDUSTRIAL Y DE LA CONSTRUCCION
W437;EXPOSICION A VIBRACIONES, GRANJA
W438;EXPOSICION A VIBRACIONES, OTRO LUGAR ESPECIFICADO
W439;EXPOSICION A VIBRACIONES, LUGAR NO ESPECIFICADO
W44;CUERPO EXTRAÑO QUE PENETRA POR EL OJO U ORIFICIO NATURAL
W440;CUERPO EXTRAÑO QUE PENETRA POR EL OJO U ORIFICIO NATURAL, VIVIENDA
W441;CUERPO EXTRAÑO QUE PENETRA POR EL OJO U ORIFICIO NATURAL, INSTITUCION RESIDENCIAL
W442;CUERPO EXTRAÑO QUE PENETRA POR EL OJO U ORIFICIO NATURAL, ESCUELAS, OTRAS INSTITUCIONES Y AREAS ADMINISTRATIVAS PUBLICAS
W443;CUERPO EXTRAÑO QUE PENETRA POR EL OJO U ORIFICIO NATURAL, AREAS DE DEPORTE Y ATLETISMO
W444;CUERPO EXTRAÑO QUE PENETRA POR EL OJO U ORIFICIO NATURAL, CALLES Y CARRETERAS
W445;CUERPO EXTRAÑO QUE PENETRA POR EL OJO U ORIFICIO NATURAL, COMERCIO Y AREA DE SERVICIOS
W446;CUERPO EXTRAÑO QUE PENETRA POR EL OJO U ORIFICIO NATURAL, AREA INDUSTRIAL Y DE LA CONSTRUCCION
W447;CUERPO EXTRAÑO QUE PENETRA POR EL OJO U ORIFICIO NATURAL, GRANJA
W448;CUERPO EXTRAÑO QUE PENETRA POR EL OJO U ORIFICIO NATURAL, OTRO LUGAR ESPECIFICADO
W449;CUERPO EXTRAÑO QUE PENETRA POR EL OJO U ORIFICIO NATURAL, LUGAR NO ESPECIFICADO
W45;CUERPO EXTRAÑO QUE PENETRA A TRAVES DE LA PIEL
W450;CUERPO EXTRAÑO QUE PENETRA A TRAVES DE LA PIEL, VIVIENDA
W451;CUERPO EXTRAÑO QUE PENETRA A TRAVES DE LA PIEL, INSTITUCION RESIDENCIAL
W452;CUERPO EXTRAÑO QUE PENETRA A TRAVES DE LA PIEL, ESCUELAS, OTRAS INSTITUCIONES Y AREAS ADMINISTRATIVAS PUBLICAS
W453;CUERPO EXTRAÑO QUE PENETRA A TRAVES DE LA PIEL, AREAS DE DEPORTE Y ATLETISMO
W454;CUERPO EXTRAÑO QUE PENETRA A TRAVES DE LA PIEL, CALLES Y CARRETERAS
W455;CUERPO EXTRAÑO QUE PENETRA A TRAVES DE LA PIEL, COMERCIO Y AREA DE SERVICIOS
W456;CUERPO EXTRAÑO QUE PENETRA A TRAVES DE LA PIEL, AREA INDUSTRIAL Y DE LA CONSTRUCCION
W457;CUERPO EXTRAÑO QUE PENETRA A TRAVES DE LA PIEL, GRANJA
W458;CUERPO EXTRAÑO QUE PENETRA A TRAVES DE LA PIEL, OTRO LUGAR ESPECIFICADO
W459;CUERPO EXTRAÑO QUE PENETRA A TRAVES DE LA PIEL, LUGAR NO ESPECIFICADO
W46;CONTACTO TRAUMATICO CON AGUJA HIPODERMICA
W460;CONTACTO TRAUMATICO CON AGUJA HIPODERMICA, VIVIENDA
W461;CONTACTO TRAUMATICO CON AGUJA HIPODERMICA, INSTITUCION RESIDENCIAL
W462;CONTACTO TRAUMATICO CON AGUJA HIPODERMICA, ESCUELAS, OTRAS INSTITUCIONES Y AREAS ADMINISTRATIVAS PUBLICAS
W463;CONTACTO TRAUMATICO CON AGUJA HIPODERMICA, AREAS DE DEPORTE Y ATLETISMO
W464;CONTACTO TRAUMATICO CON AGUJA HIPODERMICA, CALLES Y CARRETERAS
W465;CONTACTO TRAUMATICO CON AGUJA HIPODERMICA, COMERCIO Y AREA DE SERVICIOS
W466;CONTACTO TRAUMATICO CON AGUJA HIPODERMICA, AREA INDUSTRIAL Y DE LA CONSTRUCCION
W467;CONTACTO TRAUMATICO CON AGUJA HIPODERMICA, GRANJA
W468;CONTACTO TRAUMATICO CON AGUJA HIPODERMICA, OTRO LUGAR ESPECIFICADO
W469;CONTACTO TRAUMATICO CON AGUJA HIPODERMICA, LUGAR NO ESPECIFICADO
W49;EXPOSICION A OTRAS FUERZAS MECANICAS INANIMADAS, Y LAS NO ESPECIFICADAS
W490;EXPOSICION A OTRAS FUERZAS MECANICAS INANIMADAS, Y LAS NO ESPECIFICADAS, VIVIENDA
W491;EXPOSICION A OTRAS FUERZAS MECANICAS INANIMADAS, Y LAS NO ESPECIFICADAS, INSTITUCION RESIDENCIAL
W492;EXPOSICION A OTRAS FUERZAS MECANICAS INANIMADAS, Y LAS NO ESPECIFICADAS, ESCUELAS, OTRAS INSTITUCIONES Y AREAS ADMINISTRATIVAS PUBLICAS
W493;EXPOSICION A OTRAS FUERZAS MECANICAS INANIMADAS, Y LAS NO ESPECIFICADAS, AREAS DE DEPORTE Y ATLETISMO
W494;EXPOSICION A OTRAS FUERZAS MECANICAS INANIMADAS, Y LAS NO ESPECIFICADAS, CALLES Y CARRETERAS
W495;EXPOSICION A OTRAS FUERZAS MECANICAS INANIMADAS, Y LAS NO ESPECIFICADAS, COMERCIO Y AREA DE SERVICIOS
W496;EXPOSICION A OTRAS FUERZAS MECANICAS INANIMADAS, Y LAS NO ESPECIFICADAS, AREA INDUSTRIAL Y DE LA CONSTRUCCION
W497;EXPOSICION A OTRAS FUERZAS MECANICAS INANIMADAS, Y LAS NO ESPECIFICADAS, GRANJA
W498;EXPOSICION A OTRAS FUERZAS MECANICAS INANIMADAS, Y LAS NO ESPECIFICADAS, OTRO LUGAR ESPECIFICADO
W499;EXPOSICION A OTRAS FUERZAS MECANICAS INANIMADAS, Y LAS NO ESPECIFICADAS, LUGAR NO ESPECIFICADO
W50;APORREO, GOLPE, MORDEDURA, PATADA, RASGUÑO O TORCEDURA INFLIGIDOS POR OTRA PERSONA
W500;APORREO, GOLPE, MORDEDURA, PATADA, RASGUÑO O TORCEDURA INFLIGIDOS POR OTRA PERSONA, VIVIENDA
W501;APORREO, GOLPE, MORDEDURA, PATADA, RASGUÑO O TORCEDURA INFLIGIDOS POR OTRA PERSONA, INSTITUCION RESIDENCIAL
W502;APORREO, GOLPE, MORDEDURA, PATADA, RASGUÑO O TORCEDURA INFLIGIDOS POR OTRA PERSONA, ESCUELAS, OTRAS INSTITUCIONES Y AREAS ADMINISTRATIVAS PUBLICAS
W503;APORREO, GOLPE, MORDEDURA, PATADA, RASGUÑO O TORCEDURA INFLIGIDOS POR OTRA PERSONA, AREAS DE DEPORTE Y ATLETISMO
W504;APORREO, GOLPE, MORDEDURA, PATADA, RASGUÑO O TORCEDURA INFLIGIDOS POR OTRA PERSONA, CALLES Y CARRETERAS
W505;APORREO, GOLPE, MORDEDURA, PATADA, RASGUÑO O TORCEDURA INFLIGIDOS POR OTRA PERSONA, COMERCIO Y AREA DE SERVICIOS
W506;APORREO, GOLPE, MORDEDURA, PATADA, RASGUÑO O TORCEDURA INFLIGIDOS POR OTRA PERSONA, AREA INDUSTRIAL Y DE LA CONSTRUCCION
W507;APORREO, GOLPE, MORDEDURA, PATADA, RASGUÑO O TORCEDURA INFLIGIDOS POR OTRA PERSONA, GRANJA
W508;APORREO, GOLPE, MORDEDURA, PATADA, RASGUÑO O TORCEDURA INFLIGIDOS POR OTRA PERSONA, OTRO LUGAR ESPECIFICADO
W509;APORREO, GOLPE, MORDEDURA, PATADA, RASGUÑO O TORCEDURA INFLIGIDOS POR OTRA PERSONA, LUGAR NO ESPECIFICADO
W51;CHOQUE O EMPELLON CONTRA OTRA PERSONA
W510;CHOQUE O EMPELLON CONTRA OTRA PERSONA, VIVIENDA
W511;CHOQUE O EMPELLON CONTRA OTRA PERSONA, INSTITUCION RESIDENCIAL
W512;CHOQUE O EMPELLON CONTRA OTRA PERSONA, ESCUELAS, OTRAS INSTITUCIONES Y AREAS ADMINISTRATIVAS PUBLICAS
W513;CHOQUE O EMPELLON CONTRA OTRA PERSONA, AREAS DE DEPORTE Y ATLETISMO
W514;CHOQUE O EMPELLON CONTRA OTRA PERSONA, CALLES Y CARRETERAS
W515;CHOQUE O EMPELLON CONTRA OTRA PERSONA, COMERCIO Y AREA DE SERVICIOS
W516;CHOQUE O EMPELLON CONTRA OTRA PERSONA, AREA INDUSTRIAL Y DE LA CONSTRUCCION
W517;CHOQUE O EMPELLON CONTRA OTRA PERSONA, GRANJA
W518;CHOQUE O EMPELLON CONTRA OTRA PERSONA, OTRO LUGAR ESPECIFICADO
W519;CHOQUE O EMPELLON CONTRA OTRA PERSONA, LUGAR NO ESPECIFICADO
W52;PERSONA APLASTADA, EMPUJADA O PISOTEADA POR UNA MULTITUD O ESTAMPIDA HUMANA
W520;PERSONA APLASTADA, EMPUJADA O PISOTEADA POR UNA MULTITUD O ESTAMPIDA HUMANA, VIVIENDA
W521;PERSONA APLASTADA, EMPUJADA O PISOTEADA POR UNA MULTITUD O ESTAMPIDA HUMANA, INSTITUCION RESIDENCIAL
W522;PERSONA APLASTADA, EMPUJADA O PISOTEADA POR UNA MULTITUD O ESTAMPIDA HUMANA, ESCUELAS, OTRAS INSTITUCIONES Y AREAS ADMINISTRATIVAS PUBLICAS
W523;PERSONA APLASTADA, EMPUJADA O PISOTEADA POR UNA MULTITUD O ESTAMPIDA HUMANA, AREAS DE DEPORTE Y ATLETISMO
W524;PERSONA APLASTADA, EMPUJADA O PISOTEADA POR UNA MULTITUD O ESTAMPIDA HUMANA, CALLES Y CARRETERAS
W525;PERSONA APLASTADA, EMPUJADA O PISOTEADA POR UNA MULTITUD O ESTAMPIDA HUMANA, COMERCIO Y AREA DE SERVICIOS
W526;PERSONA APLASTADA, EMPUJADA O PISOTEADA POR UNA MULTITUD O ESTAMPIDA HUMANA, AREA INDUSTRIAL Y DE LA CONSTRUCCION
W527;PERSONA APLASTADA, EMPUJADA O PISOTEADA POR UNA MULTITUD O ESTAMPIDA HUMANA, GRANJA
W528;PERSONA APLASTADA, EMPUJADA O PISOTEADA POR UNA MULTITUD O ESTAMPIDA HUMANA, OTRO LUGAR ESPECIFICADO
W529;PERSONA APLASTADA, EMPUJADA O PISOTEADA POR UNA MULTITUD O ESTAMPIDA HUMANA, LUGAR NO ESPECIFICADO
W53;MORDEDURA DE RATA
W530;MORDEDURA DE RATA, VIVIENDA
W531;MORDEDURA DE RATA, INSTITUCION RESIDENCIAL
W532;MORDEDURA DE RATA, ESCUELAS, OTRAS INSTITUCIONES Y AREAS ADMINISTRATIVAS PUBLICAS
W533;MORDEDURA DE RATA, AREAS DE DEPORTE Y ATLETISMO
W534;MORDEDURA DE RATA, CALLES Y CARRETERAS
W535;MORDEDURA DE RATA, COMERCIO Y AREA DE SERVICIOS
W536;MORDEDURA DE RATA, AREA INDUSTRIAL Y DE LA CONSTRUCCION
W537;MORDEDURA DE RATA, GRANJA
W538;MORDEDURA DE RATA, OTRO LUGAR ESPECIFICADO
W539;MORDEDURA DE RATA, LUGAR NO ESPECIFICADO
W54;MORDEDURA O ATAQUE DE PERRO
W540;MORDEDURA O ATAQUE DE PERRO, VIVIENDA
W541;MORDEDURA O ATAQUE DE PERRO, INSTITUCION RESIDENCIAL
W542;MORDEDURA O ATAQUE DE PERRO, ESCUELAS, OTRAS INSTITUCIONES Y AREAS ADMINISTRATIVAS PUBLICAS
W543;MORDEDURA O ATAQUE DE PERRO, AREAS DE DEPORTE Y ATLETISMO
W544;MORDEDURA O ATAQUE DE PERRO, CALLES Y CARRETERAS
W545;MORDEDURA O ATAQUE DE PERRO, COMERCIO Y AREA DE SERVICIOS
W546;MORDEDURA O ATAQUE DE PERRO, AREA INDUSTRIAL Y DE LA CONSTRUCCION
W547;MORDEDURA O ATAQUE DE PERRO, GRANJA
W548;MORDEDURA O ATAQUE DE PERRO, OTRO LUGAR ESPECIFICADO
W549;MORDEDURA O ATAQUE DE PERRO, LUGAR NO ESPECIFICADO
W55;MORDEDURA O ATAQUE DE OTROS MAMIFEROS
W550;MORDEDURA O ATAQUE DE OTROS MAMIFEROS, VIVIENDA
W551;MORDEDURA O ATAQUE DE OTROS MAMIFEROS, INSTITUCION RESIDENCIAL
W552;MORDEDURA O ATAQUE DE OTROS MAMIFEROS, ESCUELAS, OTRAS INSTITUCIONES Y AREAS ADMINISTRATIVAS PUBLICAS
W553;MORDEDURA O ATAQUE DE OTROS MAMIFEROS, AREAS DE DEPORTE Y ATLETISMO
W554;MORDEDURA O ATAQUE DE OTROS MAMIFEROS, CALLES Y CARRETERAS
W555;MORDEDURA O ATAQUE DE OTROS MAMIFEROS, COMERCIO Y AREA DE SERVICIOS
W556;MORDEDURA O ATAQUE DE OTROS MAMIFEROS, AREA INDUSTRIAL Y DE LA CONSTRUCCION
W557;MORDEDURA O ATAQUE DE OTROS MAMIFEROS, GRANJA
W558;MORDEDURA O ATAQUE DE OTROS MAMIFEROS, OTRO LUGAR ESPECIFICADO
W559;MORDEDURA O ATAQUE DE OTROS MAMIFEROS, LUGAR NO ESPECIFICADO
W56;CONTACTO TRAUMATICO CON ANIMALES MARINOS
W560;CONTACTO TRAUMATICO CON ANIMALES MARINOS, VIVIENDA
W561;CONTACTO TRAUMATICO CON ANIMALES MARINOS, INSTITUCION RESIDENCIAL
W562;CONTACTO TRAUMATICO CON ANIMALES MARINOS, ESCUELAS, OTRAS INSTITUCIONES Y AREAS ADMINISTRATIVAS PUBLICAS
W563;CONTACTO TRAUMATICO CON ANIMALES MARINOS, AREAS DE DEPORTE Y ATLETISMO
W564;CONTACTO TRAUMATICO CON ANIMALES MARINOS, CALLES Y CARRETERAS
W565;CONTACTO TRAUMATICO CON ANIMALES MARINOS, COMERCIO Y AREA DE SERVICIOS
W566;CONTACTO TRAUMATICO CON ANIMALES MARINOS, AREA INDUSTRIAL Y DE LA CONSTRUCCION
W567;CONTACTO TRAUMATICO CON ANIMALES MARINOS, GRANJA
W568;CONTACTO TRAUMATICO CON ANIMALES MARINOS, OTRO LUGAR ESPECIFICADO
W569;CONTACTO TRAUMATICO CON ANIMALES MARINOS, LUGAR NO ESPECIFICADO
W57;MORDEDURA O PICADURA DE INSECTOS Y OTROS ARTROPODOS NO VENENOSOS
W570;MORDEDURA O PICADURA DE INSECTOS Y OTROS ARTROPODOS NO VENENOSOS, VIVIENDA
W571;MORDEDURA O PICADURA DE INSECTOS Y OTROS ARTROPODOS NO VENENOSOS, INSTITUCION RESIDENCIAL
W572;MORDEDURA O PICADURA DE INSECTOS Y OTROS ARTROPODOS NO VENENOSOS, ESCUELAS, OTRAS INSTITUCIONES Y AREAS ADMINISTRATIVAS PUBLICAS
W573;MORDEDURA O PICADURA DE INSECTOS Y OTROS ARTROPODOS NO VENENOSOS, AREAS DE DEPORTE Y ATLETISMO
W574;MORDEDURA O PICADURA DE INSECTOS Y OTROS ARTROPODOS NO VENENOSOS, CALLES Y CARRETERAS
W575;MORDEDURA O PICADURA DE INSECTOS Y OTROS ARTROPODOS NO VENENOSOS, COMERCIO Y AREA DE SERVICIOS
W576;MORDEDURA O PICADURA DE INSECTOS Y OTROS ARTROPODOS NO VENENOSOS, AREA INDUSTRIAL Y DE LA CONSTRUCCION
W577;MORDEDURA O PICADURA DE INSECTOS Y OTROS ARTROPODOS NO VENENOSOS, GRANJA
W578;MORDEDURA O PICADURA DE INSECTOS Y OTROS ARTROPODOS NO VENENOSOS, OTRO LUGAR ESPECIFICADO
W579;MORDEDURA O PICADURA DE INSECTOS Y OTROS ARTROPODOS NO VENENOSOS, LUGAR NO ESPECIFICADO
W58;MORDEDURA O ATAQUE DE COCODRILO O CAIMAN
W580;MORDEDURA O ATAQUE DE COCODRILO O CAIMAN, VIVIENDA
W581;MORDEDURA O ATAQUE DE COCODRILO O CAIMAN, INSTITUCION RESIDENCIAL
W582;MORDEDURA O ATAQUE DE COCODRILO O CAIMAN, ESCUELAS, OTRAS INSTITUCIONES Y AREAS ADMINISTRATIVAS PUBLICAS
W583;MORDEDURA O ATAQUE DE COCODRILO O CAIMAN, AREAS DE DEPORTE Y ATLETISMO
W584;MORDEDURA O ATAQUE DE COCODRILO O CAIMAN, CALLES Y CARRETERAS
W585;MORDEDURA O ATAQUE DE COCODRILO O CAIMAN, COMERCIO Y AREA DE SERVICIOS
W586;MORDEDURA O ATAQUE DE COCODRILO O CAIMAN, AREA INDUSTRIAL Y DE LA CONSTRUCCION
W587;MORDEDURA O ATAQUE DE COCODRILO O CAIMAN, GRANJA
W588;MORDEDURA O ATAQUE DE COCODRILO O CAIMAN, OTRO LUGAR ESPECIFICADO
W589;MORDEDURA O ATAQUE DE COCODRILO O CAIMAN, LUGAR NO ESPECIFICADO
W59;MORDEDURA O APLASTAMIENTO POR OTROS REPTILES
W590;MORDEDURA O APLASTAMIENTO POR OTROS REPTILES, VIVIENDA
W591;MORDEDURA O APLASTAMIENTO POR OTROS REPTILES, INSTITUCION RESIDENCIAL
W592;MORDEDURA O APLASTAMIENTO POR OTROS REPTILES, ESCUELAS, OTRAS INSTITUCIONES Y AREAS ADMINISTRATIVAS PUBLICAS
W593;MORDEDURA O APLASTAMIENTO POR OTROS REPTILES, AREAS DE DEPORTE Y ATLETISMO
W594;MORDEDURA O APLASTAMIENTO POR OTROS REPTILES, CALLES Y CARRETERAS
W595;MORDEDURA O APLASTAMIENTO POR OTROS REPTILES, COMERCIO Y AREA DE SERVICIOS
W596;MORDEDURA O APLASTAMIENTO POR OTROS REPTILES, AREA INDUSTRIAL Y DE LA CONSTRUCCION
W597;MORDEDURA O APLASTAMIENTO POR OTROS REPTILES, GRANJA
W598;MORDEDURA O APLASTAMIENTO POR OTROS REPTILES, OTRO LUGAR ESPECIFICADO
W599;MORDEDURA O APLASTAMIENTO POR OTROS REPTILES, LUGAR NO ESPECIFICADO
W60;CONTACTO TRAUMATICO CON AGUIJONES, ESPINAS U HOJAS CORTANTES DE PLANTAS
W600;CONTACTO TRAUMATICO CON AGUIJONES, ESPINAS U HOJAS CORTANTES DE PLANTAS, VIVIENDA
W601;CONTACTO TRAUMATICO CON AGUIJONES, ESPINAS U HOJAS CORTANTES DE PLANTAS, INSTITUCION RESIDENCIAL
W602;CONTACTO TRAUMATICO CON AGUIJONES, ESPINAS U HOJAS CORTANTES DE PLANTAS, ESCUELAS, OTRAS INSTITUCIONES Y AREAS ADMINISTRATIVAS PUBLICAS
W603;CONTACTO TRAUMATICO CON AGUIJONES, ESPINAS U HOJAS CORTANTES DE PLANTAS, AREAS DE DEPORTE Y ATLETISMO
W604;CONTACTO TRAUMATICO CON AGUIJONES, ESPINAS U HOJAS CORTANTES DE PLANTAS, CALLES Y CARRETERAS
W605;CONTACTO TRAUMATICO CON AGUIJONES, ESPINAS U HOJAS CORTANTES DE PLANTAS, COMERCIO Y AREA DE SERVICIOS
W606;CONTACTO TRAUMATICO CON AGUIJONES, ESPINAS U HOJAS CORTANTES DE PLANTAS, AREA INDUSTRIAL Y DE LA CONSTRUCCION
W607;CONTACTO TRAUMATICO CON AGUIJONES, ESPINAS U HOJAS CORTANTES DE PLANTAS, GRANJA
W608;CONTACTO TRAUMATICO CON AGUIJONES, ESPINAS U HOJAS CORTANTES DE PLANTAS, OTRO LUGAR ESPECIFICADO
W609;CONTACTO TRAUMATICO CON AGUIJONES, ESPINAS U HOJAS CORTANTES DE PLANTAS, LUGAR NO ESPECIFICADO
W64;EXPOSICION A OTRAS FUERZAS MECANICAS ANIMADAS, Y LAS NO ESPECIFICADAS
W640;EXPOSICION A OTRAS FUERZAS MECANICAS ANIMADAS, Y LAS NO ESPECIFICADAS, VIVIENDA
W641;EXPOSICION A OTRAS FUERZAS MECANICAS ANIMADAS, Y LAS NO ESPECIFICADAS, INSTITUCION RESIDENCIAL
W642;EXPOSICION A OTRAS FUERZAS MECANICAS ANIMADAS, Y LAS NO ESPECIFICADAS, ESCUELAS, OTRAS INSTITUCIONES Y AREAS ADMINISTRATIVAS PUBLICAS
W643;EXPOSICION A OTRAS FUERZAS MECANICAS ANIMADAS, Y LAS NO ESPECIFICADAS, AREAS DE DEPORTE Y ATLETISMO
W644;EXPOSICION A OTRAS FUERZAS MECANICAS ANIMADAS, Y LAS NO ESPECIFICADAS, CALLES Y CARRETERAS
W645;EXPOSICION A OTRAS FUERZAS MECANICAS ANIMADAS, Y LAS NO ESPECIFICADAS, COMERCIO Y AREA DE SERVICIOS
W646;EXPOSICION A OTRAS FUERZAS MECANICAS ANIMADAS, Y LAS NO ESPECIFICADAS, AREA INDUSTRIAL Y DE LA CONSTRUCCION
W647;EXPOSICION A OTRAS FUERZAS MECANICAS ANIMADAS, Y LAS NO ESPECIFICADAS, GRANJA
W648;EXPOSICION A OTRAS FUERZAS MECANICAS ANIMADAS, Y LAS NO ESPECIFICADAS, OTRO LUGAR ESPECIFICADO
W649;EXPOSICION A OTRAS FUERZAS MECANICAS ANIMADAS, Y LAS NO ESPECIFICADAS, LUGAR NO ESPECIFICADO
W65;AHOGAMIENTO Y SUMERSION MIENTRAS SE ESTA EN LA BAÑERA
W650;AHOGAMIENTO Y SUMERSION MIENTRAS SE ESTA EN LA BAÑERA, VIVIENDA
W651;AHOGAMIENTO Y SUMERSION MIENTRAS SE ESTA EN LA BAÑERA, INSTITUCION RESIDENCIAL
W652;AHOGAMIENTO Y SUMERSION MIENTRAS SE ESTA EN LA BAÑERA, ESCUELAS, OTRAS INSTITUCIONES Y AREAS ADMINISTRATIVAS PUBLICAS
W653;AHOGAMIENTO Y SUMERSION MIENTRAS SE ESTA EN LA BAÑERA, AREAS DE DEPORTE Y ATLETISMO
W654;AHOGAMIENTO Y SUMERSION MIENTRAS SE ESTA EN LA BAÑERA, CALLES Y CARRETERAS
W655;AHOGAMIENTO Y SUMERSION MIENTRAS SE ESTA EN LA BAÑERA, COMERCIO Y AREA DE SERVICIOS
W656;AHOGAMIENTO Y SUMERSION MIENTRAS SE ESTA EN LA BAÑERA, AREA INDUSTRIAL Y DE LA CONSTRUCCION
W657;AHOGAMIENTO Y SUMERSION MIENTRAS SE ESTA EN LA BAÑERA, GRANJA
W658;AHOGAMIENTO Y SUMERSION MIENTRAS SE ESTA EN LA BAÑERA, OTRO LUGAR ESPECIFICADO
W659;AHOGAMIENTO Y SUMERSION MIENTRAS SE ESTA EN LA BAÑERA, LUGAR NO ESPECIFICADO
W66;AHOGAMIENTO Y SUMERSION CONSECUTIVOS A CAIDA EN LA BAÑERA
W660;AHOGAMIENTO Y SUMERSION CONSECUTIVOS A CAIDA EN LA BAÑERA, VIVIENDA
W661;AHOGAMIENTO Y SUMERSION CONSECUTIVOS A CAIDA EN LA BAÑERA, INSTITUCION RESIDENCIAL
W662;AHOGAMIENTO Y SUMERSION CONSECUTIVOS A CAIDA EN LA BAÑERA, ESCUELAS, OTRAS INSTITUCIONES Y AREAS ADMINISTRATIVAS PUBLICAS
W663;AHOGAMIENTO Y SUMERSION CONSECUTIVOS A CAIDA EN LA BAÑERA, AREAS DE DEPORTE Y ATLETISMO
W664;AHOGAMIENTO Y SUMERSION CONSECUTIVOS A CAIDA EN LA BAÑERA, CALLES Y CARRETERAS
W665;AHOGAMIENTO Y SUMERSION CONSECUTIVOS A CAIDA EN LA BAÑERA, COMERCIO Y AREA DE SERVICIOS
W666;AHOGAMIENTO Y SUMERSION CONSECUTIVOS A CAIDA EN LA BAÑERA, AREA INDUSTRIAL Y DE LA CONSTRUCCION
W667;AHOGAMIENTO Y SUMERSION CONSECUTIVOS A CAIDA EN LA BAÑERA, GRANJA
W668;AHOGAMIENTO Y SUMERSION CONSECUTIVOS A CAIDA EN LA BAÑERA, OTRO LUGAR ESPECIFICADO
W669;AHOGAMIENTO Y SUMERSION CONSECUTIVOS A CAIDA EN LA BAÑERA, LUGAR NO ESPECIFICADO
W67;AHOGAMIENTO Y SUMERSION MIENTRAS SE ESTA EN UNA PISCINA
W670;AHOGAMIENTO Y SUMERSION MIENTRAS SE ESTA EN UNA PISCINA, VIVIENDA
W671;AHOGAMIENTO Y SUMERSION MIENTRAS SE ESTA EN UNA PISCINA, INSTITUCION RESIDENCIAL
W672;AHOGAMIENTO Y SUMERSION MIENTRAS SE ESTA EN UNA PISCINA, ESCUELAS, OTRAS INSTITUCIONES Y AREAS ADMINISTRATIVAS PUBLICAS
W673;AHOGAMIENTO Y SUMERSION MIENTRAS SE ESTA EN UNA PISCINA, AREAS DE DEPORTE Y ATLETISMO
W674;AHOGAMIENTO Y SUMERSION MIENTRAS SE ESTA EN UNA PISCINA, CALLES Y CARRETERAS
W675;AHOGAMIENTO Y SUMERSION MIENTRAS SE ESTA EN UNA PISCINA, COMERCIO Y AREA DE SERVICIOS
W676;AHOGAMIENTO Y SUMERSION MIENTRAS SE ESTA EN UNA PISCINA, AREA INDUSTRIAL Y DE LA CONSTRUCCION
W677;AHOGAMIENTO Y SUMERSION MIENTRAS SE ESTA EN UNA PISCINA, GRANJA
W678;AHOGAMIENTO Y SUMERSION MIENTRAS SE ESTA EN UNA PISCINA, OTRO LUGAR ESPECIFICADO
W679;AHOGAMIENTO Y SUMERSION MIENTRAS SE ESTA EN UNA PISCINA, LUGAR NO ESPECIFICADO
W68;AHOGAMIENTO Y SUMERSION CONSECUTIVOS A CAIDA EN UNA PISCINA
W680;AHOGAMIENTO Y SUMERSION CONSECUTIVOS A CAIDA EN UNA PISCINA, VIVIENDA
W681;AHOGAMIENTO Y SUMERSION CONSECUTIVOS A CAIDA EN UNA PISCINA, INSTITUCION RESIDENCIAL
W682;AHOGAMIENTO Y SUMERSION CONSECUTIVOS A CAIDA EN UNA PISCINA, ESCUELAS, OTRAS INSTITUCIONES Y AREAS ADMINISTRATIVAS PUBLICAS
W683;AHOGAMIENTO Y SUMERSION CONSECUTIVOS A CAIDA EN UNA PISCINA, AREAS DE DEPORTE Y ATLETISMO
W684;AHOGAMIENTO Y SUMERSION CONSECUTIVOS A CAIDA EN UNA PISCINA, CALLES Y CARRETERAS
W685;AHOGAMIENTO Y SUMERSION CONSECUTIVOS A CAIDA EN UNA PISCINA, COMERCIO Y AREA DE SERVICIOS
W686;AHOGAMIENTO Y SUMERSION CONSECUTIVOS A CAIDA EN UNA PISCINA, AREA INDUSTRIAL Y DE LA CONSTRUCCION
W687;AHOGAMIENTO Y SUMERSION CONSECUTIVOS A CAIDA EN UNA PISCINA, GRANJA
W688;AHOGAMIENTO Y SUMERSION CONSECUTIVOS A CAIDA EN UNA PISCINA, OTRO LUGAR ESPECIFICADO
W689;AHOGAMIENTO Y SUMERSION CONSECUTIVOS A CAIDA EN UNA PISCINA, LUGAR NO ESPECIFICADO
W69;AHOGAMIENTO Y SUMERSION MIENTRAS SE ESTA EN AGUAS NATURALES
W690;AHOGAMIENTO Y SUMERSION MIENTRAS SE ESTA EN AGUAS NATURALES, VIVIENDA
W691;AHOGAMIENTO Y SUMERSION MIENTRAS SE ESTA EN AGUAS NATURALES, INSTITUCION RESIDENCIAL
W692;AHOGAMIENTO Y SUMERSION MIENTRAS SE ESTA EN AGUAS NATURALES, ESCUELAS, OTRAS INSTITUCIONES Y AREAS ADMINISTRATIVAS PUBLICAS
W693;AHOGAMIENTO Y SUMERSION MIENTRAS SE ESTA EN AGUAS NATURALES, AREAS DE DEPORTE Y ATLETISMO
W694;AHOGAMIENTO Y SUMERSION MIENTRAS SE ESTA EN AGUAS NATURALES, CALLES Y CARRETERAS
W695;AHOGAMIENTO Y SUMERSION MIENTRAS SE ESTA EN AGUAS NATURALES, COMERCIO Y AREA DE SERVICIOS
W696;AHOGAMIENTO Y SUMERSION MIENTRAS SE ESTA EN AGUAS NATURALES, AREA INDUSTRIAL Y DE LA CONSTRUCCION
W697;AHOGAMIENTO Y SUMERSION MIENTRAS SE ESTA EN AGUAS NATURALES, GRANJA
W698;AHOGAMIENTO Y SUMERSION MIENTRAS SE ESTA EN AGUAS NATURALES, OTRO LUGAR ESPECIFICADO
W699;AHOGAMIENTO Y SUMERSION MIENTRAS SE ESTA EN AGUAS NATURALES, LUGAR NO ESPECIFICADO
W70;AHOGAMIENTO Y SUMERSION POSTERIOR A CAIDA EN AGUAS NATURALES
W700;AHOGAMIENTO Y SUMERSION POSTERIOR A CAIDA EN AGUAS NATURALES, VIVIENDA
W701;AHOGAMIENTO Y SUMERSION POSTERIOR A CAIDA EN AGUAS NATURALES, INSTITUCION RESIDENCIAL
W702;AHOGAMIENTO Y SUMERSION POSTERIOR A CAIDA EN AGUAS NATURALES, ESCUELAS, OTRAS INSTITUCIONES Y AREAS ADMINISTRATIVAS PUBLICAS
W703;AHOGAMIENTO Y SUMERSION POSTERIOR A CAIDA EN AGUAS NATURALES, AREAS DE DEPORTE Y ATLETISMO
W704;AHOGAMIENTO Y SUMERSION POSTERIOR A CAIDA EN AGUAS NATURALES, CALLES Y CARRETERAS
W705;AHOGAMIENTO Y SUMERSION POSTERIOR A CAIDA EN AGUAS NATURALES, COMERCIO Y AREA DE SERVICIOS
W706;AHOGAMIENTO Y SUMERSION POSTERIOR A CAIDA EN AGUAS NATURALES, AREA INDUSTRIAL Y DE LA CONSTRUCCION
W707;AHOGAMIENTO Y SUMERSION POSTERIOR A CAIDA EN AGUAS NATURALES, GRANJA
W708;AHOGAMIENTO Y SUMERSION POSTERIOR A CAIDA EN AGUAS NATURALES, OTRO LUGAR ESPECIFICADO
W709;AHOGAMIENTO Y SUMERSION POSTERIOR A CAIDA EN AGUAS NATURALES, LUGAR NO ESPECIFICADO
W73;OTROS AHOGAMIENTOS Y SUMERSIONES ESPECIFICADOS
W730;OTROS AHOGAMIENTOS Y SUMERSIONES ESPECIFICADOS, VIVIENDA
W731;OTROS AHOGAMIENTOS Y SUMERSIONES ESPECIFICADOS, INSTITUCION RESIDENCIAL
W732;OTROS AHOGAMIENTOS Y SUMERSIONES ESPECIFICADOS, ESCUELAS, OTRAS INSTITUCIONES Y AREAS ADMINISTRATIVAS PUBLICAS
W733;OTROS AHOGAMIENTOS Y SUMERSIONES ESPECIFICADOS, AREAS DE DEPORTE Y ATLETISMO
W734;OTROS AHOGAMIENTOS Y SUMERSIONES ESPECIFICADOS, CALLES Y CARRETERAS
W735;OTROS AHOGAMIENTOS Y SUMERSIONES ESPECIFICADOS, COMERCIO Y AREA DE SERVICIOS
W736;OTROS AHOGAMIENTOS Y SUMERSIONES ESPECIFICADOS, AREA INDUSTRIAL Y DE LA CONSTRUCCION
W737;OTROS AHOGAMIENTOS Y SUMERSIONES ESPECIFICADOS, GRANJA
W738;OTROS AHOGAMIENTOS Y SUMERSIONES ESPECIFICADOS, OTRO LUGAR ESPECIFICADO
W739;OTROS AHOGAMIENTOS Y SUMERSIONES ESPECIFICADOS, LUGAR NO ESPECIFICADO
W74;AHOGAMIENTO Y SUMERSION NO ESPECIFICADOS
W740;AHOGAMIENTO Y SUMERSION NO ESPECIFICADOS, VIVIENDA
W741;AHOGAMIENTO Y SUMERSION NO ESPECIFICADOS, INSTITUCION RESIDENCIAL
W742;AHOGAMIENTO Y SUMERSION NO ESPECIFICADOS, ESCUELAS, OTRAS INSTITUCIONES Y AREAS ADMINISTRATIVAS PUBLICAS
W743;AHOGAMIENTO Y SUMERSION NO ESPECIFICADOS, AREAS DE DEPORTE Y ATLETISMO
W744;AHOGAMIENTO Y SUMERSION NO ESPECIFICADOS, CALLES Y CARRETERAS
W745;AHOGAMIENTO Y SUMERSION NO ESPECIFICADOS, COMERCIO Y AREA DE SERVICIOS
W746;AHOGAMIENTO Y SUMERSION NO ESPECIFICADOS, AREA INDUSTRIAL Y DE LA CONSTRUCCION
W747;AHOGAMIENTO Y SUMERSION NO ESPECIFICADOS, GRANJA
W748;AHOGAMIENTO Y SUMERSION NO ESPECIFICADOS, OTRO LUGAR ESPECIFICADO
W749;AHOGAMIENTO Y SUMERSION NO ESPECIFICADOS, LUGAR NO ESPECIFICADO
W75;SOFOCACION Y ESTRANGULAMIENTO ACCIDENTAL EN LA CAMA
W750;SOFOCACION Y ESTRANGULAMIENTO ACCIDENTAL EN LA CAMA, VIVIENDA
W751;SOFOCACION Y ESTRANGULAMIENTO ACCIDENTAL EN LA CAMA, INSTITUCION RESIDENCIAL
W752;SOFOCACION Y ESTRANGULAMIENTO ACCIDENTAL EN LA CAMA, ESCUELAS, OTRAS INSTITUCIONES Y AREAS ADMINISTRATIVAS PUBLICAS
W753;SOFOCACION Y ESTRANGULAMIENTO ACCIDENTAL EN LA CAMA, AREAS DE DEPORTE Y ATLETISMO
W754;SOFOCACION Y ESTRANGULAMIENTO ACCIDENTAL EN LA CAMA, CALLES Y CARRETERAS
W755;SOFOCACION Y ESTRANGULAMIENTO ACCIDENTAL EN LA CAMA, COMERCIO Y AREA DE SERVICIOS
W756;SOFOCACION Y ESTRANGULAMIENTO ACCIDENTAL EN LA CAMA, AREA INDUSTRIAL Y DE LA CONSTRUCCION
W757;SOFOCACION Y ESTRANGULAMIENTO ACCIDENTAL EN LA CAMA, GRANJA
W758;SOFOCACION Y ESTRANGULAMIENTO ACCIDENTAL EN LA CAMA, OTRO LUGAR ESPECIFICADO
W759;SOFOCACION Y ESTRANGULAMIENTO ACCIDENTAL EN LA CAMA, LUGAR NO ESPECIFICADO
W76;OTROS ESTRANGULAMIENTOS Y AHORCAMIENTOS ACCIDENTALES
W760;OTROS ESTRANGULAMIENTOS Y AHORCAMIENTOS ACCIDENTALES, VIVIENDA
W761;OTROS ESTRANGULAMIENTOS Y AHORCAMIENTOS ACCIDENTALES, INSTITUCION RESIDENCIAL
W762;OTROS ESTRANGULAMIENTOS Y AHORCAMIENTOS ACCIDENTALES, ESCUELAS, OTRAS INSTITUCIONES Y AREAS ADMINISTRATIVAS PUBLICAS
W763;OTROS ESTRANGULAMIENTOS Y AHORCAMIENTOS ACCIDENTALES, AREAS DE DEPORTE Y ATLETISMO
W764;OTROS ESTRANGULAMIENTOS Y AHORCAMIENTOS ACCIDENTALES, CALLES Y CARRETERAS
W765;OTROS ESTRANGULAMIENTOS Y AHORCAMIENTOS ACCIDENTALES, COMERCIO Y AREA DE SERVICIOS
W766;OTROS ESTRANGULAMIENTOS Y AHORCAMIENTOS ACCIDENTALES, AREA INDUSTRIAL Y DE LA CONSTRUCCION
W767;OTROS ESTRANGULAMIENTOS Y AHORCAMIENTOS ACCIDENTALES, GRANJA
W768;OTROS ESTRANGULAMIENTOS Y AHORCAMIENTOS ACCIDENTALES, OTRO LUGAR ESPECIFICADO
W769;OTROS ESTRANGULAMIENTOS Y AHORCAMIENTOS ACCIDENTALES, LUGAR NO ESPECIFICADO
W77;OBSTRUCCION DE LA RESPIRACION DEBIDA A HUNDIMIENTO, CAIDA DE TIERRA U OTRAS SUSTANCIAS
W770;OBSTRUCCION DE LA RESPIRACION DEBIDA A HUNDIMIENTO, CAIDA DE TIERRA U OTRAS SUSTANCIAS, VIVIENDA
W771;OBSTRUCCION DE LA RESPIRACION DEBIDA A HUNDIMIENTO, CAIDA DE TIERRA U OTRAS SUSTANCIAS, INSTITUCION RESIDENCIAL
W772;OBSTRUCCION DE LA RESPIRACION DEBIDA A HUNDIMIENTO, CAIDA DE TIERRA U OTRAS SUSTANCIAS, ESCUELAS, OTRAS INSTITUCIONES Y AREAS ADMINISTRATIVAS PUBLICAS
W773;OBSTRUCCION DE LA RESPIRACION DEBIDA A HUNDIMIENTO, CAIDA DE TIERRA U OTRAS SUSTANCIAS, AREAS DE DEPORTE Y ATLETISMO
W774;OBSTRUCCION DE LA RESPIRACION DEBIDA A HUNDIMIENTO, CAIDA DE TIERRA U OTRAS SUSTANCIAS, CALLES Y CARRETERAS
W775;OBSTRUCCION DE LA RESPIRACION DEBIDA A HUNDIMIENTO, CAIDA DE TIERRA U OTRAS SUSTANCIAS, COMERCIO Y AREA DE SERVICIOS
W776;OBSTRUCCION DE LA RESPIRACION DEBIDA A HUNDIMIENTO, CAIDA DE TIERRA U OTRAS SUSTANCIAS, AREA INDUSTRIAL Y DE LA CONSTRUCCION
W777;OBSTRUCCION DE LA RESPIRACION DEBIDA A HUNDIMIENTO, CAIDA DE TIERRA U OTRAS SUSTANCIAS, GRANJA
W778;OBSTRUCCION DE LA RESPIRACION DEBIDA A HUNDIMIENTO, CAIDA DE TIERRA U OTRAS SUSTANCIAS, OTRO LUGAR ESPECIFICADO
W779;OBSTRUCCION DE LA RESPIRACION DEBIDA A HUNDIMIENTO, CAIDA DE TIERRA U OTRAS SUSTANCIAS, LUGAR NO ESPECIFICADO
W78;INHALACION DE CONTENIDOS GASTRICOS
W780;INHALACION DE CONTENIDOS GASTRICOS, VIVIENDA
W781;INHALACION DE CONTENIDOS GASTRICOS, INSTITUCION RESIDENCIAL
W782;INHALACION DE CONTENIDOS GASTRICOS, ESCUELAS, OTRAS INSTITUCIONES Y AREAS ADMINISTRATIVAS PUBLICAS
W783;INHALACION DE CONTENIDOS GASTRICOS, AREAS DE DEPORTE Y ATLETISMO
W784;INHALACION DE CONTENIDOS GASTRICOS, CALLES Y CARRETERAS
W785;INHALACION DE CONTENIDOS GASTRICOS, COMERCIO Y AREA DE SERVICIOS
W786;INHALACION DE CONTENIDOS GASTRICOS, AREA INDUSTRIAL Y DE LA CONSTRUCCION
W787;INHALACION DE CONTENIDOS GASTRICOS, GRANJA
W788;INHALACION DE CONTENIDOS GASTRICOS, OTRO LUGAR ESPECIFICADO
W789;INHALACION DE CONTENIDOS GASTRICOS, LUGAR NO ESPECIFICADO
W79;INHALACION E INGESTION DE ALIMENTO QUE CAUSA OBSTRUCCION DE LAS VIAS RESPIRATORIAS
W790;INHALACION E INGESTION DE ALIMENTO QUE CAUSA OBSTRUCCION DE LAS VIAS RESPIRATORIAS, VIVIENDA
W791;INHALACION E INGESTION DE ALIMENTO QUE CAUSA OBSTRUCCION DE LAS VIAS RESPIRATORIAS, INSTITUCION RESIDENCIAL
W792;INHALACION E INGESTION DE ALIMENTO QUE CAUSA OBSTRUCCION DE LAS VIAS RESPIRATORIAS, ESCUELAS, OTRAS INSTITUCIONES Y AREAS ADMINISTRATIVAS PUBLICAS
W793;INHALACION E INGESTION DE ALIMENTO QUE CAUSA OBSTRUCCION DE LAS VIAS RESPIRATORIAS, AREAS DE DEPORTE Y ATLETISMO
W794;INHALACION E INGESTION DE ALIMENTO QUE CAUSA OBSTRUCCION DE LAS VIAS RESPIRATORIAS, CALLES Y CARRETERAS
W795;INHALACION E INGESTION DE ALIMENTO QUE CAUSA OBSTRUCCION DE LAS VIAS RESPIRATORIAS, COMERCIO Y AREA DE SERVICIOS
W796;INHALACION E INGESTION DE ALIMENTO QUE CAUSA OBSTRUCCION DE LAS VIAS RESPIRATORIAS, AREA INDUSTRIAL Y DE LA CONSTRUCCION
W797;INHALACION E INGESTION DE ALIMENTO QUE CAUSA OBSTRUCCION DE LAS VIAS RESPIRATORIAS, GRANJA
W798;INHALACION E INGESTION DE ALIMENTO QUE CAUSA OBSTRUCCION DE LAS VIAS RESPIRATORIAS, OTRO LUGAR ESPECIFICADO
W799;INHALACION E INGESTION DE ALIMENTO QUE CAUSA OBSTRUCCION DE LAS VIAS RESPIRATORIAS, LUGAR NO ESPECIFICADO
W80;INHALACION E INGESTION DE OTROS OBJETOS QUE CAUSAN OBSTRUCCION DE LAS VIAS RESPIRATORIAS
W800;INHALACION E INGESTION DE OTROS OBJETOS QUE CAUSAN OBSTRUCCION DE LAS VIAS RESPIRATORIAS, VIVIENDA
W801;INHALACION E INGESTION DE OTROS OBJETOS QUE CAUSAN OBSTRUCCION DE LAS VIAS RESPIRATORIAS, INSTITUCION RESIDENCIAL
W802;INHALACION E INGESTION DE OTROS OBJETOS QUE CAUSAN OBSTRUCCION DE LAS VIAS RESPIRATORIAS, ESCUELAS, OTRAS INSTITUCION Y AREAS ADMINISTRATIVAS PUBLICAS
W803;INHALACION E INGESTION DE OTROS OBJETOS QUE CAUSAN OBSTRUCCION DE LAS VIAS RESPIRATORIAS, AREAS DE DEPORTE Y ATLETISMO
W804;INHALACION E INGESTION DE OTROS OBJETOS QUE CAUSAN OBSTRUCCION DE LAS VIAS RESPIRATORIAS, CALLES Y CARRETERAS
W805;INHALACION E INGESTION DE OTROS OBJETOS QUE CAUSAN OBSTRUCCION DE LAS VIAS RESPIRATORIAS, COMERCIO Y AREA DE SERVICIOS
W806;INHALACION E INGESTION DE OTROS OBJETOS QUE CAUSAN OBSTRUCCION DE LAS VIAS RESPIRATORIAS, AREA INDUSTRIAL Y DE LA CONSTRUCCION
W807;INHALACION E INGESTION DE OTROS OBJETOS QUE CAUSAN OBSTRUCCION DE LAS VIAS RESPIRATORIAS, GRANJA
W808;INHALACION E INGESTION DE OTROS OBJETOS QUE CAUSAN OBSTRUCCION DE LAS VIAS RESPIRATORIAS, OTRO LUGAR ESPECIFICADO
W809;INHALACION E INGESTION DE OTROS OBJETOS QUE CAUSAN OBSTRUCCION DE LAS VIAS RESPIRATORIAS, LUGAR NO ESPECIFICADO
W81;CONFINADO O ATRAPADO EN UN AMBIENTE CON BAJO CONTENIDO DE OXIGENO
W810;CONFINADO O ATRAPADO EN UN AMBIENTE CON BAJO CONTENIDO DE OXIGENO, VIVIENDA
W811;CONFINADO O ATRAPADO EN UN AMBIENTE CON BAJO CONTENIDO DE OXIGENO, INSTITUCION RESIDENCIAL
W812;CONFINADO O ATRAPADO EN UN AMBIENTE CON BAJO CONTENIDO DE OXIGENO, ESCUELAS, OTRAS INSTITUCIONES Y AREAS ADMINISTRATIVAS PUBLICAS
W813;CONFINADO O ATRAPADO EN UN AMBIENTE CON BAJO CONTENIDO DE OXIGENO, AREAS DE DEPORTE Y ATLETISMO
W814;CONFINADO O ATRAPADO EN UN AMBIENTE CON BAJO CONTENIDO DE OXIGENO, CALLES Y CARRETERAS
W815;CONFINADO O ATRAPADO EN UN AMBIENTE CON BAJO CONTENIDO DE OXIGENO, COMERCIO Y AREA DE SERVICIOS
W816;CONFINADO O ATRAPADO EN UN AMBIENTE CON BAJO CONTENIDO DE OXIGENO, AREA INDUSTRIAL Y DE LA CONSTRUCCION
W817;CONFINADO O ATRAPADO EN UN AMBIENTE CON BAJO CONTENIDO DE OXIGENO, GRANJA
W818;CONFINADO O ATRAPADO EN UN AMBIENTE CON BAJO CONTENIDO DE OXIGENO, OTRO LUGAR ESPECIFICADO
W819;CONFINADO O ATRAPADO EN UN AMBIENTE CON BAJO CONTENIDO DE OXIGENO, LUGAR NO ESPECIFICADO
W83;OTRAS OBSTRUCCIONES ESPECIFICADAS DE LA RESPIRACION
W830;OTRAS OBSTRUCCIONES ESPECIFICADAS DE LA RESPIRACION, VIVIENDA
W831;OTRAS OBSTRUCCIONES ESPECIFICADAS DE LA RESPIRACION, INSTITUCION RESIDENCIAL
W832;OTRAS OBSTRUCCIONES ESPECIFICADAS DE LA RESPIRACION, ESCUELAS, OTRAS INSTITUCIONES Y AREAS ADMINISTRATIVAS PUBLICAS
W833;OTRAS OBSTRUCCIONES ESPECIFICADAS DE LA RESPIRACION, AREAS DE DEPORTE Y ATLETISMO
W834;OTRAS OBSTRUCCIONES ESPECIFICADAS DE LA RESPIRACION, CALLES Y CARRETERAS
W835;OTRAS OBSTRUCCIONES ESPECIFICADAS DE LA RESPIRACION, COMERCIO Y AREA DE SERVICIOS
W836;OTRAS OBSTRUCCIONES ESPECIFICADAS DE LA RESPIRACION, AREA INDUSTRIAL Y DE LA CONSTRUCCION
W837;OTRAS OBSTRUCCIONES ESPECIFICADAS DE LA RESPIRACION, GRANJA
W838;OTRAS OBSTRUCCIONES ESPECIFICADAS DE LA RESPIRACION, OTRO LUGAR ESPECIFICADO
W839;OTRAS OBSTRUCCIONES ESPECIFICADAS DE LA RESPIRACION, LUGAR NO ESPECIFICADO
W84;OBSTRUCCION NO ESPECIFICADA DE LA RESPIRACION
W840;OBSTRUCCION NO ESPECIFICADA DE LA RESPIRACION, VIVIENDA
W841;OBSTRUCCION NO ESPECIFICADA DE LA RESPIRACION, INSTITUCION RESIDENCIAL
W842;OBSTRUCCION NO ESPECIFICADA DE LA RESPIRACION, ESCUELAS, OTRAS INSTITUCIONES Y AREAS ADMINISTRATIVAS PUBLICAS
W843;OBSTRUCCION NO ESPECIFICADA DE LA RESPIRACION, AREAS DE DEPORTE Y ATLETISMO
W844;OBSTRUCCION NO ESPECIFICADA DE LA RESPIRACION, CALLES Y CARRETERAS
W845;OBSTRUCCION NO ESPECIFICADA DE LA RESPIRACION, COMERCIO Y AREA DE SERVICIOS
W846;OBSTRUCCION NO ESPECIFICADA DE LA RESPIRACION, AREA INDUSTRIAL Y DE LA CONSTRUCCION
W847;OBSTRUCCION NO ESPECIFICADA DE LA RESPIRACION, GRANJA
W848;OBSTRUCCION NO ESPECIFICADA DE LA RESPIRACION, OTRO LUGAR ESPECIFICADO
W849;OBSTRUCCION NO ESPECIFICADA DE LA RESPIRACION, LUGAR NO ESPECIFICADO
W85;EXPOSICION A LINEAS DE TRANSMISION ELECTRICA
W850;EXPOSICION A LINEAS DE TRANSMISION ELECTRICA, VIVIENDA
W851;EXPOSICION A LINEAS DE TRANSMISION ELECTRICA, INSTITUCION RESIDENCIAL
W852;EXPOSICION A LINEAS DE TRANSMISION ELECTRICA, ESCUELAS, OTRAS INSTITUCIONES Y AREAS ADMINISTRATIVAS PUBLICAS
W853;EXPOSICION A LINEAS DE TRANSMISION ELECTRICA, AREAS DE DEPORTE Y ATLETISMO
W854;EXPOSICION A LINEAS DE TRANSMISION ELECTRICA, CALLES Y CARRETERAS
W855;EXPOSICION A LINEAS DE TRANSMISION ELECTRICA, COMERCIO Y AREA DE SERVICIOS
W856;EXPOSICION A LINEAS DE TRANSMISION ELECTRICA, AREA INDUSTRIAL Y DE LA CONSTRUCCION
W857;EXPOSICION A LINEAS DE TRANSMISION ELECTRICA, GRANJA
W858;EXPOSICION A LINEAS DE TRANSMISION ELECTRICA, OTRO LUGAR ESPECIFICADO
W859;EXPOSICION A LINEAS DE TRANSMISION ELECTRICA, LUGAR NO ESPECIFICADO
W86;EXPOSICION A OTRAS CORRIENTES ELECTRICAS ESPECIFICADAS
W860;EXPOSICION A OTRAS CORRIENTES ELECTRICAS ESPECIFICADAS, VIVIENDA
W861;EXPOSICION A OTRAS CORRIENTES ELECTRICAS ESPECIFICADAS, INSTITUCION RESIDENCIAL
W862;EXPOSICION A OTRAS CORRIENTES ELECTRICAS ESPECIFICADAS, ESCUELAS, OTRAS INSTITUCIONES Y AREAS ADMINISTRATIVAS PUBLICAS
W863;EXPOSICION A OTRAS CORRIENTES ELECTRICAS ESPECIFICADAS, AREAS DE DEPORTE Y ATLETISMO
W864;EXPOSICION A OTRAS CORRIENTES ELECTRICAS ESPECIFICADAS, CALLES Y CARRETERAS
W865;EXPOSICION A OTRAS CORRIENTES ELECTRICAS ESPECIFICADAS, COMERCIO Y AREA DE SERVICIOS
W866;EXPOSICION A OTRAS CORRIENTES ELECTRICAS ESPECIFICADAS, AREA INDUSTRIAL Y DE LA CONSTRUCCION
W867;EXPOSICION A OTRAS CORRIENTES ELECTRICAS ESPECIFICADAS, GRANJA
W868;EXPOSICION A OTRAS CORRIENTES ELECTRICAS ESPECIFICADAS, OTRO LUGAR ESPECIFICADO
W869;EXPOSICION A OTRAS CORRIENTES ELECTRICAS ESPECIFICADAS, LUGAR NO ESPECIFICADO
W87;EXPOSICION A CORRIENTE ELECTRICA NO ESPECIFICADA
W870;EXPOSICION A CORRIENTE ELECTRICA NO ESPECIFICADA, VIVIENDA
W871;EXPOSICION A CORRIENTE ELECTRICA NO ESPECIFICADA, INSTITUCION RESIDENCIAL
W872;EXPOSICION A CORRIENTE ELECTRICA NO ESPECIFICADA, ESCUELAS, OTRAS INSTITUCIONES Y AREAS ADMINISTRATIVAS PUBLICAS
W873;EXPOSICION A CORRIENTE ELECTRICA NO ESPECIFICADA, AREAS DE DEPORTE Y ATLETISMO
W874;EXPOSICION A CORRIENTE ELECTRICA NO ESPECIFICADA, CALLES Y CARRETERAS
W875;EXPOSICION A CORRIENTE ELECTRICA NO ESPECIFICADA, COMERCIO Y AREA DE SERVICIOS
W876;EXPOSICION A CORRIENTE ELECTRICA NO ESPECIFICADA, AREA INDUSTRIAL Y DE LA CONSTRUCCION
W877;EXPOSICION A CORRIENTE ELECTRICA NO ESPECIFICADA, GRANJA
W878;EXPOSICION A CORRIENTE ELECTRICA NO ESPECIFICADA, OTRO LUGAR ESPECIFICADO
W879;EXPOSICION A CORRIENTE ELECTRICA NO ESPECIFICADA, LUGAR NO ESPECIFICADO
W88;EXPOSICION A RADIACION IONIZANTE
W880;EXPOSICION A RADIACION IONIZANTE, VIVIENDA
W881;EXPOSICION A RADIACION IONIZANTE, INSTITUCION RESIDENCIAL
W882;EXPOSICION A RADIACION IONIZANTE, ESCUELAS, OTRAS INSTITUCIONES Y AREAS ADMINISTRATIVAS PUBLICAS
W883;EXPOSICION A RADIACION IONIZANTE, AREAS DE DEPORTE Y ATLETISMO
W884;EXPOSICION A RADIACION IONIZANTE, CALLES Y CARRETERAS
W885;EXPOSICION A RADIACION IONIZANTE, COMERCIO Y AREA DE SERVICIOS
W886;EXPOSICION A RADIACION IONIZANTE, AREA INDUSTRIAL Y DE LA CONSTRUCCION
W887;EXPOSICION A RADIACION IONIZANTE, GRANJA
W888;EXPOSICION A RADIACION IONIZANTE, OTRO LUGAR ESPECIFICADO
W889;EXPOSICION A RADIACION IONIZANTE, LUGAR NO ESPECIFICADO
W89;EXPOSICION A FUENTE DE LUZ VISIBLE Y ULTRAVIOLETA, DE ORIGEN ARTIFICIAL
W890;EXPOSICION A FUENTE DE LUZ VISIBLE Y ULTRAVIOLETA, DE ORIGEN ARTIFICIAL, VIVIENDA
W891;EXPOSICION A FUENTE DE LUZ VISIBLE Y ULTRAVIOLETA, DE ORIGEN ARTIFICIAL, INSTITUCION RESIDENCIAL
W892;EXPOSICION A FUENTE DE LUZ VISIBLE Y ULTRAVIOLETA, DE ORIGEN ARTIFICIAL, ESCUELAS, OTRAS INSTITUCIONES Y AREAS ADMINISTRATIVAS PUBLICAS
W893;EXPOSICION A FUENTE DE LUZ VISIBLE Y ULTRAVIOLETA, DE ORIGEN ARTIFICIAL, AREAS DE DEPORTE Y ATLETISMO
W894;EXPOSICION A FUENTE DE LUZ VISIBLE Y ULTRAVIOLETA, DE ORIGEN ARTIFICIAL, CALLES Y CARRETERAS
W895;EXPOSICION A FUENTE DE LUZ VISIBLE Y ULTRAVIOLETA, DE ORIGEN ARTIFICIAL, COMERCIO Y AREA DE SERVICIOS
W896;EXPOSICION A FUENTE DE LUZ VISIBLE Y ULTRAVIOLETA, DE ORIGEN ARTIFICIAL, AREA INDUSTRIAL Y DE LA CONSTRUCCION
W897;EXPOSICION A FUENTE DE LUZ VISIBLE Y ULTRAVIOLETA, DE ORIGEN ARTIFICIAL, GRANJA
W898;EXPOSICION A FUENTE DE LUZ VISIBLE Y ULTRAVIOLETA, DE ORIGEN ARTIFICIAL, OTRO LUGAR ESPECIFICADO
W899;EXPOSICION A FUENTE DE LUZ VISIBLE Y ULTRAVIOLETA, DE ORIGEN ARTIFICIAL, LUGAR NO ESPECIFICADO
W90;EXPOSICION A OTROS TIPOS DE RADIACION NO IONIZANTE
W900;EXPOSICION A OTROS TIPOS DE RADIACION NO IONIZANTE, VIVIENDA
W901;EXPOSICION A OTROS TIPOS DE RADIACION NO IONIZANTE, INSTITUCION RESIDENCIAL
W902;EXPOSICION A OTROS TIPOS DE RADIACION NO IONIZANTE, ESCUELAS, OTRAS INSTITUCIONES Y AREAS ADMINISTRATIVAS PUBLICAS
W903;EXPOSICION A OTROS TIPOS DE RADIACION NO IONIZANTE, AREAS DE DEPORTE Y ATLETISMO
W904;EXPOSICION A OTROS TIPOS DE RADIACION NO IONIZANTE, CALLES Y CARRETERAS
W905;EXPOSICION A OTROS TIPOS DE RADIACION NO IONIZANTE, COMERCIO Y AREA DE SERVICIOS
W906;EXPOSICION A OTROS TIPOS DE RADIACION NO IONIZANTE, AREA INDUSTRIAL Y DE LA CONSTRUCCION
W907;EXPOSICION A OTROS TIPOS DE RADIACION NO IONIZANTE, GRANJA
W908;EXPOSICION A OTROS TIPOS DE RADIACION NO IONIZANTE, OTRO LUGAR ESPECIFICADO
W909;EXPOSICION A OTROS TIPOS DE RADIACION NO IONIZANTE, LUGAR NO ESPECIFICADO
W91;EXPOSICION A RADIACION DE TIPO NO ESPECIFICADO
W910;EXPOSICION A RADIACION DE TIPO NO ESPECIFICADO, VIVIENDA
W911;EXPOSICION A RADIACION DE TIPO NO ESPECIFICADO, INSTITUCION RESIDENCIAL
W912;EXPOSICION A RADIACION DE TIPO NO ESPECIFICADO, ESCUELAS, OTRAS INSTITUCIONES Y AREAS ADMINISTRATIVAS PUBLICAS
W913;EXPOSICION A RADIACION DE TIPO NO ESPECIFICADO, AREAS DE DEPORTE Y ATLETISMO
W914;EXPOSICION A RADIACION DE TIPO NO ESPECIFICADO, CALLES Y CARRETERAS
W915;EXPOSICION A RADIACION DE TIPO NO ESPECIFICADO, COMERCIO Y AREA DE SERVICIOS
W916;EXPOSICION A RADIACION DE TIPO NO ESPECIFICADO, AREA INDUSTRIAL Y DE LA CONSTRUCCION
W917;EXPOSICION A RADIACION DE TIPO NO ESPECIFICADO, GRANJA
W918;EXPOSICION A RADIACION DE TIPO NO ESPECIFICADO, OTRO LUGAR ESPECIFICADO
W919;EXPOSICION A RADIACION DE TIPO NO ESPECIFICADO, LUGAR NO ESPECIFICADO
W92;EXPOSICION A CALOR EXCESIVO DE ORIGEN ARTIFICIAL
W920;EXPOSICION A CALOR EXCESIVO DE ORIGEN ARTIFICIAL, VIVIENDA
W921;EXPOSICION A CALOR EXCESIVO DE ORIGEN ARTIFICIAL, INSTITUCION RESIDENCIAL
W922;EXPOSICION A CALOR EXCESIVO DE ORIGEN ARTIFICIAL, ESCUELAS, OTRAS INSTITUCIONES Y AREAS ADMINISTRATIVAS PUBLICAS
W923;EXPOSICION A CALOR EXCESIVO DE ORIGEN ARTIFICIAL, AREAS DE DEPORTE Y ATLETISMO
W924;EXPOSICION A CALOR EXCESIVO DE ORIGEN ARTIFICIAL, CALLES Y CARRETERAS
W925;EXPOSICION A CALOR EXCESIVO DE ORIGEN ARTIFICIAL, COMERCIO Y AREA DE SERVICIOS
W926;EXPOSICION A CALOR EXCESIVO DE ORIGEN ARTIFICIAL, AREA INDUSTRIAL Y DE LA CONSTRUCCION
W927;EXPOSICION A CALOR EXCESIVO DE ORIGEN ARTIFICIAL, GRANJA
W928;EXPOSICION A CALOR EXCESIVO DE ORIGEN ARTIFICIAL, OTRO LUGAR ESPECIFICADO
W929;EXPOSICION A CALOR EXCESIVO DE ORIGEN ARTIFICIAL, LUGAR NO ESPECIFICADO
W93;EXPOSICION A FRIO EXCESIVO DE ORIGEN ARTIFICIAL
W930;EXPOSICION A FRIO EXCESIVO DE ORIGEN ARTIFICIAL, VIVIENDA
W931;EXPOSICION A FRIO EXCESIVO DE ORIGEN ARTIFICIAL, INSTITUCION RESIDENCIAL
W932;EXPOSICION A FRIO EXCESIVO DE ORIGEN ARTIFICIAL, ESCUELAS, OTRAS INSTITUCIONES Y AREAS ADMINISTRATIVAS PUBLICAS
W933;EXPOSICION A FRIO EXCESIVO DE ORIGEN ARTIFICIAL, AREAS DE DEPORTE Y ATLETISMO
W934;EXPOSICION A FRIO EXCESIVO DE ORIGEN ARTIFICIAL, CALLES Y CARRETERAS
W935;EXPOSICION A FRIO EXCESIVO DE ORIGEN ARTIFICIAL, COMERCIO Y AREA DE SERVICIOS
W936;EXPOSICION A FRIO EXCESIVO DE ORIGEN ARTIFICIAL, AREA INDUSTRIAL Y DE LA CONSTRUCCION
W937;EXPOSICION A FRIO EXCESIVO DE ORIGEN ARTIFICIAL, GRANJA
W938;EXPOSICION A FRIO EXCESIVO DE ORIGEN ARTIFICIAL, OTRO LUGAR ESPECIFICADO
W939;EXPOSICION A FRIO EXCESIVO DE ORIGEN ARTIFICIAL, LUGAR NO ESPECIFICADO
W94;EXPOSICION A PRESION DE AIRE ALTA Y BAJA Y A CAMBIOS EN LA PRESION DEL AIRE
W940;EXPOSICION A PRESION DE AIRE ALTA Y BAJA Y A CAMBIOS EN LA PRESION DEL AIRE, VIVIENDA
W941;EXPOSICION A PRESION DE AIRE ALTA Y BAJA Y A CAMBIOS EN LA PRESION DEL AIRE, INSTITUCION RESIDENCIAL
W942;EXPOSICION A PRESION DE AIRE ALTA Y BAJA Y A CAMBIOS EN LA PRESION DEL AIRE, ESCUELAS, OTRAS INSTITUCIONES Y AREAS ADMINISTRATIVAS PUBLICAS
W943;EXPOSICION A PRESION DE AIRE ALTA Y BAJA Y A CAMBIOS EN LA PRESION DEL AIRE, AREAS DE DEPORTE Y ATLETISMO
W944;EXPOSICION A PRESION DE AIRE ALTA Y BAJA Y A CAMBIOS EN LA PRESION DEL AIRE, CALLES Y CARRETERAS
W945;EXPOSICION A PRESION DE AIRE ALTA Y BAJA Y A CAMBIOS EN LA PRESION DEL AIRE, COMERCIO Y AREA DE SERVICIOS
W946;EXPOSICION A PRESION DE AIRE ALTA Y BAJA Y A CAMBIOS EN LA PRESION DEL AIRE, AREA INDUSTRIAL Y DE LA CONSTRUCCION
W947;EXPOSICION A PRESION DE AIRE ALTA Y BAJA Y A CAMBIOS EN LA PRESION DEL AIRE, GRANJA
W948;EXPOSICION A PRESION DE AIRE ALTA Y BAJA Y A CAMBIOS EN LA PRESION DEL AIRE, OTRO LUGAR ESPECIFICADO
W949;EXPOSICION A PRESION DE AIRE ALTA Y BAJA Y A CAMBIOS EN LA PRESION DEL AIRE, LUGAR NO ESPECIFICADO
W99;EXPOSICION A OTROS FACTORES AMBIENTALES Y A LOS NO ESPECIFICADOS, DE ORIGEN ARTIFICIAL
W990;EXPOSICION A OTROS FACTORES AMBIENTALES Y A LOS NO ESPECIFICADOS, DE ORIGEN ARTIFICIAL, VIVIENDA
W991;EXPOSICION A OTROS FACTORES AMBIENTALES Y A LOS NO ESPECIFICADOS, DE ORIGEN ARTIFICIAL, INSTITUCION RESIDENCIAL
W992;EXPOSICION A OTROS FACTORES AMBIENTALES Y A LOS NO ESPECIFICADOS, DE ORIGEN ARTIFICIAL, ESCUELAS, OTRAS INSTITUCIONES Y AREAS ADMINISTRATIVAS PUBLICAS
W993;EXPOSICION A OTROS FACTORES AMBIENTALES Y A LOS NO ESPECIFICADOS, DE ORIGEN ARTIFICIAL, AREAS DE DEPORTE Y ATLETISMO
W994;EXPOSICION A OTROS FACTORES AMBIENTALES Y A LOS NO ESPECIFICADOS, DE ORIGEN ARTIFICIAL, CALLES Y CARRETERAS
W995;EXPOSICION A OTROS FACTORES AMBIENTALES Y A LOS NO ESPECIFICADOS, DE ORIGEN ARTIFICIAL, COMERCIO Y AREA DE SERVICIOS
W996;EXPOSICION A OTROS FACTORES AMBIENTALES Y A LOS NO ESPECIFICADOS, DE ORIGEN ARTIFICIAL, AREA INDUSTRIAL Y DE LA CONSTRUCCION
W997;EXPOSICION A OTROS FACTORES AMBIENTALES Y A LOS NO ESPECIFICADOS, DE ORIGEN ARTIFICIAL, GRANJA
W998;EXPOSICION A OTROS FACTORES AMBIENTALES Y A LOS NO ESPECIFICADOS, DE ORIGEN ARTIFICIAL, OTRO LUGAR ESPECIFICADO
W999;EXPOSICION A OTROS FACTORES AMBIENTALES Y A LOS NO ESPECIFICADOS, DE ORIGEN ARTIFICIAL, LUGAR NO ESPECIFICADO
X00;EXPOSICION A FUEGO NO CONTROLADO EN EDIFICIO U OTRA CONSTRUCCION
X000;EXPOSICION A FUEGO NO CONTROLADO EN EDIFICIO U OTRA CONSTRUCCION, VIVIENDA
X001;EXPOSICION A FUEGO NO CONTROLADO EN EDIFICIO U OTRA CONSTRUCCION, INSTITUCION RESIDENCIAL
X002;EXPOSICION A FUEGO NO CONTROLADO EN EDIFICIO U OTRA CONSTRUCCION, ESCUELAS, OTRAS INSTITUCIONES Y AREAS ADMINISTRATIVAS PUBLICAS
X003;EXPOSICION A FUEGO NO CONTROLADO EN EDIFICIO U OTRA CONSTRUCCION, AREAS DE DEPORTE Y ATLETISMO
X004;EXPOSICION A FUEGO NO CONTROLADO EN EDIFICIO U OTRA CONSTRUCCION, CALLES Y CARRETERAS
X005;EXPOSICION A FUEGO NO CONTROLADO EN EDIFICIO U OTRA CONSTRUCCION, COMERCIO Y AREA DE SERVICIOS
X006;EXPOSICION A FUEGO NO CONTROLADO EN EDIFICIO U OTRA CONSTRUCCION, AREA INDUSTRIAL Y DE LA CONSTRUCCION
X007;EXPOSICION A FUEGO NO CONTROLADO EN EDIFICIO U OTRA CONSTRUCCION, GRANJA
X008;EXPOSICION A FUEGO NO CONTROLADO EN EDIFICIO U OTRA CONSTRUCCION, OTRO LUGAR ESPECIFICADO
X009;EXPOSICION A FUEGO NO CONTROLADO EN EDIFICIO U OTRA CONSTRUCCION, LUGAR NO ESPECIFICADO
X01;EXPOSICION A FUEGO NO CONTROLADO EN LUGAR QUE NO ES EDIFICIO U OTRA CONSTRUCCION
X010;EXPOSICION A FUEGO NO CONTROLADO EN LUGAR QUE NO ES EDIFICIO U OTRA CONSTRUCCION, VIVIENDA
X011;EXPOSICION A FUEGO NO CONTROLADO EN LUGAR QUE NO ES EDIFICIO U OTRA CONSTRUCCION, INSTITUCION RESIDENCIAL
X012;EXPOSICION A FUEGO NO CONTROLADO EN LUGAR QUE NO ES EDIFICIO U OTRA CONSTRUCCION, ESCUELAS, OTRAS INSTITUCIONES Y AREAS ADMINISTRATIVAS PUBLICAS
X013;EXPOSICION A FUEGO NO CONTROLADO EN LUGAR QUE NO ES EDIFICIO U OTRA CONSTRUCCION, AREAS DE DEPORTE Y ATLETISMO
X014;EXPOSICION A FUEGO NO CONTROLADO EN LUGAR QUE NO ES EDIFICIO U OTRA CONSTRUCCION, CALLES Y CARRETERAS
X015;EXPOSICION A FUEGO NO CONTROLADO EN LUGAR QUE NO ES EDIFICIO U OTRA CONSTRUCCION, COMERCIO Y AREA DE SERVICIOS
X016;EXPOSICION A FUEGO NO CONTROLADO EN LUGAR QUE NO ES EDIFICIO U OTRA CONSTRUCCION, AREA INDUSTRIAL Y DE LA CONSTRUCCION
X017;EXPOSICION A FUEGO NO CONTROLADO EN LUGAR QUE NO ES EDIFICIO U OTRA CONSTRUCCION, GRANJA
X018;EXPOSICION A FUEGO NO CONTROLADO EN LUGAR QUE NO ES EDIFICIO U OTRA CONSTRUCCION, OTRO LUGAR ESPECIFICADO
X019;EXPOSICION A FUEGO NO CONTROLADO EN LUGAR QUE NO ES EDIFICIO U OTRA CONSTRUCCION, LUGAR NO ESPECIFICADO
X02;EXPOSICION A FUEGO CONTROLADO EN EDIFICIO U OTRA CONSTRUCCION
X020;EXPOSICION A FUEGO CONTROLADO EN EDIFICIO U OTRA CONSTRUCCION, VIVIENDA
X021;EXPOSICION A FUEGO CONTROLADO EN EDIFICIO U OTRA CONSTRUCCION, INSTITUCION RESIDENCIAL
X022;EXPOSICION A FUEGO CONTROLADO EN EDIFICIO U OTRA CONSTRUCCION, ESCUELAS, OTRAS INSTITUCIONES Y AREAS ADMINISTRATIVAS PUBLICAS
X023;EXPOSICION A FUEGO CONTROLADO EN EDIFICIO U OTRA CONSTRUCCION, AREAS DE DEPORTE Y ATLETISMO
X024;EXPOSICION A FUEGO CONTROLADO EN EDIFICIO U OTRA CONSTRUCCION, CALLES Y CARRETERAS
X025;EXPOSICION A FUEGO CONTROLADO EN EDIFICIO U OTRA CONSTRUCCION, COMERCIO Y AREA DE SERVICIOS
X026;EXPOSICION A FUEGO CONTROLADO EN EDIFICIO U OTRA CONSTRUCCION, AREA INDUSTRIAL Y DE LA CONSTRUCCION
X027;EXPOSICION A FUEGO CONTROLADO EN EDIFICIO U OTRA CONSTRUCCION, GRANJA
X028;EXPOSICION A FUEGO CONTROLADO EN EDIFICIO U OTRA CONSTRUCCION, OTRO LUGAR ESPECIFICADO
X029;EXPOSICION A FUEGO CONTROLADO EN EDIFICIO U OTRA CONSTRUCCION, LUGAR NO ESPECIFICADO
X03;EXPOSICION A FUEGO CONTROLADO EN LUGAR QUE NO ES EDIFICIO U OTRA CONSTRUCCION
X030;EXPOSICION A FUEGO CONTROLADO EN LUGAR QUE NO ES EDIFICIO U OTRA CONSTRUCCION, VIVIENDA
X031;EXPOSICION A FUEGO CONTROLADO EN LUGAR QUE NO ES EDIFICIO U OTRA CONSTRUCCION, INSTITUCION RESIDENCIAL
X032;EXPOSICION A FUEGO CONTROLADO EN LUGAR QUE NO ES EDIFICIO U OTRA CONSTRUCCION, ESCUELAS, OTRAS INSTITUCIONES Y AREAS ADMINISTRATIVAS PUBLICAS
X033;EXPOSICION A FUEGO CONTROLADO EN LUGAR QUE NO ES EDIFICIO U OTRA CONSTRUCCION, AREAS DE DEPORTE Y ATLETISMO
X034;EXPOSICION A FUEGO CONTROLADO EN LUGAR QUE NO ES EDIFICIO U OTRA CONSTRUCCION, CALLES Y CARRETERAS
X035;EXPOSICION A FUEGO CONTROLADO EN LUGAR QUE NO ES EDIFICIO U OTRA CONSTRUCCION, COMERCIO Y AREA DE SERVICIOS
X036;EXPOSICION A FUEGO CONTROLADO EN LUGAR QUE NO ES EDIFICIO U OTRA CONSTRUCCION, AREA INDUSTRIAL Y DE LA CONSTRUCCION
X037;EXPOSICION A FUEGO CONTROLADO EN LUGAR QUE NO ES EDIFICIO U OTRA CONSTRUCCION, GRANJA
X038;EXPOSICION A FUEGO CONTROLADO EN LUGAR QUE NO ES EDIFICIO U OTRA CONSTRUCCION, OTRO LUGAR ESPECIFICADO
X039;EXPOSICION A FUEGO CONTROLADO EN LUGAR QUE NO ES EDIFICIO U OTRA CONSTRUCCION, LUGAR NO ESPECIFICADO
X04;EXPOSICION A IGNICION DE MATERIAL ALTAMENTE INFLAMABLE
X040;EXPOSICION A IGNICION DE MATERIAL ALTAMENTE INFLAMABLE, VIVIENDA
X041;EXPOSICION A IGNICION DE MATERIAL ALTAMENTE INFLAMABLE, INSTITUCION RESIDENCIAL
X042;EXPOSICION A IGNICION DE MATERIAL ALTAMENTE INFLAMABLE, ESCUELAS, OTRAS INSTITUCIONES Y AREAS ADMINISTRATIVAS PUBLICAS
X043;EXPOSICION A IGNICION DE MATERIAL ALTAMENTE INFLAMABLE, AREAS DE DEPORTE Y ATLETISMO
X044;EXPOSICION A IGNICION DE MATERIAL ALTAMENTE INFLAMABLE, CALLES Y CARRETERAS
X045;EXPOSICION A IGNICION DE MATERIAL ALTAMENTE INFLAMABLE, COMERCIO Y AREA DE SERVICIOS
X046;EXPOSICION A IGNICION DE MATERIAL ALTAMENTE INFLAMABLE, AREA INDUSTRIAL Y DE LA CONSTRUCCION
X047;EXPOSICION A IGNICION DE MATERIAL ALTAMENTE INFLAMABLE, GRANJA
X048;EXPOSICION A IGNICION DE MATERIAL ALTAMENTE INFLAMABLE, OTRO LUGAR ESPECIFICADO
X049;EXPOSICION A IGNICION DE MATERIAL ALTAMENTE INFLAMABLE, LUGAR NO ESPECIFICADO
X05;EXPOSICION A IGNICION O FUSION DE ROPAS DE DORMIR
X050;EXPOSICION A IGNICION O FUSION DE ROPAS DE DORMIR, VIVIENDA
X051;EXPOSICION A IGNICION O FUSION DE ROPAS DE DORMIR, INSTITUCION RESIDENCIAL
X052;EXPOSICION A IGNICION O FUSION DE ROPAS DE DORMIR, ESCUELAS, OTRAS INSTITUCIONES Y AREAS ADMINISTRATIVAS PUBLICAS
X053;EXPOSICION A IGNICION O FUSION DE ROPAS DE DORMIR, AREAS DE DEPORTE Y ATLETISMO
X054;EXPOSICION A IGNICION O FUSION DE ROPAS DE DORMIR, CALLES Y CARRETERAS
X055;EXPOSICION A IGNICION O FUSION DE ROPAS DE DORMIR, COMERCIO Y AREA DE SERVICIOS
X056;EXPOSICION A IGNICION O FUSION DE ROPAS DE DORMIR, AREA INDUSTRIAL Y DE LA CONSTRUCCION
X057;EXPOSICION A IGNICION O FUSION DE ROPAS DE DORMIR, GRANJA
X058;EXPOSICION A IGNICION O FUSION DE ROPAS DE DORMIR, OTRO LUGAR ESPECIFICADO
X059;EXPOSICION A IGNICION O FUSION DE ROPAS DE DORMIR, LUGAR NO ESPECIFICADO
X06;EXPOSICION A IGNICION O FUSION DE OTRAS ROPAS Y ACCESORIOS
X060;EXPOSICION A IGNICION O FUSION DE OTRAS ROPAS Y ACCESORIOS, VIVIENDA
X061;EXPOSICION A IGNICION O FUSION DE OTRAS ROPAS Y ACCESORIOS, INSTITUCION RESIDENCIAL
X062;EXPOSICION A IGNICION O FUSION DE OTRAS ROPAS Y ACCESORIOS, ESCUELAS, OTRAS INSTITUCIONES Y AREAS ADMINISTRATIVAS PUBLICAS
X063;EXPOSICION A IGNICION O FUSION DE OTRAS ROPAS Y ACCESORIOS, AREAS DE DEPORTE Y ATLETISMO
X064;EXPOSICION A IGNICION O FUSION DE OTRAS ROPAS Y ACCESORIOS, CALLES Y CARRETERAS
X065;EXPOSICION A IGNICION O FUSION DE OTRAS ROPAS Y ACCESORIOS, COMERCIO Y AREA DE SERVICIOS
X066;EXPOSICION A IGNICION O FUSION DE OTRAS ROPAS Y ACCESORIOS, AREA INDUSTRIAL Y DE LA CONSTRUCCION
X067;EXPOSICION A IGNICION O FUSION DE OTRAS ROPAS Y ACCESORIOS, GRANJA
X068;EXPOSICION A IGNICION O FUSION DE OTRAS ROPAS Y ACCESORIOS, OTRO LUGAR ESPECIFICADO
X069;EXPOSICION A IGNICION O FUSION DE OTRAS ROPAS Y ACCESORIOS, LUGAR NO ESPECIFICADO
X08;EXPOSICION A OTROS HUMOS, FUEGOS O LLAMAS ESPECIFICADOS
X080;EXPOSICION A OTROS HUMOS, FUEGOS O LLAMAS ESPECIFICADOS, VIVIENDA
X081;EXPOSICION A OTROS HUMOS, FUEGOS O LLAMAS ESPECIFICADOS, INSTITUCION RESIDENCIAL
X082;EXPOSICION A OTROS HUMOS, FUEGOS O LLAMAS ESPECIFICADOS, ESCUELAS, OTRAS INSTITUCIONES Y AREAS ADMINISTRATIVAS PUBLICAS
X083;EXPOSICION A OTROS HUMOS, FUEGOS O LLAMAS ESPECIFICADOS, AREAS DE DEPORTE Y ATLETISMO
X084;EXPOSICION A OTROS HUMOS, FUEGOS O LLAMAS ESPECIFICADOS, CALLES Y CARRETERAS
X085;EXPOSICION A OTROS HUMOS, FUEGOS O LLAMAS ESPECIFICADOS, COMERCIO Y AREA DE SERVICIOS
X086;EXPOSICION A OTROS HUMOS, FUEGOS O LLAMAS ESPECIFICADOS, AREA INDUSTRIAL Y DE LA CONSTRUCCION
X087;EXPOSICION A OTROS HUMOS, FUEGOS O LLAMAS ESPECIFICADOS, GRANJA
X088;EXPOSICION A OTROS HUMOS, FUEGOS O LLAMAS ESPECIFICADOS, OTRO LUGAR ESPECIFICADO
X089;EXPOSICION A OTROS HUMOS, FUEGOS O LLAMAS ESPECIFICADOS, LUGAR NO ESPECIFICADO
X09;EXPOSICION A HUMOS, FUEGOS O LLAMAS NO ESPECIFICADOS
X090;EXPOSICION A HUMOS, FUEGOS O LLAMAS NO ESPECIFICADOS, VIVIENDA
X091;EXPOSICION A HUMOS, FUEGOS O LLAMAS NO ESPECIFICADOS, INSTITUCION RESIDENCIAL
X092;EXPOSICION A HUMOS, FUEGOS O LLAMAS NO ESPECIFICADOS, ESCUELAS, OTRAS INSTITUCIONES Y AREAS ADMINISTRATIVAS PUBLICAS
X093;EXPOSICION A HUMOS, FUEGOS O LLAMAS NO ESPECIFICADOS, AREAS DE DEPORTE Y ATLETISMO
X094;EXPOSICION A HUMOS, FUEGOS O LLAMAS NO ESPECIFICADOS, CALLES Y CARRETERAS
X095;EXPOSICION A HUMOS, FUEGOS O LLAMAS NO ESPECIFICADOS, COMERCIO Y AREA DE SERVICIOS
X096;EXPOSICION A HUMOS, FUEGOS O LLAMAS NO ESPECIFICADOS, AREA INDUSTRIAL Y DE LA CONSTRUCCION
X097;EXPOSICION A HUMOS, FUEGOS O LLAMAS NO ESPECIFICADOS, GRANJA
X098;EXPOSICION A HUMOS, FUEGOS O LLAMAS NO ESPECIFICADOS, OTRO LUGAR ESPECIFICADO
X099;EXPOSICION A HUMOS, FUEGOS O LLAMAS NO ESPECIFICADOS, LUGAR NO ESPECIFICADO
X10;CONTACTO CON BEBIDAS, ALIMENTOS, GRASAS Y ACEITES PARA COCINAR, CALIENTES
X100;CONTACTO CON BEBIDAS, ALIMENTOS, GRASAS Y ACEITES PARA COCINAR, CALIENTES, VIVIENDA
X101;CONTACTO CON BEBIDAS, ALIMENTOS, GRASAS Y ACEITES PARA COCINAR, CALIENTES, INSTITUCION RESIDENCIAL
X102;CONTACTO CON BEBIDAS, ALIMENTOS, GRASAS Y ACEITES PARA COCINAR, CALIENTES, ESCUELAS, OTRAS INSTITUCIONES Y AREAS ADMINISTRATIVAS PUBLICAS
X103;CONTACTO CON BEBIDAS, ALIMENTOS, GRASAS Y ACEITES PARA COCINAR, CALIENTES, AREAS DE DEPORTE Y ATLETISMO
X104;CONTACTO CON BEBIDAS, ALIMENTOS, GRASAS Y ACEITES PARA COCINAR, CALIENTES, CALLES Y CARRETERAS
X105;CONTACTO CON BEBIDAS, ALIMENTOS, GRASAS Y ACEITES PARA COCINAR, CALIENTES, COMERCIO Y AREA DE SERVICIOS
X106;CONTACTO CON BEBIDAS, ALIMENTOS, GRASAS Y ACEITES PARA COCINAR, CALIENTES, AREA INDUSTRIAL Y DE LA CONSTRUCCION
X107;CONTACTO CON BEBIDAS, ALIMENTOS, GRASAS Y ACEITES PARA COCINAR, CALIENTES, GRANJA
X108;CONTACTO CON BEBIDAS, ALIMENTOS, GRASAS Y ACEITES PARA COCINAR, CALIENTES, OTRO LUGAR ESPECIFICADO
X109;CONTACTO CON BEBIDAS, ALIMENTOS, GRASAS Y ACEITES PARA COCINAR, CALIENTES, LUGAR NO ESPECIFICADO
X11;CONTACTO CON AGUA CALIENTE CORRIENTE
X110;CONTACTO CON AGUA CALIENTE CORRIENTE, VIVIENDA
X111;CONTACTO CON AGUA CALIENTE CORRIENTE, INSTITUCION RESIDENCIAL
X112;CONTACTO CON AGUA CALIENTE CORRIENTE, ESCUELAS, OTRAS INSTITUCIONES Y AREAS ADMINISTRATIVAS PUBLICAS
X113;CONTACTO CON AGUA CALIENTE CORRIENTE, AREAS DE DEPORTE Y ATLETISMO
X114;CONTACTO CON AGUA CALIENTE CORRIENTE, CALLES Y CARRETERAS
X115;CONTACTO CON AGUA CALIENTE CORRIENTE, COMERCIO Y AREA DE SERVICIOS
X116;CONTACTO CON AGUA CALIENTE CORRIENTE, AREA INDUSTRIAL Y DE LA CONSTRUCCION
X117;CONTACTO CON AGUA CALIENTE CORRIENTE, GRANJA
X118;CONTACTO CON AGUA CALIENTE CORRIENTE, OTRO LUGAR ESPECIFICADO
X119;CONTACTO CON AGUA CALIENTE CORRIENTE, LUGAR NO ESPECIFICADO
X12;CONTACTO CON OTROS LIQUIDOS CALIENTES
X120;CONTACTO CON OTROS LIQUIDOS CALIENTES, VIVIENDA
X121;CONTACTO CON OTROS LIQUIDOS CALIENTES, INSTITUCION RESIDENCIAL
X122;CONTACTO CON OTROS LIQUIDOS CALIENTES, ESCUELAS, OTRAS INSTITUCIONES Y AREAS ADMINISTRATIVAS PUBLICAS
X123;CONTACTO CON OTROS LIQUIDOS CALIENTES, AREAS DE DEPORTE Y ATLETISMO
X124;CONTACTO CON OTROS LIQUIDOS CALIENTES, CALLES Y CARRETERAS
X125;CONTACTO CON OTROS LIQUIDOS CALIENTES, COMERCIO Y AREA DE SERVICIOS
X126;CONTACTO CON OTROS LIQUIDOS CALIENTES, AREA INDUSTRIAL Y DE LA CONSTRUCCION
X127;CONTACTO CON OTROS LIQUIDOS CALIENTES, GRANJA
X128;CONTACTO CON OTROS LIQUIDOS CALIENTES, OTRO LUGAR ESPECIFICADO
X129;CONTACTO CON OTROS LIQUIDOS CALIENTES, LUGAR NO ESPECIFICADO
X13;CONTACTO CON VAPOR DE AGUA Y OTROS VAPORES CALIENTES
X130;CONTACTO CON VAPOR DE AGUA Y OTROS VAPORES CALIENTES, VIVIENDA
X131;CONTACTO CON VAPOR DE AGUA Y OTROS VAPORES CALIENTES, INSTITUCION RESIDENCIAL
X132;CONTACTO CON VAPOR DE AGUA Y OTROS VAPORES CALIENTES, ESCUELAS, OTRAS INSTITUCIONES Y AREAS ADMINISTRATIVAS PUBLICAS
X133;CONTACTO CON VAPOR DE AGUA Y OTROS VAPORES CALIENTES, AREAS DE DEPORTE Y ATLETISMO
X134;CONTACTO CON VAPOR DE AGUA Y OTROS VAPORES CALIENTES, CALLES Y CARRETERAS
X135;CONTACTO CON VAPOR DE AGUA Y OTROS VAPORES CALIENTES, COMERCIO Y AREA DE SERVICIOS
X136;CONTACTO CON VAPOR DE AGUA Y OTROS VAPORES CALIENTES, AREA INDUSTRIAL Y DE LA CONSTRUCCION
X137;CONTACTO CON VAPOR DE AGUA Y OTROS VAPORES CALIENTES, GRANJA
X138;CONTACTO CON VAPOR DE AGUA Y OTROS VAPORES CALIENTES, OTRO LUGAR ESPECIFICADO
X139;CONTACTO CON VAPOR DE AGUA Y OTROS VAPORES CALIENTES, LUGAR NO ESPECIFICADO
X14;CONTACTO CON AIRE Y GASES CALIENTES
X140;CONTACTO CON AIRE Y GASES CALIENTES, VIVIENDA
X141;CONTACTO CON AIRE Y GASES CALIENTES, INSTITUCION RESIDENCIAL
X142;CONTACTO CON AIRE Y GASES CALIENTES, ESCUELAS, OTRAS INSTITUCIONES Y AREAS ADMINISTRATIVAS PUBLICAS
X143;CONTACTO CON AIRE Y GASES CALIENTES, AREAS DE DEPORTE Y ATLETISMO
X144;CONTACTO CON AIRE Y GASES CALIENTES, CALLES Y CARRETERAS
X145;CONTACTO CON AIRE Y GASES CALIENTES, COMERCIO Y AREA DE SERVICIOS
X146;CONTACTO CON AIRE Y GASES CALIENTES, AREA INDUSTRIAL Y DE LA CONSTRUCCION
X147;CONTACTO CON AIRE Y GASES CALIENTES, GRANJA
X148;CONTACTO CON AIRE Y GASES CALIENTES, OTRO LUGAR ESPECIFICADO
X149;CONTACTO CON AIRE Y GASES CALIENTES, LUGAR NO ESPECIFICADO
X15;CONTACTO CON UTENSILIOS DOMESTICOS CALIENTES
X150;CONTACTO CON UTENSILIOS DOMESTICOS CALIENTES, VIVIENDA
X151;CONTACTO CON UTENSILIOS DOMESTICOS CALIENTES, INSTITUCION RESIDENCIAL
X152;CONTACTO CON UTENSILIOS DOMESTICOS CALIENTES, ESCUELAS, OTRAS INSTITUCIONES Y AREAS ADMINISTRATIVAS PUBLICAS
X153;CONTACTO CON UTENSILIOS DOMESTICOS CALIENTES, AREAS DE DEPORTE Y ATLETISMO
X154;CONTACTO CON UTENSILIOS DOMESTICOS CALIENTES, CALLES Y CARRETERAS
X155;CONTACTO CON UTENSILIOS DOMESTICOS CALIENTES, COMERCIO Y AREA DE SERVICIOS
X156;CONTACTO CON UTENSILIOS DOMESTICOS CALIENTES, AREA INDUSTRIAL Y DE LA CONSTRUCCION
X157;CONTACTO CON UTENSILIOS DOMESTICOS CALIENTES, GRANJA
X158;CONTACTO CON UTENSILIOS DOMESTICOS CALIENTES, OTRO LUGAR ESPECIFICADO
X159;CONTACTO CON UTENSILIOS DOMESTICOS CALIENTES, LUGAR NO ESPECIFICADO
X16;CONTACTO CON RADIADORES, CAÑERIAS Y ARTEFACTOS PARA CALEFACCION, CALIENTES
X160;CONTACTO CON RADIADORES, CAÑERIAS Y ARTEFACTOS PARA CALEFACCION, CALIENTES, VIVIENDA
X161;CONTACTO CON RADIADORES, CAÑERIAS Y ARTEFACTOS PARA CALEFACCION, CALIENTES, INSTITUCION RESIDENCIAL
X162;CONTACTO CON RADIADORES, CAÑERIAS Y ARTEFACTOS PARA CALEFACCION, CALIENTES, ESCUELAS, OTRAS INSTITUCIONES Y AREAS ADMINISTRATIVAS PUBLICAS
X163;CONTACTO CON RADIADORES, CAÑERIAS Y ARTEFACTOS PARA CALEFACCION, CALIENTES, AREAS DE DEPORTE Y ATLETISMO
X164;CONTACTO CON RADIADORES, CAÑERIAS Y ARTEFACTOS PARA CALEFACCION, CALIENTES, CALLES Y CARRETERAS
X165;CONTACTO CON RADIADORES, CAÑERIAS Y ARTEFACTOS PARA CALEFACCION, CALIENTES, COMERCIO Y AREA DE SERVICIOS
X166;CONTACTO CON RADIADORES, CAÑERIAS Y ARTEFACTOS PARA CALEFACCION, CALIENTES, AREA INDUSTRIAL Y DE LA CONSTRUCCION
X167;CONTACTO CON RADIADORES, CAÑERIAS Y ARTEFACTOS PARA CALEFACCION, CALIENTES, GRANJA
X168;CONTACTO CON RADIADORES, CAÑERIAS Y ARTEFACTOS PARA CALEFACCION, CALIENTES, OTRO LUGAR ESPECIFICADO
X169;CONTACTO CON RADIADORES, CAÑERIAS Y ARTEFACTOS PARA CALEFACCION, CALIENTES, LUGAR NO ESPECIFICADO
X17;CONTACTO CON MAQUINAS, MOTORES Y HERRAMIENTAS CALIENTES
X170;CONTACTO CON MAQUINAS, MOTORES Y HERRAMIENTAS CALIENTES, VIVIENDA
X171;CONTACTO CON MAQUINAS, MOTORES Y HERRAMIENTAS CALIENTES, INSTITUCION RESIDENCIAL
X172;CONTACTO CON MAQUINAS, MOTORES Y HERRAMIENTAS CALIENTES, ESCUELAS, OTRAS INSTITUCIONES Y AREAS ADMINISTRATIVAS PUBLICAS
X173;CONTACTO CON MAQUINAS, MOTORES Y HERRAMIENTAS CALIENTES, AREAS DE DEPORTE Y ATLETISMO
X174;CONTACTO CON MAQUINAS, MOTORES Y HERRAMIENTAS CALIENTES, CALLES Y CARRETERAS
X175;CONTACTO CON MAQUINAS, MOTORES Y HERRAMIENTAS CALIENTES, COMERCIO Y AREA DE SERVICIOS
X176;CONTACTO CON MAQUINAS, MOTORES Y HERRAMIENTAS CALIENTES, AREA INDUSTRIAL Y DE LA CONSTRUCCION
X177;CONTACTO CON MAQUINAS, MOTORES Y HERRAMIENTAS CALIENTES, GRANJA
X178;CONTACTO CON MAQUINAS, MOTORES Y HERRAMIENTAS CALIENTES, OTRO LUGAR ESPECIFICADO
X179;CONTACTO CON MAQUINAS, MOTORES Y HERRAMIENTAS CALIENTES, LUGAR NO ESPECIFICADO
X18;CONTACTO CON OTROS METALES CALIENTES
X180;CONTACTO CON OTROS METALES CALIENTES, VIVIENDA
X181;CONTACTO CON OTROS METALES CALIENTES, INSTITUCION RESIDENCIAL
X182;CONTACTO CON OTROS METALES CALIENTES, ESCUELAS, OTRAS INSTITUCIONES Y AREAS ADMINISTRATIVAS PUBLICAS
X183;CONTACTO CON OTROS METALES CALIENTES, AREAS DE DEPORTE Y ATLETISMO
X184;CONTACTO CON OTROS METALES CALIENTES, CALLES Y CARRETERAS
X185;CONTACTO CON OTROS METALES CALIENTES, COMERCIO Y AREA DE SERVICIOS
X186;CONTACTO CON OTROS METALES CALIENTES, AREA INDUSTRIAL Y DE LA CONSTRUCCION
X187;CONTACTO CON OTROS METALES CALIENTES, GRANJA
X188;CONTACTO CON OTROS METALES CALIENTES, OTRO LUGAR ESPECIFICADO
X189;CONTACTO CON OTROS METALES CALIENTES, LUGAR NO ESPECIFICADO
X19;CONTACTO CON OTRAS SUSTANCIAS CALIENTES, Y LAS NO ESPECIFICADAS
X190;CONTACTO CON OTRAS SUSTANCIAS CALIENTES, Y LAS NO ESPECIFICADAS, VIVIENDA
X191;CONTACTO CON OTRAS SUSTANCIAS CALIENTES, Y LAS NO ESPECIFICADAS, INSTITUCION RESIDENCIAL
X192;CONTACTO CON OTRAS SUSTANCIAS CALIENTES, Y LAS NO ESPECIFICADAS, ESCUELAS, OTRAS INSTITUCIONES Y AREAS ADMINISTRATIVAS PUBLICAS
X193;CONTACTO CON OTRAS SUSTANCIAS CALIENTES, Y LAS NO ESPECIFICADAS, AREAS DE DEPORTE Y ATLETISMO
X194;CONTACTO CON OTRAS SUSTANCIAS CALIENTES, Y LAS NO ESPECIFICADAS, CALLES Y CARRETERAS
X195;CONTACTO CON OTRAS SUSTANCIAS CALIENTES, Y LAS NO ESPECIFICADAS, COMERCIO Y AREA DE SERVICIOS
X196;CONTACTO CON OTRAS SUSTANCIAS CALIENTES, Y LAS NO ESPECIFICADAS, AREA INDUSTRIAL Y DE LA CONSTRUCCION
X197;CONTACTO CON OTRAS SUSTANCIAS CALIENTES, Y LAS NO ESPECIFICADAS, GRANJA
X198;CONTACTO CON OTRAS SUSTANCIAS CALIENTES, Y LAS NO ESPECIFICADAS, OTRO LUGAR ESPECIFICADO
X199;CONTACTO CON OTRAS SUSTANCIAS CALIENTES, Y LAS NO ESPECIFICADAS, LUGAR NO ESPECIFICADO
X20;CONTACTO TRAUMATICO CON SERPIENTES Y LAGARTOS VENENOSOS
X200;CONTACTO TRAUMATICO CON SERPIENTES Y LAGARTOS VENENOSOS, VIVIENDA
X201;CONTACTO TRAUMATICO CON SERPIENTES Y LAGARTOS VENENOSOS, INSTITUCION RESIDENCIAL
X202;CONTACTO TRAUMATICO CON SERPIENTES Y LAGARTOS VENENOSOS, ESCUELAS, OTRAS INSTITUCIONES Y AREAS ADMINISTRATIVAS PUBLICAS
X203;CONTACTO TRAUMATICO CON SERPIENTES Y LAGARTOS VENENOSOS, AREAS DE DEPORTE Y ATLETISMO
X204;CONTACTO TRAUMATICO CON SERPIENTES Y LAGARTOS VENENOSOS, CALLES Y CARRETERAS
X205;CONTACTO TRAUMATICO CON SERPIENTES Y LAGARTOS VENENOSOS, COMERCIO Y AREA DE SERVICIOS
X206;CONTACTO TRAUMATICO CON SERPIENTES Y LAGARTOS VENENOSOS, AREA INDUSTRIAL Y DE LA CONSTRUCCION
X207;CONTACTO TRAUMATICO CON SERPIENTES Y LAGARTOS VENENOSOS, GRANJA
X208;CONTACTO TRAUMATICO CON SERPIENTES Y LAGARTOS VENENOSOS, OTRO LUGAR ESPECIFICADO
X209;CONTACTO TRAUMATICO CON SERPIENTES Y LAGARTOS VENENOSOS, LUGAR NO ESPECIFICADO
X21;CONTACTO TRAUMATICO CON ARAÑAS VENENOSAS
X210;CONTACTO TRAUMATICO CON ARAÑAS VENENOSAS, VIVIENDA
X211;CONTACTO TRAUMATICO CON ARAÑAS VENENOSAS, INSTITUCION RESIDENCIAL
X212;CONTACTO TRAUMATICO CON ARAÑAS VENENOSAS, ESCUELAS, OTRAS INSTITUCIONES Y AREAS ADMINISTRATIVAS PUBLICAS
X213;CONTACTO TRAUMATICO CON ARAÑAS VENENOSAS, AREAS DE DEPORTE Y ATLETISMO
X214;CONTACTO TRAUMATICO CON ARAÑAS VENENOSAS, CALLES Y CARRETERAS
X215;CONTACTO TRAUMATICO CON ARAÑAS VENENOSAS, COMERCIO Y AREA DE SERVICIOS
X216;CONTACTO TRAUMATICO CON ARAÑAS VENENOSAS, AREA INDUSTRIAL Y DE LA CONSTRUCCION
X217;CONTACTO TRAUMATICO CON ARAÑAS VENENOSAS, GRANJA
X218;CONTACTO TRAUMATICO CON ARAÑAS VENENOSAS, OTRO LUGAR ESPECIFICADO
X219;CONTACTO TRAUMATICO CON ARAÑAS VENENOSAS, LUGAR NO ESPECIFICADO
X22;CONTACTO TRAUMATICO CON ESCORPION
X220;CONTACTO TRAUMATICO CON ESCORPION, VIVIENDA
X221;CONTACTO TRAUMATICO CON ESCORPION, INSTITUCION RESIDENCIAL
X222;CONTACTO TRAUMATICO CON ESCORPION, ESCUELAS, OTRAS INSTITUCIONES Y AREAS ADMINISTRATIVAS PUBLICAS
X223;CONTACTO TRAUMATICO CON ESCORPION, AREAS DE DEPORTE Y ATLETISMO
X224;CONTACTO TRAUMATICO CON ESCORPION, CALLES Y CARRETERAS
X225;CONTACTO TRAUMATICO CON ESCORPION, COMERCIO Y AREA DE SERVICIOS
X226;CONTACTO TRAUMATICO CON ESCORPION, AREA INDUSTRIAL Y DE LA CONSTRUCCION
X227;CONTACTO TRAUMATICO CON ESCORPION, GRANJA
X228;CONTACTO TRAUMATICO CON ESCORPION, OTRO LUGAR ESPECIFICADO
X229;CONTACTO TRAUMATICO CON ESCORPION, LUGAR NO ESPECIFICADO
X23;CONTACTO TRAUMATICO CON AVISPONES, AVISPAS Y ABEJAS
X230;CONTACTO TRAUMATICO CON AVISPONES, AVISPAS Y ABEJAS, VIVIENDA
X231;CONTACTO TRAUMATICO CON AVISPONES, AVISPAS Y ABEJAS, INSTITUCION RESIDENCIAL
X232;CONTACTO TRAUMATICO CON AVISPONES, AVISPAS Y ABEJAS, ESCUELAS, OTRAS INSTITUCIONES Y AREAS ADMINISTRATIVAS PUBLICAS
X233;CONTACTO TRAUMATICO CON AVISPONES, AVISPAS Y ABEJAS, AREAS DE DEPORTE Y ATLETISMO
X234;CONTACTO TRAUMATICO CON AVISPONES, AVISPAS Y ABEJAS, CALLES Y CARRETERAS
X235;CONTACTO TRAUMATICO CON AVISPONES, AVISPAS Y ABEJAS, COMERCIO Y AREA DE SERVICIOS
X236;CONTACTO TRAUMATICO CON AVISPONES, AVISPAS Y ABEJAS, AREA INDUSTRIAL Y DE LA CONSTRUCCION
X237;CONTACTO TRAUMATICO CON AVISPONES, AVISPAS Y ABEJAS, GRANJA
X238;CONTACTO TRAUMATICO CON AVISPONES, AVISPAS Y ABEJAS, OTRO LUGAR ESPECIFICADO
X239;CONTACTO TRAUMATICO CON AVISPONES, AVISPAS Y ABEJAS, LUGAR NO ESPECIFICADO
X24;CONTACTO TRAUMATICO CON CENTIPODOS Y MIRIAPODOS VENENOSOS (TROPICALES)
X240;CONTACTO TRAUMATICO CON CENTIPODOS Y MIRIAPODOS VENENOSOS (TROPICALES), VIVIENDA
X241;CONTACTO TRAUMATICO CON CENTIPODOS Y MIRIAPODOS VENENOSOS (TROPICALES), INSTITUCION RESIDENCIAL
X242;CONTACTO TRAUMATICO CON CENTIPODOS Y MIRIAPODOS VENENOSOS (TROPICALES), ESCUELAS, OTRAS INSTITUCIONES Y AREAS ADMINISTRATIVAS PUBLICAS
X243;CONTACTO TRAUMATICO CON CENTIPODOS Y MIRIAPODOS VENENOSOS (TROPICALES), AREAS DE DEPORTE Y ATLETISMO
X244;CONTACTO TRAUMATICO CON CENTIPODOS Y MIRIAPODOS VENENOSOS (TROPICALES), CALLES Y CARRETERAS
X245;CONTACTO TRAUMATICO CON CENTIPODOS Y MIRIAPODOS VENENOSOS (TROPICALES), COMERCIO Y AREA DE SERVICIOS
X246;CONTACTO TRAUMATICO CON CENTIPODOS Y MIRIAPODOS VENENOSOS (TROPICALES), AREA INDUSTRIAL Y DE LA CONSTRUCCION
X247;CONTACTO TRAUMATICO CON CENTIPODOS Y MIRIAPODOS VENENOSOS (TROPICALES), GRANJA
X248;CONTACTO TRAUMATICO CON CENTIPODOS Y MIRIAPODOS VENENOSOS (TROPICALES), OTRO LUGAR ESPECIFICADO
X249;CONTACTO TRAUMATICO CON CENTIPODOS Y MIRIAPODOS VENENOSOS (TROPICALES), LUGAR NO ESPECIFICADO
X25;CONTACTO TRAUMATICO CON OTROS ARTROPODOS VENENOSOS
X250;CONTACTO TRAUMATICO CON OTROS ARTROPODOS VENENOSOS, VIVIENDA
X251;CONTACTO TRAUMATICO CON OTROS ARTROPODOS VENENOSOS, INSTITUCION RESIDENCIAL
X252;CONTACTO TRAUMATICO CON OTROS ARTROPODOS VENENOSOS, ESCUELAS, OTRAS INSTITUCIONES Y AREAS ADMINISTRATIVAS PUBLICAS
X253;CONTACTO TRAUMATICO CON OTROS ARTROPODOS VENENOSOS, AREAS DE DEPORTE Y ATLETISMO
X254;CONTACTO TRAUMATICO CON OTROS ARTROPODOS VENENOSOS, CALLES Y CARRETERAS
X255;CONTACTO TRAUMATICO CON OTROS ARTROPODOS VENENOSOS, COMERCIO Y AREA DE SERVICIOS
X256;CONTACTO TRAUMATICO CON OTROS ARTROPODOS VENENOSOS, AREA INDUSTRIAL Y DE LA CONSTRUCCION
X257;CONTACTO TRAUMATICO CON OTROS ARTROPODOS VENENOSOS, GRANJA
X258;CONTACTO TRAUMATICO CON OTROS ARTROPODOS VENENOSOS, OTRO LUGAR ESPECIFICADO
X259;CONTACTO TRAUMATICO CON OTROS ARTROPODOS VENENOSOS, LUGAR NO ESPECIFICADO
X26;CONTACTO TRAUMATICO CON ANIMALES Y PLANTAS MARINAS VENENOSOS
X260;CONTACTO TRAUMATICO CON ANIMALES Y PLANTAS MARINAS VENENOSOS, VIVIENDA
X261;CONTACTO TRAUMATICO CON ANIMALES Y PLANTAS MARINAS VENENOSOS, INSTITUCION RESIDENCIAL
X262;CONTACTO TRAUMATICO CON ANIMALES Y PLANTAS MARINAS VENENOSOS, ESCUELAS, OTRAS INSTITUCIONES Y AREAS ADMINISTRATIVAS PUBLICAS
X263;CONTACTO TRAUMATICO CON ANIMALES Y PLANTAS MARINAS VENENOSOS, AREAS DE DEPORTE Y ATLETISMO
X264;CONTACTO TRAUMATICO CON ANIMALES Y PLANTAS MARINAS VENENOSOS, CALLES Y CARRETERAS
X265;CONTACTO TRAUMATICO CON ANIMALES Y PLANTAS MARINAS VENENOSOS, COMERCIO Y AREA DE SERVICIOS
X266;CONTACTO TRAUMATICO CON ANIMALES Y PLANTAS MARINAS VENENOSOS, AREA INDUSTRIAL Y DE LA CONSTRUCCION
X267;CONTACTO TRAUMATICO CON ANIMALES Y PLANTAS MARINAS VENENOSOS, GRANJA
X268;CONTACTO TRAUMATICO CON ANIMALES Y PLANTAS MARINAS VENENOSOS, OTRO LUGAR ESPECIFICADO
X269;CONTACTO TRAUMATICO CON ANIMALES Y PLANTAS MARINAS VENENOSOS, LUGAR NO ESPECIFICADO
X27;CONTACTO TRAUMATICO CON OTROS ANIMALES VENENOSOS ESPECIFICADOS
X270;CONTACTO TRAUMATICO CON OTROS ANIMALES VENENOSOS ESPECIFICADOS, VIVIENDA
X271;CONTACTO TRAUMATICO CON OTROS ANIMALES VENENOSOS ESPECIFICADOS, INSTITUCION RESIDENCIAL
X272;CONTACTO TRAUMATICO CON OTROS ANIMALES VENENOSOS ESPECIFICADOS, ESCUELAS, OTRAS INSTITUCIONES Y AREAS ADMINISTRATIVAS PUBLICAS
X273;CONTACTO TRAUMATICO CON OTROS ANIMALES VENENOSOS ESPECIFICADOS, AREAS DE DEPORTE Y ATLETISMO
X274;CONTACTO TRAUMATICO CON OTROS ANIMALES VENENOSOS ESPECIFICADOS, CALLES Y CARRETERAS
X275;CONTACTO TRAUMATICO CON OTROS ANIMALES VENENOSOS ESPECIFICADOS, COMERCIO Y AREA DE SERVICIOS
X276;CONTACTO TRAUMATICO CON OTROS ANIMALES VENENOSOS ESPECIFICADOS, AREA INDUSTRIAL Y DE LA CONSTRUCCION
X277;CONTACTO TRAUMATICO CON OTROS ANIMALES VENENOSOS ESPECIFICADOS, GRANJA
X278;CONTACTO TRAUMATICO CON OTROS ANIMALES VENENOSOS ESPECIFICADOS, OTRO LUGAR ESPECIFICADO
X279;CONTACTO TRAUMATICO CON OTROS ANIMALES VENENOSOS ESPECIFICADOS, LUGAR NO ESPECIFICADO
X28;CONTACTO TRAUMATICO CON OTRAS PLANTAS VENENOSAS ESPECIFICADAS
X280;CONTACTO TRAUMATICO CON OTRAS PLANTAS VENENOSAS ESPECIFICADAS, VIVIENDA
X281;CONTACTO TRAUMATICO CON OTRAS PLANTAS VENENOSAS ESPECIFICADAS, INSTITUCION RESIDENCIAL
X282;CONTACTO TRAUMATICO CON OTRAS PLANTAS VENENOSAS ESPECIFICADAS, ESCUELAS, OTRAS INSTITUCIONES Y AREAS ADMINISTRATIVAS PUBLICAS
X283;CONTACTO TRAUMATICO CON OTRAS PLANTAS VENENOSAS ESPECIFICADAS, AREAS DE DEPORTE Y ATLETISMO
X284;CONTACTO TRAUMATICO CON OTRAS PLANTAS VENENOSAS ESPECIFICADAS, CALLES Y CARRETERAS
X285;CONTACTO TRAUMATICO CON OTRAS PLANTAS VENENOSAS ESPECIFICADAS, COMERCIO Y AREA DE SERVICIOS
X286;CONTACTO TRAUMATICO CON OTRAS PLANTAS VENENOSAS ESPECIFICADAS, AREA INDUSTRIAL Y DE LA CONSTRUCCION
X287;CONTACTO TRAUMATICO CON OTRAS PLANTAS VENENOSAS ESPECIFICADAS, GRANJA
X288;CONTACTO TRAUMATICO CON OTRAS PLANTAS VENENOSAS ESPECIFICADAS, OTRO LUGAR ESPECIFICADO
X289;CONTACTO TRAUMATICO CON OTRAS PLANTAS VENENOSAS ESPECIFICADAS, LUGAR NO ESPECIFICADO
X29;CONTACTO TRAUMATICO CON ANIMALES Y PLANTAS VENENOSOS NO ESPECIFICADOS
X290;CONTACTO TRAUMATICO CON ANIMALES Y PLANTAS VENENOSOS NO ESPECIFICADOS, VIVIENDA
X291;CONTACTO TRAUMATICO CON ANIMALES Y PLANTAS VENENOSOS NO ESPECIFICADOS, INSTITUCION RESIDENCIAL
X292;CONTACTO TRAUMATICO CON ANIMALES Y PLANTAS VENENOSOS NO ESPECIFICADOS, ESCUELAS, OTRAS INSTITUCIONES Y AREAS ADMINISTRATIVAS PUBLICAS
X293;CONTACTO TRAUMATICO CON ANIMALES Y PLANTAS VENENOSOS NO ESPECIFICADOS, AREAS DE DEPORTE Y ATLETISMO
X294;CONTACTO TRAUMATICO CON ANIMALES Y PLANTAS VENENOSOS NO ESPECIFICADOS, CALLES Y CARRETERAS
X295;CONTACTO TRAUMATICO CON ANIMALES Y PLANTAS VENENOSOS NO ESPECIFICADOS, COMERCIO Y AREA DE SERVICIOS
X296;CONTACTO TRAUMATICO CON ANIMALES Y PLANTAS VENENOSOS NO ESPECIFICADOS, AREA INDUSTRIAL Y DE LA CONSTRUCCION
X297;CONTACTO TRAUMATICO CON ANIMALES Y PLANTAS VENENOSOS NO ESPECIFICADOS, GRANJA
X298;CONTACTO TRAUMATICO CON ANIMALES Y PLANTAS VENENOSOS NO ESPECIFICADOS, OTRO LUGAR ESPECIFICADO
X299;CONTACTO TRAUMATICO CON ANIMALES Y PLANTAS VENENOSOS NO ESPECIFICADOS, LUGAR NO ESPECIFICADO
X30;EXPOSICION AL CALOR NATURAL EXCESIVO
X300;EXPOSICION AL CALOR NATURAL EXCESIVO, VIVIENDA
X301;EXPOSICION AL CALOR NATURAL EXCESIVO, INSTITUCION RESIDENCIAL
X302;EXPOSICION AL CALOR NATURAL EXCESIVO, ESCUELAS, OTRAS INSTITUCIONES Y AREAS ADMINISTRATIVAS PUBLICAS
X303;EXPOSICION AL CALOR NATURAL EXCESIVO, AREAS DE DEPORTE Y ATLETISMO
X304;EXPOSICION AL CALOR NATURAL EXCESIVO, CALLES Y CARRETERAS
X305;EXPOSICION AL CALOR NATURAL EXCESIVO, COMERCIO Y AREA DE SERVICIOS
X306;EXPOSICION AL CALOR NATURAL EXCESIVO, AREA INDUSTRIAL Y DE LA CONSTRUCCION
X307;EXPOSICION AL CALOR NATURAL EXCESIVO, GRANJA
X308;EXPOSICION AL CALOR NATURAL EXCESIVO, OTRO LUGAR ESPECIFICADO
X309;EXPOSICION AL CALOR NATURAL EXCESIVO, LUGAR NO ESPECIFICADO
X31;EXPOSICION AL FRIO NATURAL EXCESIVO
X310;EXPOSICION AL FRIO NATURAL EXCESIVO, VIVIENDA
X311;EXPOSICION AL FRIO NATURAL EXCESIVO, INSTITUCION RESIDENCIAL
X312;EXPOSICION AL FRIO NATURAL EXCESIVO, ESCUELAS, OTRAS INSTITUCIONES Y AREAS ADMINISTRATIVAS PUBLICAS
X313;EXPOSICION AL FRIO NATURAL EXCESIVO, AREAS DE DEPORTE Y ATLETISMO
X314;EXPOSICION AL FRIO NATURAL EXCESIVO, CALLES Y CARRETERAS
X315;EXPOSICION AL FRIO NATURAL EXCESIVO, COMERCIO Y AREA DE SERVICIOS
X316;EXPOSICION AL FRIO NATURAL EXCESIVO, AREA INDUSTRIAL Y DE LA CONSTRUCCION
X317;EXPOSICION AL FRIO NATURAL EXCESIVO, GRANJA
X318;EXPOSICION AL FRIO NATURAL EXCESIVO, OTRO LUGAR ESPECIFICADO
X319;EXPOSICION AL FRIO NATURAL EXCESIVO, LUGAR NO ESPECIFICADO
X32;EXPOSICION A RAYOS SOLARES
X320;EXPOSICION A RAYOS SOLARES, VIVIENDA
X321;EXPOSICION A RAYOS SOLARES, INSTITUCION RESIDENCIAL
X322;EXPOSICION A RAYOS SOLARES, ESCUELAS, OTRAS INSTITUCIONES Y AREAS ADMINISTRATIVAS PUBLICAS
X323;EXPOSICION A RAYOS SOLARES, AREAS DE DEPORTE Y ATLETISMO
X324;EXPOSICION A RAYOS SOLARES, CALLES Y CARRETERAS
X325;EXPOSICION A RAYOS SOLARES, COMERCIO Y AREA DE SERVICIOS
X326;EXPOSICION A RAYOS SOLARES, AREA INDUSTRIAL Y DE LA CONSTRUCCION
X327;EXPOSICION A RAYOS SOLARES, GRANJA
X328;EXPOSICION A RAYOS SOLARES, OTRO LUGAR ESPECIFICADO
X329;EXPOSICION A RAYOS SOLARES, LUGAR NO ESPECIFICADO
X33;VICTIMA DE RAYO
X330;VICTIMA DE RAYO, VIVIENDA
X331;VICTIMA DE RAYO, INSTITUCION RESIDENCIAL
X332;VICTIMA DE RAYO, ESCUELAS, OTRAS INSTITUCIONES Y AREAS ADMINISTRATIVAS PUBLICAS
X333;VICTIMA DE RAYO, AREAS DE DEPORTE Y ATLETISMO
X334;VICTIMA DE RAYO, CALLES Y CARRETERAS
X335;VICTIMA DE RAYO, COMERCIO Y AREA DE SERVICIOS
X336;VICTIMA DE RAYO, AREA INDUSTRIAL Y DE LA CONSTRUCCION
X337;VICTIMA DE RAYO, GRANJA
X338;VICTIMA DE RAYO, OTRO LUGAR ESPECIFICADO
X339;VICTIMA DE RAYO, LUGAR NO ESPECIFICADO
X34;VICTIMA DE TERREMOTO
X340;VICTIMA DE MOVIMIENTOS CATACLISMICOS DE LA TIERRA CAUSADOS POR TERREMOTO
X341;VICTIMA DE TSUNAMI
X342;VICTIMA DE TERREMOTO, ESCUELAS, OTRAS INSTITUCIONES Y AREAS ADMINISTRATIVAS PUBLICAS
X343;VICTIMA DE TERREMOTO, AREAS DE DEPORTE Y ATLETISMO
X344;VICTIMA DE TERREMOTO, CALLES Y CARRETERAS
X345;VICTIMA DE TERREMOTO, COMERCIO Y AREA DE SERVICIOS
X346;VICTIMA DE TERREMOTO, AREA INDUSTRIAL Y DE LA CONSTRUCCION
X347;VICTIMA DE TERREMOTO, GRANJA
X348;VICTIMA DE OTROS EFECTOS DE TERREMOTO ESPECIFICADOS
X349;VICTIMA DE EFECTOS DE TERREMOTO NO ESPECIFICADOS
X35;VICTIMA DE ERUPCION VOLCANICA
X350;VICTIMA DE ERUPCION VOLCANICA, VIVIENDA
X351;VICTIMA DE ERUPCION VOLCANICA, INSTITUCION RESIDENCIAL
X352;VICTIMA DE ERUPCION VOLCANICA, ESCUELAS, OTRAS INSTITUCIONES Y AREAS ADMINISTRATIVAS PUBLICAS
X353;VICTIMA DE ERUPCION VOLCANICA, AREAS DE DEPORTE Y ATLETISMO
X354;VICTIMA DE ERUPCION VOLCANICA, CALLES Y CARRETERAS
X355;VICTIMA DE ERUPCION VOLCANICA, COMERCIO Y AREA DE SERVICIOS
X356;VICTIMA DE ERUPCION VOLCANICA, AREA INDUSTRIAL Y DE LA CONSTRUCCION
X357;VICTIMA DE ERUPCION VOLCANICA, GRANJA
X358;VICTIMA DE ERUPCION VOLCANICA, OTRO LUGAR ESPECIFICADO
X359;VICTIMA DE ERUPCION VOLCANICA, LUGAR NO ESPECIFICADO
X36;VICTIMA DE AVALANCHA, DERRUMBE Y OTROS MOVIMIENTOS DE TIERRA
X360;VICTIMA DE AVALANCHA, DERRUMBE Y OTROS MOVIMIENTOS DE TIERRA, VIVIENDA
X361;VICTIMA DE AVALANCHA, DERRUMBE Y OTROS MOVIMIENTOS DE TIERRA, INSTITUCION RESIDENCIAL
X362;VICTIMA DE AVALANCHA, DERRUMBE Y OTROS MOVIMIENTOS DE TIERRA, ESCUELAS, OTRAS INSTITUCIONES Y AREAS ADMINISTRATIVAS PUBLICAS
X363;VICTIMA DE AVALANCHA, DERRUMBE Y OTROS MOVIMIENTOS DE TIERRA, AREAS DE DEPORTE Y ATLETISMO
X364;VICTIMA DE AVALANCHA, DERRUMBE Y OTROS MOVIMIENTOS DE TIERRA, CALLES Y CARRETERAS
X365;VICTIMA DE AVALANCHA, DERRUMBE Y OTROS MOVIMIENTOS DE TIERRA, COMERCIO Y AREAS DE SERVICIO
X366;VICTIMA DE AVALANCHA, DERRUMBE Y OTROS MOVIMIENTOS DE TIERRA, AREA INDUSTRIAL Y DE LA CONSTRUCCION
X367;VICTIMA DE AVALANCHA, DERRUMBE Y OTROS MOVIMIENTOS DE TIERRA, GRANJA
X368;VICTIMA DE AVALANCHA, DERRUMBE Y OTROS MOVIMIENTOS DE TIERRA, OTRO LUGAR ESPECIFICADO
X369;VICTIMA DE AVALANCHA, DERRUMBE Y OTROS MOVIMIENTOS DE TIERRA, LUGAR NO ESPECIFICADO
X37;VICTIMA DE TORMENTA CATACLISMICA
X370;VICTIMA DE TORMENTA CATACLISMICA, VIVIENDA
X371;VICTIMA DE TORMENTA CATACLISMICA, INSTITUCION RESIDENCIAL
X372;VICTIMA DE TORMENTA CATACLISMICA, ESCUELAS, OTRAS INSTITUCIONES Y AREAS ADMINISTRATIVAS PUBLICAS
X373;VICTIMA DE TORMENTA CATACLISMICA, AREAS DE DEPORTE Y ATLETISMO
X374;VICTIMA DE TORMENTA CATACLISMICA, CALLES Y CARRETERAS
X375;VICTIMA DE TORMENTA CATACLISMICA, COMERCIO Y AREA DE SERVICIOS
X376;VICTIMA DE TORMENTA CATACLISMICA, AREA INDUSTRIAL Y DE LA CONSTRUCCION
X377;VICTIMA DE TORMENTA CATACLISMICA, GRANJA
X378;VICTIMA DE TORMENTA CATACLISMICA, OTRO LUGAR ESPECIFICADO
X379;VICTIMA DE TORMENTA CATACLISMICA, LUGAR NO ESPECIFICADO
X38;VICTIMA DE INUNDACION
X380;VICTIMA DE INUNDACION, VIVIENDA
X381;VICTIMA DE INUNDACION, INSTITUCION RESIDENCIAL
X382;VICTIMA DE INUNDACION, ESCUELAS, OTRAS INSTITUCIONES Y AREAS ADMINISTRATIVAS PUBLICAS
X383;VICTIMA DE INUNDACION, AREAS DE DEPORTE Y ATLETISMO
X384;VICTIMA DE INUNDACION, CALLES Y CARRETERAS
X385;VICTIMA DE INUNDACION, COMERCIO Y AREA DE SERVICIOS
X386;VICTIMA DE INUNDACION, AREA INDUSTRIAL Y DE LA CONSTRUCCION
X387;VICTIMA DE INUNDACION, GRANJA
X388;VICTIMA DE INUNDACION, OTRO LUGAR ESPECIFICADO
X389;VICTIMA DE INUNDACION, LUGAR NO ESPECIFICADO
X39;EXPOSICION A OTRAS FUERZAS DE LA NATURALEZA, Y LAS NO ESPECIFICADAS
X390;EXPOSICION A OTRAS FUERZAS DE LA NATURALEZA, Y LAS NO ESPECIFICADAS, VIVIENDA
X391;EXPOSICION A OTRAS FUERZAS DE LA NATURALEZA, Y LAS NO ESPECIFICADAS, INSTITUCION RESIDENCIAL
X392;EXPOSICION A OTRAS FUERZAS DE LA NATURALEZA, Y LAS NO ESPECIFICADAS, ESCUELAS, OTRAS INSTITUCIONES Y AREAS ADMINISTRATIVAS PUBLICAS
X393;EXPOSICION A OTRAS FUERZAS DE LA NATURALEZA, Y LAS NO ESPECIFICADAS, AREAS DE DEPORTE Y ATLETISMO
X394;EXPOSICION A OTRAS FUERZAS DE LA NATURALEZA, Y LAS NO ESPECIFICADAS, CALLES Y CARRETERAS
X395;EXPOSICION A OTRAS FUERZAS DE LA NATURALEZA, Y LAS NO ESPECIFICADAS, COMERCIO Y AREA DE SERVICIOS
X396;EXPOSICION A OTRAS FUERZAS DE LA NATURALEZA, Y LAS NO ESPECIFICADAS, AREA INDUSTRIAL Y DE LA CONSTRUCCION
X397;EXPOSICION A OTRAS FUERZAS DE LA NATURALEZA, Y LAS NO ESPECIFICADAS, GRANJA
X398;EXPOSICION A OTRAS FUERZAS DE LA NATURALEZA, Y LAS NO ESPECIFICADAS, OTRO LUGAR ESPECIFICADO
X399;EXPOSICION A OTRAS FUERZAS DE LA NATURALEZA, Y LAS NO ESPECIFICADAS, LUGAR NO ESPECIFICADO
X40;ENVENENAMIENTO ACCIDENTAL POR, Y EXPOSICION A ANALGESICOS NO NARCOTICOS, ANTIPIRETICOS Y ANTIRREUMATICOS
X400;ENVENENAMIENTO ACCIDENTAL POR, Y EXPOSICION A ANALGESICOS NO NARCOTICOS, ANTIPIRETICOS Y ANTIRREUMATICOS, VIVIENDA
X401;ENVENENAMIENTO ACCIDENTAL POR, Y EXPOSICION A ANALGESICOS NO NARCOTICOS, ANTIPIRETICOS Y ANTIRREUMATICOS, INSTITUCION RESIDENCIAL
X402;ENVENENAMIENTO ACCIDENTAL POR, Y EXPOSICION A ANALGESICOS NO NARCOTICOS, ANTIPIRETICOS Y ANTIRREUMATICOS, ESCUELAS, OTRAS INSTITUCIONES Y AREAS ADMINISTRATIVAS PUBLICAS
X403;ENVENENAMIENTO ACCIDENTAL POR, Y EXPOSICION A ANALGESICOS NO NARCOTICOS, ANTIPIRETICOS Y ANTIRREUMATICOS, AREAS DE DEPORTE Y ATLETISMO
X404;ENVENENAMIENTO ACCIDENTAL POR, Y EXPOSICION A ANALGESICOS NO NARCOTICOS, ANTIPIRETICOS Y ANTIRREUMATICOS, CALLES Y CARRETERAS
X405;ENVENENAMIENTO ACCIDENTAL POR, Y EXPOSICION A ANALGESICOS NO NARCOTICOS, ANTIPIRETICOS Y ANTIRREUMATICOS, COMERCIO Y AREA DE SERVICIOS
X406;ENVENENAMIENTO ACCIDENTAL POR, Y EXPOSICION A ANALGESICOS NO NARCOTICOS, ANTIPIRETICOS Y ANTIRREUMATICOS, AREA INDUSTRIAL Y DE LA CONSTRUCCION
X407;ENVENENAMIENTO ACCIDENTAL POR, Y EXPOSICION A ANALGESICOS NO NARCOTICOS, ANTIPIRETICOS Y ANTIRREUMATICOS, GRANJA
X408;ENVENENAMIENTO ACCIDENTAL POR, Y EXPOSICION A ANALGESICOS NO NARCOTICOS, ANTIPIRETICOS Y ANTIRREUMATICOS, OTRO LUGAR ESPECIFICADO
X409;ENVENENAMIENTO ACCIDENTAL POR, Y EXPOSICION A ANALGESICOS NO NARCOTICOS, ANTIPIRETICOS Y ANTIRREUMATICOS, LUGAR NO ESPECIFICADO
X41;ENVENENAMIENTO ACCIDENTAL POR, Y EXPOSICION A DROGAS ANTIEPILEPTICAS, SEDANTES, HIPNOTICAS, ANTIPARKINSONIANAS Y PSICOTROPICAS, NO CLASIFICADAS EN OTRA PARTE
X410;ENVENENAMIENTO ACCIDENTAL POR, Y EXPOSICION A DROGAS ANTIEPILEPTICAS, SEDANTES, HIPNOTICAS, ANTIPARKINSONIANAS Y PSICOTROPICAS, NO CLASIFICADAS EN OTRA PARTE, VIVIENDA
X411;ENVENENAMIENTO ACCIDENTAL POR, Y EXPOSICION A DROGAS ANTIEPILEPTICAS, SEDANTES, HIPNOTICAS, ANTIPARKINSONIANAS Y PSICOTROPICAS, NO CLASIFICADAS EN OTRA PARTE, INSTITUCION RESIDENCIAL
X412;ENVENENAMIENTO ACCIDENTAL POR, Y EXPOSICION A DROGAS ANTIEPILEPTICAS, SEDANTES, HIPNOTICAS, ANTIPARKINSONIANAS Y PSICOTROPICAS, NO CLASIFICADAS EN OTRA PARTE, ESCUELAS, OTRAS INSTITUCIONES Y AREAS ADMINISTRATIVAS PUBLICAS
X413;ENVENENAMIENTO ACCIDENTAL POR, Y EXPOSICION A DROGAS ANTIEPILEPTICAS, SEDANTES, HIPNOTICAS, ANTIPARKINSONIANAS Y PSICOTROPICAS, NO CLASIFICADAS EN OTRA PARTE, AREAS DE DEPORTE Y ATLETISMO
X414;ENVENENAMIENTO ACCIDENTAL POR, Y EXPOSICION A DROGAS ANTIEPILEPTICAS, SEDANTES, HIPNOTICAS, ANTIPARKINSONIANAS Y PSICOTROPICAS, NO CLASIFICADAS EN OTRA PARTE, CALLES Y CARRETERAS
X415;ENVENENAMIENTO ACCIDENTAL POR, Y EXPOSICION A DROGAS ANTIEPILEPTICAS, SEDANTES, HIPNOTICAS, ANTIPARKINSONIANAS Y PSICOTROPICAS, NO CLASIFICADAS EN OTRA PARTE, COMERCIO Y AREA DE SERVICIOS
X416;ENVENENAMIENTO ACCIDENTAL POR, Y EXPOSICION A DROGAS ANTIEPILEPTICAS, SEDANTES, HIPNOTICAS, ANTIPARKINSONIANAS Y PSICOTROPICAS, NO CLASIFICADAS EN OTRA PARTE, AREA INDUSTRIAL Y DE LA CONSTRUCCION
X417;ENVENENAMIENTO ACCIDENTAL POR, Y EXPOSICION A DROGAS ANTIEPILEPTICAS, SEDANTES, HIPNOTICAS, ANTIPARKINSONIANAS Y PSICOTROPICAS, NO CLASIFICADAS EN OTRA PARTE, GRANJA
X418;ENVENENAMIENTO ACCIDENTAL POR, Y EXPOSICION A DROGAS ANTIEPILEPTICAS, SEDANTES, HIPNOTICAS, ANTIPARKINSONIANAS Y PSICOTROPICAS, NO CLASIFICADAS EN OTRA PARTE, OTRO LUGAR ESPECIFICADO
X419;ENVENENAMIENTO ACCIDENTAL POR, Y EXPOSICION A DROGAS ANTIEPILEPTICAS, SEDANTES, HIPNOTICAS, ANTIPARKINSONIANAS Y PSICOTROPICAS, NO CLASIFICADAS EN OTRA PARTE, LUGAR NO ESPECIFICADO
X42;ENVENENAMIENTO ACCIDENTAL POR, Y EXPOSICION A NARCOTICOS Y PSICODISLEPTICOS [ALUCINOGENOS], NO CLASIFICADOS EN OTRA PARTE
X420;ENVENENAMIENTO ACCIDENTAL POR, Y EXPOSICION A NARCOTICOS Y PSICODISLEPTICOS [ALUCINOGENOS], NO CLASIFICADOS EN OTRA PARTE, VIVIENDA
X421;ENVENENAMIENTO ACCIDENTAL POR, Y EXPOSICION A NARCOTICOS Y PSICODISLEPTICOS [ALUCINOGENOS], NO CLASIFICADOS EN OTRA PARTE, INSTITUCION RESIDENCIAL
X422;ENVENENAMIENTO ACCIDENTAL POR, Y EXPOSICION A NARCOTICOS Y PSICODISLEPTICOS [ALUCINOGENOS], NO CLASIFICADOS EN OTRA PARTE, ESCUELAS, OTRAS INSTITUCIONES Y AREAS ADMINISTRATIVAS PUBLICAS
X423;ENVENENAMIENTO ACCIDENTAL POR, Y EXPOSICION A NARCOTICOS Y PSICODISLEPTICOS [ALUCINOGENOS], NO CLASIFICADOS EN OTRA PARTE, AREAS DE DEPORTE Y ATLETISMO
X424;ENVENENAMIENTO ACCIDENTAL POR, Y EXPOSICION A NARCOTICOS Y PSICODISLEPTICOS [ALUCINOGENOS], NO CLASIFICADOS EN OTRA PARTE, CALLES Y CARRETERAS
X425;ENVENENAMIENTO ACCIDENTAL POR, Y EXPOSICION A NARCOTICOS Y PSICODISLEPTICOS [ALUCINOGENOS], NO CLASIFICADOS EN OTRA PARTE, COMERCIO Y AREA DE SERVICIOS
X426;ENVENENAMIENTO ACCIDENTAL POR, Y EXPOSICION A NARCOTICOS Y PSICODISLEPTICOS [ALUCINOGENOS], NO CLASIFICADOS EN OTRA PARTE, AREA INDUSTRIAL Y DE LA CONSTRUCCION
X427;ENVENENAMIENTO ACCIDENTAL POR, Y EXPOSICION A NARCOTICOS Y PSICODISLEPTICOS [ALUCINOGENOS], NO CLASIFICADOS EN OTRA PARTE, GRANJA
X428;ENVENENAMIENTO ACCIDENTAL POR, Y EXPOSICION A NARCOTICOS Y PSICODISLEPTICOS [ALUCINOGENOS], NO CLASIFICADOS EN OTRA PARTE, OTRO LUGAR ESPECIFICADO
X429;ENVENENAMIENTO ACCIDENTAL POR, Y EXPOSICION A NARCOTICOS Y PSICODISLEPTICOS [ALUCINOGENOS], NO CLASIFICADOS EN OTRA PARTE, LUGAR NO ESPECIFICADO
X43;ENVENENAMIENTO ACCIDENTAL POR, Y EXPOSICION A OTRAS DROGAS QUE ACTUAN SOBRE EL SISTEMA NERVIOSO AUTONOMO
X430;ENVENENAMIENTO ACCIDENTAL POR, Y EXPOSICION A OTRAS DROGAS QUE ACTUAN SOBRE EL SISTEMA NERVIOSO AUTONOMO, VIVIENDA
X431;ENVENENAMIENTO ACCIDENTAL POR, Y EXPOSICION A OTRAS DROGAS QUE ACTUAN SOBRE EL SISTEMA NERVIOSO AUTONOMO, INSTITUCION RESIDENCIAL
X432;ENVENENAMIENTO ACCIDENTAL POR, Y EXPOSICION A OTRAS DROGAS QUE ACTUAN SOBRE EL SISTEMA NERVIOSO AUTONOMO, ESCUELAS, OTRAS INSTITUCIONES Y AREAS ADMINISTRATIVAS PUBLICAS
X433;ENVENENAMIENTO ACCIDENTAL POR, Y EXPOSICION A OTRAS DROGAS QUE ACTUAN SOBRE EL SISTEMA NERVIOSO AUTONOMO, AREAS DE DEPORTE Y ATLETISMO
X434;ENVENENAMIENTO ACCIDENTAL POR, Y EXPOSICION A OTRAS DROGAS QUE ACTUAN SOBRE EL SISTEMA NERVIOSO AUTONOMO, CALLES Y CARRETERAS
X435;ENVENENAMIENTO ACCIDENTAL POR, Y EXPOSICION A OTRAS DROGAS QUE ACTUAN SOBRE EL SISTEMA NERVIOSO AUTONOMO, COMERCIO Y AREA DE SERVICIOS
X436;ENVENENAMIENTO ACCIDENTAL POR, Y EXPOSICION A OTRAS DROGAS QUE ACTUAN SOBRE EL SISTEMA NERVIOSO AUTONOMO, AREA INDUSTRIAL Y DE LA CONSTRUCCION
X437;ENVENENAMIENTO ACCIDENTAL POR, Y EXPOSICION A OTRAS DROGAS QUE ACTUAN SOBRE EL SISTEMA NERVIOSO AUTONOMO, GRANJA
X438;ENVENENAMIENTO ACCIDENTAL POR, Y EXPOSICION A OTRAS DROGAS QUE ACTUAN SOBRE EL SISTEMA NERVIOSO AUTONOMO, OTRO LUGAR ESPECIFICADO
X439;ENVENENAMIENTO ACCIDENTAL POR, Y EXPOSICION A OTRAS DROGAS QUE ACTUAN SOBRE EL SISTEMA NERVIOSO AUTONOMO, LUGAR NO ESPECIFICADO
X44;ENVENENAMIENTO ACCIDENTAL POR, Y EXPOSICION A OTRAS DROGAS, MEDICAMENTOS Y SUSTANCIAS BIOLOGICAS, Y LOS NO ESPECIFICADOS
X440;ENVENENAMIENTO ACCIDENTAL POR, Y EXPOSICION A OTRAS DROGAS, MEDICAMENTOS Y SUSTANCIAS BIOLOGICAS, Y LOS NO ESPECIFICADOS, VIVIENDA
X441;ENVENENAMIENTO ACCIDENTAL POR, Y EXPOSICION A OTRAS DROGAS, MEDICAMENTOS Y SUSTANCIAS BIOLOGICAS, Y LOS NO ESPECIFICADOS, INSTITUCION RESIDENCIAL
X442;ENVENENAMIENTO ACCIDENTAL POR, Y EXPOSICION A OTRAS DROGAS, MEDICAMENTOS Y SUSTANCIAS BIOLOGICAS, Y LOS NO ESPECIFICADOS, ESCUELAS, OTRAS INSTITUCIONES Y AREAS ADMINISTRATIVAS PUBLICAS
X443;ENVENENAMIENTO ACCIDENTAL POR, Y EXPOSICION A OTRAS DROGAS, MEDICAMENTOS Y SUSTANCIAS BIOLOGICAS, Y LOS NO ESPECIFICADOS, AREAS DE DEPORTE Y ATLETISMO
X444;ENVENENAMIENTO ACCIDENTAL POR, Y EXPOSICION A OTRAS DROGAS, MEDICAMENTOS Y SUSTANCIAS BIOLOGICAS, Y LOS NO ESPECIFICADOS, CALLES Y CARRETERAS
X445;ENVENENAMIENTO ACCIDENTAL POR, Y EXPOSICION A OTRAS DROGAS, MEDICAMENTOS Y SUSTANCIAS BIOLOGICAS, Y LOS NO ESPECIFICADOS, COMERCIO Y AREA DE SERVICIOS
X446;ENVENENAMIENTO ACCIDENTAL POR, Y EXPOSICION A OTRAS DROGAS, MEDICAMENTOS Y SUSTANCIAS BIOLOGICAS, Y LOS NO ESPECIFICADOS, AREA INDUSTRIAL Y DE LA CONSTRUCCION
X447;ENVENENAMIENTO ACCIDENTAL POR, Y EXPOSICION A OTRAS DROGAS, MEDICAMENTOS Y SUSTANCIAS BIOLOGICAS, Y LOS NO ESPECIFICADOS, GRANJA
X448;ENVENENAMIENTO ACCIDENTAL POR, Y EXPOSICION A OTRAS DROGAS, MEDICAMENTOS Y SUSTANCIAS BIOLOGICAS, Y LOS NO ESPECIFICADOS, OTRO LUGAR ESPECIFICADO
X449;ENVENENAMIENTO ACCIDENTAL POR, Y EXPOSICION A OTRAS DROGAS, MEDICAMENTOS Y SUSTANCIAS BIOLOGICAS, Y LOS NO ESPECIFICADOS, LUGAR NO ESPECIFICADO
X45;ENVENENAMIENTO ACCIDENTAL POR, Y EXPOSICION AL ALCOHOL
X450;ENVENENAMIENTO ACCIDENTAL POR, Y EXPOSICION AL ALCOHOL, VIVIENDA
X451;ENVENENAMIENTO ACCIDENTAL POR, Y EXPOSICION AL ALCOHOL, INSTITUCION RESIDENCIAL
X452;ENVENENAMIENTO ACCIDENTAL POR, Y EXPOSICION AL ALCOHOL, ESCUELAS, OTRAS INSTITUCIONES Y AREAS ADMINISTRATIVAS PUBLICAS
X453;ENVENENAMIENTO ACCIDENTAL POR, Y EXPOSICION AL ALCOHOL, AREAS DE DEPORTE Y ATLETISMO
X454;ENVENENAMIENTO ACCIDENTAL POR, Y EXPOSICION AL ALCOHOL, CALLES Y CARRETERAS
X455;ENVENENAMIENTO ACCIDENTAL POR, Y EXPOSICION AL ALCOHOL, COMERCIO Y AREA DE SERVICIOS
X456;ENVENENAMIENTO ACCIDENTAL POR, Y EXPOSICION AL ALCOHOL, AREA INDUSTRIAL Y DE LA CONSTRUCCION
X457;ENVENENAMIENTO ACCIDENTAL POR, Y EXPOSICION AL ALCOHOL, GRANJA
X458;ENVENENAMIENTO ACCIDENTAL POR, Y EXPOSICION AL ALCOHOL, OTRO LUGAR ESPECIFICADO
X459;ENVENENAMIENTO ACCIDENTAL POR, Y EXPOSICION AL ALCOHOL, LUGAR NO ESPECIFICADO
X46;ENVENENAMIENTO ACCIDENTAL POR, Y EXPOSICION A DISOLVENTES ORGANICOS E HIDROCARBUROS HALOGENADOS Y SUS VAPORES
X460;ENVENENAMIENTO ACCIDENTAL POR, Y EXPOSICION A DISOLVENTES ORGANICOS E HIDROCARBUROS HALOGENADOS Y SUS VAPORES, VIVIENDA
X461;ENVENENAMIENTO ACCIDENTAL POR, Y EXPOSICION A DISOLVENTES ORGANICOS E HIDROCARBUROS HALOGENADOS Y SUS VAPORES, INSTITUCION RESIDENCIAL
X462;ENVENENAMIENTO ACCIDENTAL POR, Y EXPOSICION A DISOLVENTES ORGANICOS E HIDROCARBUROS HALOGENADOS Y SUS VAPORES, ESCUELAS, OTRAS INSTITUCIONES Y AREAS ADMINISTRATIVAS PUBLICAS
X463;ENVENENAMIENTO ACCIDENTAL POR, Y EXPOSICION A DISOLVENTES ORGANICOS E HIDROCARBUROS HALOGENADOS Y SUS VAPORES, AREAS DE DEPORTE Y ATLETISMO
X464;ENVENENAMIENTO ACCIDENTAL POR, Y EXPOSICION A DISOLVENTES ORGANICOS E HIDROCARBUROS HALOGENADOS Y SUS VAPORES, CALLES Y CARRETERAS
X465;ENVENENAMIENTO ACCIDENTAL POR, Y EXPOSICION A DISOLVENTES ORGANICOS E HIDROCARBUROS HALOGENADOS Y SUS VAPORES, COMERCIO Y AREA DE SERVICIOS
X466;ENVENENAMIENTO ACCIDENTAL POR, Y EXPOSICION A DISOLVENTES ORGANICOS E HIDROCARBUROS HALOGENADOS Y SUS VAPORES, AREA INDUSTRIAL Y DE LA CONSTRUCCION
X467;ENVENENAMIENTO ACCIDENTAL POR, Y EXPOSICION A DISOLVENTES ORGANICOS E HIDROCARBUROS HALOGENADOS Y SUS VAPORES, GRANJA
X468;ENVENENAMIENTO ACCIDENTAL POR, Y EXPOSICION A DISOLVENTES ORGANICOS E HIDROCARBUROS HALOGENADOS Y SUS VAPORES, OTRO LUGAR ESPECIFICADO
X469;ENVENENAMIENTO ACCIDENTAL POR, Y EXPOSICION A DISOLVENTES ORGANICOS E HIDROCARBUROS HALOGENADOS Y SUS VAPORES, LUGAR NO ESPECIFICADO
X47;ENVENENAMIENTO ACCIDENTAL POR, Y EXPOSICION A OTROS GASES Y VAPORES
X470;ENVENENAMIENTO ACCIDENTAL POR, Y EXPOSICION A OTROS GASES Y VAPORES, VIVIENDA
X471;ENVENENAMIENTO ACCIDENTAL POR, Y EXPOSICION A OTROS GASES Y VAPORES, INSTITUCION RESIDENCIAL
X472;ENVENENAMIENTO ACCIDENTAL POR, Y EXPOSICION A OTROS GASES Y VAPORES, ESCUELAS, OTRAS INSTITUCIONES Y AREAS ADMINISTRATIVAS PUBLICAS
X473;ENVENENAMIENTO ACCIDENTAL POR, Y EXPOSICION A OTROS GASES Y VAPORES, AREAS DE DEPORTE Y ATLETISMO
X474;ENVENENAMIENTO ACCIDENTAL POR, Y EXPOSICION A OTROS GASES Y VAPORES, CALLES Y CARRETERAS
X475;ENVENENAMIENTO ACCIDENTAL POR, Y EXPOSICION A OTROS GASES Y VAPORES, COMERCIO Y AREA DE SERVICIOS
X476;ENVENENAMIENTO ACCIDENTAL POR, Y EXPOSICION A OTROS GASES Y VAPORES, AREA INDUSTRIAL Y DE LA CONSTRUCCION
X477;ENVENENAMIENTO ACCIDENTAL POR, Y EXPOSICION A OTROS GASES Y VAPORES, GRANJA
X478;ENVENENAMIENTO ACCIDENTAL POR, Y EXPOSICION A OTROS GASES Y VAPORES, OTRO LUGAR ESPECIFICADO
X479;ENVENENAMIENTO ACCIDENTAL POR, Y EXPOSICION A OTROS GASES Y VAPORES, LUGAR NO ESPECIFICADO
X48;ENVENENAMIENTO ACCIDENTAL POR, Y EXPOSICION A PLAGUICIDAS
X480;ENVENENAMIENTO ACCIDENTAL POR, Y EXPOSICION A PLAGUICIDAS, VIVIENDA
X481;ENVENENAMIENTO ACCIDENTAL POR, Y EXPOSICION A PLAGUICIDAS, INSTITUCION RESIDENCIAL
X482;ENVENENAMIENTO ACCIDENTAL POR, Y EXPOSICION A PLAGUICIDAS, ESCUELAS, OTRAS INSTITUCIONES Y AREAS ADMINISTRATIVAS PUBLICAS
X483;ENVENENAMIENTO ACCIDENTAL POR, Y EXPOSICION A PLAGUICIDAS, AREAS DE DEPORTE Y ATLETISMO
X484;ENVENENAMIENTO ACCIDENTAL POR, Y EXPOSICION A PLAGUICIDAS, CALLES Y CARRETERAS
X485;ENVENENAMIENTO ACCIDENTAL POR, Y EXPOSICION A PLAGUICIDAS, COMERCIO Y AREA DE SERVICIOS
X486;ENVENENAMIENTO ACCIDENTAL POR, Y EXPOSICION A PLAGUICIDAS, AREA INDUSTRIAL Y DE LA CONSTRUCCION
X487;ENVENENAMIENTO ACCIDENTAL POR, Y EXPOSICION A PLAGUICIDAS, GRANJA
X488;ENVENENAMIENTO ACCIDENTAL POR, Y EXPOSICION A PLAGUICIDAS, OTRO LUGAR ESPECIFICADO
X489;ENVENENAMIENTO ACCIDENTAL POR, Y EXPOSICION A PLAGUICIDAS, LUGAR NO ESPECIFICADO
X49;ENVENENAMIENTO ACCIDENTAL POR, Y EXPOSICION A OTROS PRODUCTOS QUIMICOS Y SUSTANCIAS NOCIVAS, Y LOS NO ESPECIFICADOS
X490;ENVENENAMIENTO ACCIDENTAL POR, Y EXPOSICION A OTROS PRODUCTOS QUIMICOS Y SUSTANCIAS NOCIVAS, Y LOS NO ESPECIFICADOS, VIVIENDA
X491;ENVENENAMIENTO ACCIDENTAL POR, Y EXPOSICION A OTROS PRODUCTOS QUIMICOS Y SUSTANCIAS NOCIVAS, Y LOS NO ESPECIFICADOS, INSTITUCION RESIDENCIAL
X492;ENVENENAMIENTO ACCIDENTAL POR, Y EXPOSICION A OTROS PRODUCTOS QUIMICOS Y SUSTANCIAS NOCIVAS, Y LOS NO ESPECIFICADOS, ESCUELAS, OTRAS INSTITUCIONES Y AREAS ADMINISTRATIVAS PUBLICAS
X493;ENVENENAMIENTO ACCIDENTAL POR, Y EXPOSICION A OTROS PRODUCTOS QUIMICOS Y SUSTANCIAS NOCIVAS, Y LOS NO ESPECIFICADOS, AREAS DE DEPORTE Y ATLETISMO
X494;ENVENENAMIENTO ACCIDENTAL POR, Y EXPOSICION A OTROS PRODUCTOS QUIMICOS Y SUSTANCIAS NOCIVAS, Y LOS NO ESPECIFICADOS, CALLES Y CARRETERAS
X495;ENVENENAMIENTO ACCIDENTAL POR, Y EXPOSICION A OTROS PRODUCTOS QUIMICOS Y SUSTANCIAS NOCIVAS, Y LOS NO ESPECIFICADOS, COMERCIO Y AREA DE SERVICIOS
X496;ENVENENAMIENTO ACCIDENTAL POR, Y EXPOSICION A OTROS PRODUCTOS QUIMICOS Y SUSTANCIAS NOCIVAS, Y LOS NO ESPECIFICADOS, AREA INDUSTRIAL Y DE LA CONSTRUCCION
X497;ENVENENAMIENTO ACCIDENTAL POR, Y EXPOSICION A OTROS PRODUCTOS QUIMICOS Y SUSTANCIAS NOCIVAS, Y LOS NO ESPECIFICADOS, GRANJA
X498;ENVENENAMIENTO ACCIDENTAL POR, Y EXPOSICION A OTROS PRODUCTOS QUIMICOS Y SUSTANCIAS NOCIVAS, Y LOS NO ESPECIFICADOS, OTRO LUGAR ESPECIFICADO
X499;ENVENENAMIENTO ACCIDENTAL POR, Y EXPOSICION A OTROS PRODUCTOS QUIMICOS Y SUSTANCIAS NOCIVAS, Y LOS NO ESPECIFICADOS, LUGAR NO ESPECIFICADO
X50;EXCESO DE ESFUERZO Y MOVIMIENTOS EXTENUANTES Y REPETITIVOS
X500;EXCESO DE ESFUERZO Y MOVIMIENTOS EXTENUANTES Y REPETITIVOS, VIVIENDA
X501;EXCESO DE ESFUERZO Y MOVIMIENTOS EXTENUANTES Y REPETITIVOS, INSTITUCION RESIDENCIAL
X502;EXCESO DE ESFUERZO Y MOVIMIENTOS EXTENUANTES Y REPETITIVOS, ESCUELAS, OTRAS INSTITUCIONES Y AREAS ADMINISTRATIVAS PUBLICAS
X503;EXCESO DE ESFUERZO Y MOVIMIENTOS EXTENUANTES Y REPETITIVOS, AREAS DE DEPORTE Y ATLETISMO
X504;EXCESO DE ESFUERZO Y MOVIMIENTOS EXTENUANTES Y REPETITIVOS, CALLES Y CARRETERAS
X505;EXCESO DE ESFUERZO Y MOVIMIENTOS EXTENUANTES Y REPETITIVOS, COMERCIO Y AREA DE SERVICIOS
X506;EXCESO DE ESFUERZO Y MOVIMIENTOS EXTENUANTES Y REPETITIVOS, AREA INDUSTRIAL Y DE LA CONSTRUCCION
X507;EXCESO DE ESFUERZO Y MOVIMIENTOS EXTENUANTES Y REPETITIVOS, GRANJA
X508;EXCESO DE ESFUERZO Y MOVIMIENTOS EXTENUANTES Y REPETITIVOS, OTRO LUGAR ESPECIFICADO
X509;EXCESO DE ESFUERZO Y MOVIMIENTOS EXTENUANTES Y REPETITIVOS, LUGAR NO ESPECIFICADO
X51;VIAJES Y DESPLAZAMIENTOS
X510;VIAJES Y DESPLAZAMIENTOS, VIVIENDA
X511;VIAJES Y DESPLAZAMIENTOS, INSTITUCION RESIDENCIAL
X512;VIAJES Y DESPLAZAMIENTOS, ESCUELAS, OTRAS INSTITUCIONES Y AREAS ADMINISTRATIVAS PUBLICAS
X513;VIAJES Y DESPLAZAMIENTOS, AREAS DE DEPORTE Y ATLETISMO
X514;VIAJES Y DESPLAZAMIENTOS, CALLES Y CARRETERAS
X515;VIAJES Y DESPLAZAMIENTOS, COMERCIO Y AREA DE SERVICIOS
X516;VIAJES Y DESPLAZAMIENTOS, AREA INDUSTRIAL Y DE LA CONSTRUCCION
X517;VIAJES Y DESPLAZAMIENTOS, GRANJA
X518;VIAJES Y DESPLAZAMIENTOS, OTRO LUGAR ESPECIFICADO
X519;VIAJES Y DESPLAZAMIENTOS, LUGAR NO ESPECIFICADO
X52;PERMANENCIA PROLONGADA EN AMBIENTE SIN GRAVEDAD
X520;PERMANENCIA PROLONGADA EN AMBIENTE SIN GRAVEDAD, VIVIENDA
X521;PERMANENCIA PROLONGADA EN AMBIENTE SIN GRAVEDAD, INSTITUCION RESIDENCIAL
X522;PERMANENCIA PROLONGADA EN AMBIENTE SIN GRAVEDAD, ESCUELAS, OTRAS INSTITUCIONES Y AREAS ADMINISTRATIVAS PUBLICAS
X523;PERMANENCIA PROLONGADA EN AMBIENTE SIN GRAVEDAD, AREAS DE DEPORTE Y ATLETISMO
X524;PERMANENCIA PROLONGADA EN AMBIENTE SIN GRAVEDAD, CALLES Y CARRETERAS
X525;PERMANENCIA PROLONGADA EN AMBIENTE SIN GRAVEDAD, COMERCIO Y AREA DE SERVICIOS
X526;PERMANENCIA PROLONGADA EN AMBIENTE SIN GRAVEDAD, AREA INDUSTRIAL Y DE LA CONSTRUCCION
X527;PERMANENCIA PROLONGADA EN AMBIENTE SIN GRAVEDAD, GRANJA
X528;PERMANENCIA PROLONGADA EN AMBIENTE SIN GRAVEDAD, OTRO LUGAR ESPECIFICADO
X529;PERMANENCIA PROLONGADA EN AMBIENTE SIN GRAVEDAD, LUGAR NO ESPECIFICADO
X53;PRIVACION DE ALIMENTOS
X530;PRIVACION DE ALIMENTOS, VIVIENDA
X531;PRIVACION DE ALIMENTOS, INSTITUCION RESIDENCIAL
X532;PRIVACION DE ALIMENTOS, ESCUELAS, OTRAS INSTITUCIONES Y AREAS ADMINISTRATIVAS PUBLICAS
X533;PRIVACION DE ALIMENTOS, AREAS DE DEPORTE Y ATLETISMO
X534;PRIVACION DE ALIMENTOS, CALLES Y CARRETERAS
X535;PRIVACION DE ALIMENTOS, COMERCIO Y AREA DE SERVICIOS
X536;PRIVACION DE ALIMENTOS, AREA INDUSTRIAL Y DE LA CONSTRUCCION
X537;PRIVACION DE ALIMENTOS, GRANJA
X538;PRIVACION DE ALIMENTOS, OTRO LUGAR ESPECIFICADO
X539;PRIVACION DE ALIMENTOS, LUGAR NO ESPECIFICADO
X54;PRIVACION DE AGUA
X540;PRIVACION DE AGUA, VIVIENDA
X541;PRIVACION DE AGUA, INSTITUCION RESIDENCIAL
X542;PRIVACION DE AGUA, ESCUELAS, OTRAS INSTITUCIONES Y AREAS ADMINISTRATIVAS PUBLICAS
X543;PRIVACION DE AGUA, AREAS DE DEPORTE Y ATLETISMO
X544;PRIVACION DE AGUA, CALLES Y CARRETERAS
X545;PRIVACION DE AGUA, COMERCIO Y AREA DE SERVICIOS
X546;PRIVACION DE AGUA, AREA INDUSTRIAL Y DE LA CONSTRUCCION
X547;PRIVACION DE AGUA, GRANJA
X548;PRIVACION DE AGUA, OTRO LUGAR ESPECIFICADO
X549;PRIVACION DE AGUA, LUGAR NO ESPECIFICADO
X57;PRIVACION NO ESPECIFICADA
X570;PRIVACION NO ESPECIFICADA, VIVIENDA
X571;PRIVACION NO ESPECIFICADA, INSTITUCION RESIDENCIAL
X572;PRIVACION NO ESPECIFICADA, ESCUELAS, OTRAS INSTITUCIONES Y AREAS ADMINISTRATIVAS PUBLICAS
X573;PRIVACION NO ESPECIFICADA, AREAS DE DEPORTE Y ATLETISMO
X574;PRIVACION NO ESPECIFICADA, CALLES Y CARRETERAS
X575;PRIVACION NO ESPECIFICADA, COMERCIO Y AREA DE SERVICIOS
X576;PRIVACION NO ESPECIFICADA, AREA INDUSTRIAL Y DE LA CONSTRUCCION
X577;PRIVACION NO ESPECIFICADA, GRANJA
X578;PRIVACION NO ESPECIFICADA, OTRO LUGAR ESPECIFICADO
X579;PRIVACION NO ESPECIFICADA, LUGAR NO ESPECIFICADO
X58;EXPOSICION A OTROS FACTORES ESPECIFICADOS
X580;EXPOSICION A OTROS FACTORES ESPECIFICADOS, VIVIENDA
X581;EXPOSICION A OTROS FACTORES ESPECIFICADOS, INSTITUCION RESIDENCIAL
X582;EXPOSICION A OTROS FACTORES ESPECIFICADOS, ESCUELAS, OTRAS INSTITUCIONES Y AREAS ADMINISTRATIVAS PUBLICAS
X583;EXPOSICION A OTROS FACTORES ESPECIFICADOS, AREAS DE DEPORTE Y ATLETISMO
X584;EXPOSICION A OTROS FACTORES ESPECIFICADOS, CALLES Y CARRETERAS
X585;EXPOSICION A OTROS FACTORES ESPECIFICADOS, COMERCIO Y AREA DE SERVICIOS
X586;EXPOSICION A OTROS FACTORES ESPECIFICADOS, AREA INDUSTRIAL Y DE LA CONSTRUCCION
X587;EXPOSICION A OTROS FACTORES ESPECIFICADOS, GRANJA
X588;EXPOSICION A OTROS FACTORES ESPECIFICADOS, OTRO LUGAR ESPECIFICADO
X589;EXPOSICION A OTROS FACTORES ESPECIFICADOS, LUGAR NO ESPECIFICADO
X59;EXPOSICION A FACTORES NO ESPECIFICADOS
X590;EXPOSICION A FACTORES NO ESPECIFICADOS, QUE CAUSAN FRACTURA
X591;EXPOSICION A FACTORES NO ESPECIFICADOS, INSTITUCION RESIDENCIAL
X592;EXPOSICION A FACTORES NO ESPECIFICADOS, ESCUELAS, OTRAS INSTITUCIONES Y AREAS ADMINISTRATIVAS PUBLICAS
X593;EXPOSICION A FACTORES NO ESPECIFICADOS, AREAS DE DEPORTE Y ATLETISMO
X594;EXPOSICION A FACTORES NO ESPECIFICADOS, CALLES Y CARRETERAS
X595;EXPOSICION A FACTORES NO ESPECIFICADOS, COMERCIO Y AREA DE SERVICIOS
X596;EXPOSICION A FACTORES NO ESPECIFICADOS, AREA INDUSTRIAL Y DE LA CONSTRUCCION
X597;EXPOSICION A FACTORES NO ESPECIFICADOS, GRANJA
X598;EXPOSICION A FACTORES NO ESPECIFICADOS, OTRO LUGAR ESPECIFICADO
X599;EXPOSICION A FACTORES NO ESPECIFICADOS QUE CAUSAN OTRAS LESIONES Y LAS NO ESPECIFICADAS
X60;ENVENENAMIENTO AUTOINFLIGIDO INTENCIONALMENTE POR, Y EXPOSICION A ANALGESICOS NO NARCOTICOS, ANTIPIRETICOS Y ANTIRREUMATICOS
X600;ENVENENAMIENTO AUTOINFLIGIDO INTENCIONALMENTE POR, Y EXPOSICION A ANALGESICOS NO NARCOTICOS, ANTIPIRETICOS Y ANTIRREUMATICOS, VIVIENDA
X601;ENVENENAMIENTO AUTOINFLIGIDO INTENCIONALMENTE POR, Y EXPOSICION A ANALGESICOS NO NARCOTICOS, ANTIPIRETICOS Y ANTIRREUMATICOS, INSTITUCION RESIDENCIAL
X602;ENVENENAMIENTO AUTOINFLIGIDO INTENCIONALMENTE POR, Y EXPOSICION A ANALGESICOS NO NARCOTICOS, ANTIPIRETICOS Y ANTIRREUMATICOS, ESCUELAS, OTRAS INSTITUCIONES Y AREAS ADMINISTRATIVAS PUBLICAS
X603;ENVENENAMIENTO AUTOINFLIGIDO INTENCIONALMENTE POR, Y EXPOSICION A ANALGESICOS NO NARCOTICOS, ANTIPIRETICOS Y ANTIRREUMATICOS, AREAS DE DEPORTE Y ATLETISMO
X604;ENVENENAMIENTO AUTOINFLIGIDO INTENCIONALMENTE POR, Y EXPOSICION A ANALGESICOS NO NARCOTICOS, ANTIPIRETICOS Y ANTIRREUMATICOS, CALLES Y CARRETERAS
X605;ENVENENAMIENTO AUTOINFLIGIDO INTENCIONALMENTE POR, Y EXPOSICION A ANALGESICOS NO NARCOTICOS, ANTIPIRETICOS Y ANTIRREUMATICOS, COMERCIO Y AREA DE SERVICIOS
X606;ENVENENAMIENTO AUTOINFLIGIDO INTENCIONALMENTE POR, Y EXPOSICION A ANALGESICOS NO NARCOTICOS, ANTIPIRETICOS Y ANTIRREUMATICOS, AREA INDUSTRIAL Y DE LA CONSTRUCCION
X607;ENVENENAMIENTO AUTOINFLIGIDO INTENCIONALMENTE POR, Y EXPOSICION A ANALGESICOS NO NARCOTICOS, ANTIPIRETICOS Y ANTIRREUMATICOS, GRANJA
X608;ENVENENAMIENTO AUTOINFLIGIDO INTENCIONALMENTE POR, Y EXPOSICION A ANALGESICOS NO NARCOTICOS, ANTIPIRETICOS Y ANTIRREUMATICOS, OTRO LUGAR ESPECIFICADO
X609;ENVENENAMIENTO AUTOINFLIGIDO INTENCIONALMENTE POR, Y EXPOSICION A ANALGESICOS NO NARCOTICOS, ANTIPIRETICOS Y ANTIRREUMATICOS, LUGAR NO ESPECIFICADO
X61;ENVENENAMIENTO AUTOINFLIGIDO INTENCIONALMENTE POR, Y EXPOSICION A DROGAS ANTIEPILEPTICAS, SEDANTES, HIPNOTICAS, ANTIPARKINSONIANAS Y PSICOTROPICAS, NO CLASIFICADAS EN OTRA PARTE
X610;ENVENENAMIENTO AUTOINFLIGIDO INTENCIONALMENTE POR, Y EXPOSICION A DROGAS ANTIEPILEPTICAS, SEDANTES, HIPNOTICAS, ANTIPARKINSONIANAS Y PSICOTROPICAS, NO CLASIFICADAS EN OTRA PARTE, VIVIENDA
X611;ENVENENAMIENTO AUTOINFLIGIDO INTENCIONALMENTE POR, Y EXPOSICION A DROGAS ANTIEPILEPTICAS, SEDANTES, HIPNOTICAS, ANTIPARKINSONIANAS Y PSICOTROPICAS, NO CLASIFICADAS EN OTRA PARTE, INSTITUCION RESIDENCIAL
X612;ENVENENAMIENTO AUTOINFLIGIDO INTENCIONALMENTE POR, Y EXPOSICION A DROGAS ANTIEPILEPTICAS, SEDANTES, HIPNOTICAS, ANTIPARKINSONIANAS Y PSICOTROPICAS, NO CLASIFICADAS EN OTRA PARTE, ESCUELAS, OTRAS INSTITUCIONES Y AREAS ADMINISTRATIVAS PUBLICAS
X613;ENVENENAMIENTO AUTOINFLIGIDO INTENCIONALMENTE POR, Y EXPOSICION A DROGAS ANTIEPILEPTICAS, SEDANTES, HIPNOTICAS, ANTIPARKINSONIANAS Y PSICOTROPICAS, NO CLASIFICADAS EN OTRA PARTE, AREAS DE DEPORTE Y ATLETISMO
X614;ENVENENAMIENTO AUTOINFLIGIDO INTENCIONALMENTE POR, Y EXPOSICION A DROGAS ANTIEPILEPTICAS, SEDANTES, HIPNOTICAS, ANTIPARKINSONIANAS Y PSICOTROPICAS, NO CLASIFICADAS EN OTRA PARTE, CALLES Y CARRETERAS
X615;ENVENENAMIENTO AUTOINFLIGIDO INTENCIONALMENTE POR, Y EXPOSICION A DROGAS ANTIEPILEPTICAS, SEDANTES, HIPNOTICAS, ANTIPARKINSONIANAS Y PSICOTROPICAS, NO CLASIFICADAS EN OTRA PARTE, COMERCIO Y AREA DE SERVICIOS
X616;ENVENENAMIENTO AUTOINFLIGIDO INTENCIONALMENTE POR, Y EXPOSICION A DROGAS ANTIEPILEPTICAS, SEDANTES, HIPNOTICAS, ANTIPARKINSONIANAS Y PSICOTROPICAS, NO CLASIFICADAS EN OTRA PARTE, AREA INDUSTRIAL Y DE LA CONSTRUCCION
X617;ENVENENAMIENTO AUTOINFLIGIDO INTENCIONALMENTE POR, Y EXPOSICION A DROGAS ANTIEPILEPTICAS, SEDANTES, HIPNOTICAS, ANTIPARKINSONIANAS Y PSICOTROPICAS, NO CLASIFICADAS EN OTRA PARTE, GRANJA
X618;ENVENENAMIENTO AUTOINFLIGIDO INTENCIONALMENTE POR, Y EXPOSICION A DROGAS ANTIEPILEPTICAS, SEDANTES, HIPNOTICAS, ANTIPARKINSONIANAS Y PSICOTROPICAS, NO CLASIFICADAS EN OTRA PARTE, OTRO LUGAR ESPECIFICADO
X619;ENVENENAMIENTO AUTOINFLIGIDO INTENCIONALMENTE POR, Y EXPOSICION A DROGAS ANTIEPILEPTICAS, SEDANTES, HIPNOTICAS, ANTIPARKINSONIANAS Y PSICOTROPICAS, NO CLASIFICADAS EN OTRA PARTE, LUGAR NO ESPECIFICADO
X62;ENVENENAMIENTO AUTOINFLIGIDO INTENCIONALMENTE POR, Y EXPOSICION A NARCOTICOS Y PSICODISLEPTICOS [ALUCINOGENOS], NO CLASIFICADOS EN OTRA PARTE
X620;ENVENENAMIENTO AUTOINFLIGIDO INTENCIONALMENTE POR, Y EXPOSICION A NARCOTICOS Y PSICODISLEPTICOS [ALUCINOGENOS], NO CLASIFICADOS EN OTRA PARTE, VIVIENDA
X621;ENVENENAMIENTO AUTOINFLIGIDO INTENCIONALMENTE POR, Y EXPOSICION A NARCOTICOS Y PSICODISLEPTICOS [ALUCINOGENOS], NO CLASIFICADOS EN OTRA PARTE, INSTITUCION RESIDENCIAL
X622;ENVENENAMIENTO AUTOINFLIGIDO INTENCIONALMENTE POR, Y EXPOSICION A NARCOTICOS Y PSICODISLEPTICOS [ALUCINOGENOS], NO CLASIFICADOS EN OTRA PARTE, ESCUELAS, OTRAS INSTITUCIONES Y AREAS ADMINISTRATIVAS PUBLICAS
X623;ENVENENAMIENTO AUTOINFLIGIDO INTENCIONALMENTE POR, Y EXPOSICION A NARCOTICOS Y PSICODISLEPTICOS [ALUCINOGENOS], NO CLASIFICADOS EN OTRA PARTE, AREAS DE DEPORTE Y ATLETISMO
X624;ENVENENAMIENTO AUTOINFLIGIDO INTENCIONALMENTE POR, Y EXPOSICION A NARCOTICOS Y PSICODISLEPTICOS [ALUCINOGENOS], NO CLASIFICADOS EN OTRA PARTE, CALLES Y CARRETERAS
X625;ENVENENAMIENTO AUTOINFLIGIDO INTENCIONALMENTE POR, Y EXPOSICION A NARCOTICOS Y PSICODISLEPTICOS [ALUCINOGENOS], NO CLASIFICADOS EN OTRA PARTE, COMERCIO Y AREA DE SERVICIOS
X626;ENVENENAMIENTO AUTOINFLIGIDO INTENCIONALMENTE POR, Y EXPOSICION A NARCOTICOS Y PSICODISLEPTICOS [ALUCINOGENOS], NO CLASIFICADOS EN OTRA PARTE, AREA INDUSTRIAL Y DE LA CONSTRUCCION
X627;ENVENENAMIENTO AUTOINFLIGIDO INTENCIONALMENTE POR, Y EXPOSICION A NARCOTICOS Y PSICODISLEPTICOS [ALUCINOGENOS], NO CLASIFICADOS EN OTRA PARTE, GRANJA
X628;ENVENENAMIENTO AUTOINFLIGIDO INTENCIONALMENTE POR, Y EXPOSICION A NARCOTICOS Y PSICODISLEPTICOS [ALUCINOGENOS], NO CLASIFICADOS EN OTRA PARTE, OTRO LUGAR ESPECIFICADO
X629;ENVENENAMIENTO AUTOINFLIGIDO INTENCIONALMENTE POR, Y EXPOSICION A NARCOTICOS Y PSICODISLEPTICOS [ALUCINOGENOS], NO CLASIFICADOS EN OTRA PARTE, LUGAR NO ESPECIFICADO
X63;ENVENENAMIENTO AUTOINFLIGIDO INTENCIONALMENTE POR, Y EXPOSICION A OTRAS DROGAS QUE ACTUAN SOBRE EL SISTEMA NERVIOSO AUTONOMO
X630;ENVENENAMIENTO AUTOINFLIGIDO INTENCIONALMENTE POR, Y EXPOSICION A OTRAS DROGAS QUE ACTUAN SOBRE EL SISTEMA NERVIOSO AUTONOMO, VIVIENDA
X631;ENVENENAMIENTO AUTOINFLIGIDO INTENCIONALMENTE POR, Y EXPOSICION A OTRAS DROGAS QUE ACTUAN SOBRE EL SISTEMA NERVIOSO AUTONOMO, INSTITUCION RESIDENCIAL
X632;ENVENENAMIENTO AUTOINFLIGIDO INTENCIONALMENTE POR, Y EXPOSICION A OTRAS DROGAS QUE ACTUAN SOBRE EL SISTEMA NERVIOSO AUTONOMO, ESCUELAS, OTRAS INSTITUCIONES Y AREAS ADMINISTRATIVAS PUBLICAS
X633;ENVENENAMIENTO AUTOINFLIGIDO INTENCIONALMENTE POR, Y EXPOSICION A OTRAS DROGAS QUE ACTUAN SOBRE EL SISTEMA NERVIOSO AUTONOMO, AREAS DE DEPORTE Y ATLETISMO
X634;ENVENENAMIENTO AUTOINFLIGIDO INTENCIONALMENTE POR, Y EXPOSICION A OTRAS DROGAS QUE ACTUAN SOBRE EL SISTEMA NERVIOSO AUTONOMO, CALLES Y CARRETERAS
X635;ENVENENAMIENTO AUTOINFLIGIDO INTENCIONALMENTE POR, Y EXPOSICION A OTRAS DROGAS QUE ACTUAN SOBRE EL SISTEMA NERVIOSO AUTONOMO, COMERCIO Y AREA DE SERVICIOS
X636;ENVENENAMIENTO AUTOINFLIGIDO INTENCIONALMENTE POR, Y EXPOSICION A OTRAS DROGAS QUE ACTUAN SOBRE EL SISTEMA NERVIOSO AUTONOMO, AREA INDUSTRIAL Y DE LA CONSTRUCCION
X637;ENVENENAMIENTO AUTOINFLIGIDO INTENCIONALMENTE POR, Y EXPOSICION A OTRAS DROGAS QUE ACTUAN SOBRE EL SISTEMA NERVIOSO AUTONOMO, GRANJA
X638;ENVENENAMIENTO AUTOINFLIGIDO INTENCIONALMENTE POR, Y EXPOSICION A OTRAS DROGAS QUE ACTUAN SOBRE EL SISTEMA NERVIOSO AUTONOMO, OTRO LUGAR ESPECIFICADO
X639;ENVENENAMIENTO AUTOINFLIGIDO INTENCIONALMENTE POR, Y EXPOSICION A OTRAS DROGAS QUE ACTUAN SOBRE EL SISTEMA NERVIOSO AUTONOMO, LUGAR NO ESPECIFICADO
X64;ENVENENAMIENTO AUTOINFLIGIDO INTENCIONALMENTE POR, Y EXPOSICION A OTRAS DROGAS, MEDICAMENTOS Y SUSTANCIAS BIOLOGICAS, Y LOS NO ESPECIFICADOS
X640;ENVENENAMIENTO AUTOINFLIGIDO INTENCIONALMENTE POR, Y EXPOSICION A OTRAS DROGAS, MEDICAMENTOS Y SUSTANCIAS BIOLOGICAS, Y LOS NO ESPECIFICADOS, VIVIENDA
X641;ENVENENAMIENTO AUTOINFLIGIDO INTENCIONALMENTE POR, Y EXPOSICION A OTRAS DROGAS, MEDICAMENTOS Y SUSTANCIAS BIOLOGICAS, Y LOS NO ESPECIFICADOS, INSTITUCION RESIDENCIAL
X642;ENVENENAMIENTO AUTOINFLIGIDO INTENCIONALMENTE POR, Y EXPOSICION A OTRAS DROGAS, MEDICAMENTOS Y SUSTANCIAS BIOLOGICAS, Y LOS NO ESPECIFICADOS, ESCUELAS, OTRAS INSTITUCIONES Y AREAS ADMINISTRATIVAS PUBLICAS
X643;ENVENENAMIENTO AUTOINFLIGIDO INTENCIONALMENTE POR, Y EXPOSICION A OTRAS DROGAS, MEDICAMENTOS Y SUSTANCIAS BIOLOGICAS, Y LOS NO ESPECIFICADOS, AREAS DE DEPORTE Y ATLETISMO
X644;ENVENENAMIENTO AUTOINFLIGIDO INTENCIONALMENTE POR, Y EXPOSICION A OTRAS DROGAS, MEDICAMENTOS Y SUSTANCIAS BIOLOGICAS, Y LOS NO ESPECIFICADOS, CALLES Y CARRETERAS
X645;ENVENENAMIENTO AUTOINFLIGIDO INTENCIONALMENTE POR, Y EXPOSICION A OTRAS DROGAS, MEDICAMENTOS Y SUSTANCIAS BIOLOGICAS, Y LOS NO ESPECIFICADOS, COMERCIO Y AREA DE SERVICIOS
X646;ENVENENAMIENTO AUTOINFLIGIDO INTENCIONALMENTE POR, Y EXPOSICION A OTRAS DROGAS, MEDICAMENTOS Y SUSTANCIAS BIOLOGICAS, Y LOS NO ESPECIFICADOS, AREA INDUSTRIAL Y DE LA CONSTRUCCION
X647;ENVENENAMIENTO AUTOINFLIGIDO INTENCIONALMENTE POR, Y EXPOSICION A OTRAS DROGAS, MEDICAMENTOS Y SUSTANCIAS BIOLOGICAS, Y LOS NO ESPECIFICADOS, GRANJA
X648;ENVENENAMIENTO AUTOINFLIGIDO INTENCIONALMENTE POR, Y EXPOSICION A OTRAS DROGAS, MEDICAMENTOS Y SUSTANCIAS BIOLOGICAS, Y LOS NO ESPECIFICADOS, OTRO LUGAR ESPECIFICADO
X649;ENVENENAMIENTO AUTOINFLIGIDO INTENCIONALMENTE POR, Y EXPOSICION A OTRAS DROGAS, MEDICAMENTOS Y SUSTANCIAS BIOLOGICAS, Y LOS NO ESPECIFICADOS, LUGAR NO ESPECIFICADO
X65;ENVENENAMIENTO AUTOINFLIGIDO INTENCIONALMENTE POR, Y EXPOSICION AL ALCOHOL
X650;ENVENENAMIENTO AUTOINFLIGIDO INTENCIONALMENTE POR, Y EXPOSICION AL ALCOHOL, VIVIENDA
X651;ENVENENAMIENTO AUTOINFLIGIDO INTENCIONALMENTE POR, Y EXPOSICION AL ALCOHOL, INSTITUCION RESIDENCIAL
X652;ENVENENAMIENTO AUTOINFLIGIDO INTENCIONALMENTE POR, Y EXPOSICION AL ALCOHOL, ESCUELAS, OTRAS INSTITUCIONES Y AREAS ADMINISTRATIVAS PUBLICAS
X653;ENVENENAMIENTO AUTOINFLIGIDO INTENCIONALMENTE POR, Y EXPOSICION AL ALCOHOL, AREAS DE DEPORTE Y ATLETISMO
X654;ENVENENAMIENTO AUTOINFLIGIDO INTENCIONALMENTE POR, Y EXPOSICION AL ALCOHOL, CALLES Y CARRETERAS
X655;ENVENENAMIENTO AUTOINFLIGIDO INTENCIONALMENTE POR, Y EXPOSICION AL ALCOHOL, COMERCIO Y AREA DE SERVICIOS
X656;ENVENENAMIENTO AUTOINFLIGIDO INTENCIONALMENTE POR, Y EXPOSICION AL ALCOHOL, AREA INDUSTRIAL Y DE LA CONSTRUCCION
X657;ENVENENAMIENTO AUTOINFLIGIDO INTENCIONALMENTE POR, Y EXPOSICION AL ALCOHOL, GRANJA
X658;ENVENENAMIENTO AUTOINFLIGIDO INTENCIONALMENTE POR, Y EXPOSICION AL ALCOHOL, OTRO LUGAR ESPECIFICADO
X659;ENVENENAMIENTO AUTOINFLIGIDO INTENCIONALMENTE POR, Y EXPOSICION AL ALCOHOL, LUGAR NO ESPECIFICADO
X66;ENVENENAMIENTO AUTOINFLIGIDO INTENCIONALMENTE POR, Y EXPOSICION A DISOLVENTES ORGANICOS E HIDROCARBUROS HALOGENADOS Y SUS VAPORES
X660;ENVENENAMIENTO AUTOINFLIGIDO INTENCIONALMENTE POR, Y EXPOSICION A DISOLVENTES ORGANICOS E HIDROCARBUROS HALOGENADOS Y SUS VAPORES, VIVIENDA
X661;ENVENENAMIENTO AUTOINFLIGIDO INTENCIONALMENTE POR, Y EXPOSICION A DISOLVENTES ORGANICOS E HIDROCARBUROS HALOGENADOS Y SUS VAPORES, INSTITUCION RESIDENCIAL
X662;ENVENENAMIENTO AUTOINFLIGIDO INTENCIONALMENTE POR, Y EXPOSICION A DISOLVENTES ORGANICOS E HIDROCARBUROS HALOGENADOS Y SUS VAPORES, ESCUELAS, OTRAS INSTITUCIONES Y AREAS ADMINISTRATIVAS PUBLICAS
X663;ENVENENAMIENTO AUTOINFLIGIDO INTENCIONALMENTE POR, Y EXPOSICION A DISOLVENTES ORGANICOS E HIDROCARBUROS HALOGENADOS Y SUS VAPORES, AREAS DE DEPORTE Y ATLETISMO
X664;ENVENENAMIENTO AUTOINFLIGIDO INTENCIONALMENTE POR, Y EXPOSICION A DISOLVENTES ORGANICOS E HIDROCARBUROS HALOGENADOS Y SUS VAPORES, CALLES Y CARRETERAS
X665;ENVENENAMIENTO AUTOINFLIGIDO INTENCIONALMENTE POR, Y EXPOSICION A DISOLVENTES ORGANICOS E HIDROCARBUROS HALOGENADOS Y SUS VAPORES, COMERCIO Y AREA DE SERVICIOS
X666;ENVENENAMIENTO AUTOINFLIGIDO INTENCIONALMENTE POR, Y EXPOSICION A DISOLVENTES ORGANICOS E HIDROCARBUROS HALOGENADOS Y SUS VAPORES, AREA INDUSTRIAL Y DE LA CONSTRUCCION
X667;ENVENENAMIENTO AUTOINFLIGIDO INTENCIONALMENTE POR, Y EXPOSICION A DISOLVENTES ORGANICOS E HIDROCARBUROS HALOGENADOS Y SUS VAPORES, GRANJA
X668;ENVENENAMIENTO AUTOINFLIGIDO INTENCIONALMENTE POR, Y EXPOSICION A DISOLVENTES ORGANICOS E HIDROCARBUROS HALOGENADOS Y SUS VAPORES, OTRO LUGAR ESPECIFICADO
X669;ENVENENAMIENTO AUTOINFLIGIDO INTENCIONALMENTE POR, Y EXPOSICION A DISOLVENTES ORGANICOS E HIDROCARBUROS HALOGENADOS Y SUS VAPORES, LUGAR NO ESPECIFICADO
X67;ENVENENAMIENTO AUTOINFLIGIDO INTENCIONALMENTE POR, Y EXPOSICION A OTROS GASES Y VAPORES
X670;ENVENENAMIENTO AUTOINFLIGIDO INTENCIONALMENTE POR, Y EXPOSICION A OTROS GASES Y VAPORES, VIVIENDA
X671;ENVENENAMIENTO AUTOINFLIGIDO INTENCIONALMENTE POR, Y EXPOSICION A OTROS GASES Y VAPORES, INSTITUCION RESIDENCIAL
X672;ENVENENAMIENTO AUTOINFLIGIDO INTENCIONALMENTE POR, Y EXPOSICION A OTROS GASES Y VAPORES, ESCUELAS, OTRAS INSTITUCIONES Y AREAS ADMINISTRATIVAS PUBLICAS
X673;ENVENENAMIENTO AUTOINFLIGIDO INTENCIONALMENTE POR, Y EXPOSICION A OTROS GASES Y VAPORES, AREAS DE DEPORTE Y ATLETISMO
X674;ENVENENAMIENTO AUTOINFLIGIDO INTENCIONALMENTE POR, Y EXPOSICION A OTROS GASES Y VAPORES, CALLES Y CARRETERAS
X675;ENVENENAMIENTO AUTOINFLIGIDO INTENCIONALMENTE POR, Y EXPOSICION A OTROS GASES Y VAPORES, COMERCIO Y AREA DE SERVICIOS
X676;ENVENENAMIENTO AUTOINFLIGIDO INTENCIONALMENTE POR, Y EXPOSICION A OTROS GASES Y VAPORES, AREA INDUSTRIAL Y DE LA CONSTRUCCION
X677;ENVENENAMIENTO AUTOINFLIGIDO INTENCIONALMENTE POR, Y EXPOSICION A OTROS GASES Y VAPORES, GRANJA
X678;ENVENENAMIENTO AUTOINFLIGIDO INTENCIONALMENTE POR, Y EXPOSICION A OTROS GASES Y VAPORES, OTRO LUGAR ESPECIFICADO
X679;ENVENENAMIENTO AUTOINFLIGIDO INTENCIONALMENTE POR, Y EXPOSICION A OTROS GASES Y VAPORES, LUGAR NO ESPECIFICADO
X68;ENVENENAMIENTO AUTOINFLIGIDO INTENCIONALMENTE POR, Y EXPOSICION A PLAGUICIDAS
X680;ENVENENAMIENTO AUTOINFLIGIDO INTENCIONALMENTE POR, Y EXPOSICION A PLAGUICIDAS, VIVIENDA
X681;ENVENENAMIENTO AUTOINFLIGIDO INTENCIONALMENTE POR, Y EXPOSICION A PLAGUICIDAS, INSTITUCION RESIDENCIAL
X682;ENVENENAMIENTO AUTOINFLIGIDO INTENCIONALMENTE POR, Y EXPOSICION A PLAGUICIDAS, ESCUELAS, OTRAS INSTITUCIONES Y AREAS ADMINISTRATIVAS PUBLICAS
X683;ENVENENAMIENTO AUTOINFLIGIDO INTENCIONALMENTE POR, Y EXPOSICION A PLAGUICIDAS, AREAS DE DEPORTE Y ATLETISMO
X684;ENVENENAMIENTO AUTOINFLIGIDO INTENCIONALMENTE POR, Y EXPOSICION A PLAGUICIDAS, CALLES Y CARRETERAS
X685;ENVENENAMIENTO AUTOINFLIGIDO INTENCIONALMENTE POR, Y EXPOSICION A PLAGUICIDAS, COMERCIO Y AREA DE SERVICIOS
X686;ENVENENAMIENTO AUTOINFLIGIDO INTENCIONALMENTE POR, Y EXPOSICION A PLAGUICIDAS, AREA INDUSTRIAL Y DE LA CONSTRUCCION
X687;ENVENENAMIENTO AUTOINFLIGIDO INTENCIONALMENTE POR, Y EXPOSICION A PLAGUICIDAS, GRANJA
X688;ENVENENAMIENTO AUTOINFLIGIDO INTENCIONALMENTE POR, Y EXPOSICION A PLAGUICIDAS, OTRO LUGAR ESPECIFICADO
X689;ENVENENAMIENTO AUTOINFLIGIDO INTENCIONALMENTE POR, Y EXPOSICION A PLAGUICIDAS, LUGAR NO ESPECIFICADO
X69;ENVENENAMIENTO AUTOINFLIGIDO INTENCIONALMENTE POR, Y EXPOSICION A OTROS PRODUCTOS QUIMICOS Y SUSTANCIAS NOCIVAS, Y LOS NO ESPECIFICADOS
X690;ENVENENAMIENTO AUTOINFLIGIDO INTENCIONALMENTE POR, Y EXPOSICION A OTROS PRODUCTOS QUIMICOS Y SUSTANCIAS NOCIVAS, Y LOS NO ESPECIFICADOS, VIVIENDA
X691;ENVENENAMIENTO AUTOINFLIGIDO INTENCIONALMENTE POR, Y EXPOSICION A OTROS PRODUCTOS QUIMICOS Y SUSTANCIAS NOCIVAS, Y LOS NO ESPECIFICADOS, INSTITUCION RESIDENCIAL
X692;ENVENENAMIENTO AUTOINFLIGIDO INTENCIONALMENTE POR, Y EXPOSICION A OTROS PRODUCTOS QUIMICOS Y SUSTANCIAS NOCIVAS, Y LOS NO ESPECIFICADOS, ESCUELAS, OTRAS INSTITUCIONES Y AREAS ADMINISTRATIVAS PUBLICAS
X693;ENVENENAMIENTO AUTOINFLIGIDO INTENCIONALMENTE POR, Y EXPOSICION A OTROS PRODUCTOS QUIMICOS Y SUSTANCIAS NOCIVAS, Y LOS NO ESPECIFICADOS, AREAS DE DEPORTE Y ATLETISMO
X694;ENVENENAMIENTO AUTOINFLIGIDO INTENCIONALMENTE POR, Y EXPOSICION A OTROS PRODUCTOS QUIMICOS Y SUSTANCIAS NOCIVAS, Y LOS NO ESPECIFICADOS, CALLES Y CARRETERAS
X695;ENVENENAMIENTO AUTOINFLIGIDO INTENCIONALMENTE POR, Y EXPOSICION A OTROS PRODUCTOS QUIMICOS Y SUSTANCIAS NOCIVAS, Y LOS NO ESPECIFICADOS, COMERCIO Y AREA DE SERVICIOS
X696;ENVENENAMIENTO AUTOINFLIGIDO INTENCIONALMENTE POR, Y EXPOSICION A OTROS PRODUCTOS QUIMICOS Y SUSTANCIAS NOCIVAS, Y LOS NO ESPECIFICADOS, AREA INDUSTRIAL Y DE LA CONSTRUCCION
X697;ENVENENAMIENTO AUTOINFLIGIDO INTENCIONALMENTE POR, Y EXPOSICION A OTROS PRODUCTOS QUIMICOS Y SUSTANCIAS NOCIVAS, Y LOS NO ESPECIFICADOS, GRANJA
X698;ENVENENAMIENTO AUTOINFLIGIDO INTENCIONALMENTE POR, Y EXPOSICION A OTROS PRODUCTOS QUIMICOS Y SUSTANCIAS NOCIVAS, Y LOS NO ESPECIFICADOS, OTRO LUGAR ESPECIFICADO
X699;ENVENENAMIENTO AUTOINFLIGIDO INTENCIONALMENTE POR, Y EXPOSICION A OTROS PRODUCTOS QUIMICOS Y SUSTANCIAS NOCIVAS, Y LOS NO ESPECIFICADOS, LUGAR NO ESPECIFICADO
X70;LESION AUTOINFLIGIDA INTENCIONALMENTE POR AHORCAMIENTO, ESTRANGULAMIENTO O SOFOCACION
X700;LESION AUTOINFLIGIDA INTENCIONALMENTE POR AHORCAMIENTO, ESTRANGULAMIENTO O SOFOCACION VIVIENDA
X701;LESION AUTOINFLIGIDA INTENCIONALMENTE POR AHORCAMIENTO, ESTRANGULAMIENTO O SOFOCACION, INSTITUCION RESIDENCIAL
X702;LESION AUTOINFLIGIDA INTENCIONALMENTE POR AHORCAMIENTO, ESTRANGULAMIENTO O SOFOCACION, ESCUELAS, OTRAS INSTITUCIONES Y AREAS ADMINISTRATIVAS PUBLICAS
X703;LESION AUTOINFLIGIDA INTENCIONALMENTE POR AHORCAMIENTO, ESTRANGULAMIENTO O SOFOCACION, AREAS DE DEPORTE Y ATLETISMO
X704;LESION AUTOINFLIGIDA INTENCIONALMENTE POR AHORCAMIENTO, ESTRANGULAMIENTO O SOFOCACION, CALLES Y CARRETERAS
X705;LESION AUTOINFLIGIDA INTENCIONALMENTE POR AHORCAMIENTO, ESTRANGULAMIENTO O SOFOCACION, COMERCIO Y AREA DE SERVICIOS
X706;LESION AUTOINFLIGIDA INTENCIONALMENTE POR AHORCAMIENTO, ESTRANGULAMIENTO O SOFOCACION, AREA INDUSTRIAL Y DE LA CONSTRUCCION
X707;LESION AUTOINFLIGIDA INTENCIONALMENTE POR AHORCAMIENTO, ESTRANGULAMIENTO O SOFOCACION, GRANJA
X708;LESION AUTOINFLIGIDA INTENCIONALMENTE POR AHORCAMIENTO, ESTRANGULAMIENTO O SOFOCACION, OTRO LUGAR ESPECIFICADO
X709;LESION AUTOINFLIGIDA INTENCIONALMENTE POR AHORCAMIENTO, ESTRANGULAMIENTO O SOFOCACION, LUGAR NO ESPECIFICADO
X71;LESION AUTOINFLIGIDA INTENCIONALMENTE POR AHOGAMIENTO Y SUMERSION
X710;LESION AUTOINFLIGIDA INTENCIONALMENTE POR AHOGAMIENTO, Y SUMERSION, VIVIENDA
X711;LESION AUTOINFLIGIDA INTENCIONALMENTE POR AHOGAMIENTO, Y SUMERSION, INSTITUCION RESIDENCIAL
X712;LESION AUTOINFLIGIDA INTENCIONALMENTE POR AHOGAMIENTO, Y SUMERSION, ESCUELAS, OTRAS INSTITUCIONES Y AREAS ADMINISTRATIVAS PUBLICAS
X713;LESION AUTOINFLIGIDA INTENCIONALMENTE POR AHOGAMIENTO, Y SUMERSION, AREAS DE DEPORTE Y ATLETISMO
X714;LESION AUTOINFLIGIDA INTENCIONALMENTE POR AHOGAMIENTO, Y SUMERSION, CALLES Y CARRETERAS
X715;LESION AUTOINFLIGIDA INTENCIONALMENTE POR AHOGAMIENTO, Y SUMERSION, COMERCIO Y AREA DE SERVICIOS
X716;LESION AUTOINFLIGIDA INTENCIONALMENTE POR AHOGAMIENTO Y SUMERSION, AREA INDUSTRIAL Y DE LA CONSTRUCCION
X717;LESION AUTOINFLIGIDA INTENCIONALMENTE POR AHOGAMIENTO Y SUMERSION, GRANJA
X718;LESION AUTOINFLIGIDA INTENCIONALMENTE POR AHOGAMIENTO Y SUMERSION, OTRO LUGAR ESPECIFICADO
X719;LESION AUTOINFLIGIDA INTENCIONALMENTE POR AHOGAMIENTO Y SUMERSION, LUGAR NO ESPECIFICADO
X72;LESION AUTOINFLIGIDA INTENCIONALMENTE POR DISPARO DE ARMA CORTA
X720;LESION AUTOINFLIGIDA INTENCIONALMENTE POR DISPARO DE ARMA CORTA, VIVIENDA
X721;LESION AUTOINFLIGIDA INTENCIONALMENTE POR DISPARO DE ARMA CORTA, INSTITUCION RESIDENCIAL
X722;LESION AUTOINFLIGIDA INTENCIONALMENTE POR DISPARO DE ARMA CORTA, ESCUELAS, OTRAS INSTITUCIONES Y AREAS ADMINISTRATIVAS PUBLICAS
X723;LESION AUTOINFLIGIDA INTENCIONALMENTE POR DISPARO DE ARMA CORTA, AREAS DE DEPORTE Y ATLETISMO
X724;LESION AUTOINFLIGIDA INTENCIONALMENTE POR DISPARO DE ARMA CORTA, CALLES Y CARRETERAS
X725;LESION AUTOINFLIGIDA INTENCIONALMENTE POR DISPARO DE ARMA CORTA, COMERCIO Y AREA DE SERVICIOS
X726;LESION AUTOINFLIGIDA INTENCIONALMENTE POR DISPARO DE ARMA CORTA, AREA INDUSTRIAL Y DE LA CONSTRUCCION
X727;LESION AUTOINFLIGIDA INTENCIONALMENTE POR DISPARO DE ARMA CORTA, GRANJA
X728;LESION AUTOINFLIGIDA INTENCIONALMENTE POR DISPARO DE ARMA CORTA, OTRO LUGAR ESPECIFICADO
X729;LESION AUTOINFLIGIDA INTENCIONALMENTE POR DISPARO DE ARMA CORTA, LUGAR NO ESPECIFICADO
X73;LESION AUTOINFLIGIDA INTENCIONALMENTE POR DISPARO DE RIFLE, ESCOPETA Y ARMA LARGA
X730;LESION AUTOINFLIGIDA INTENCIONALMENTE POR DISPARO DE RIFLE, ESCOPETA Y ARMA LARGA, VIVIENDA
X731;LESION AUTOINFLIGIDA INTENCIONALMENTE POR DISPARO DE RIFLE, ESCOPETA Y ARMA LARGA, INSTITUCION RESIDENCIAL
X732;LESION AUTOINFLIGIDA INTENCIONALMENTE POR DISPARO DE RIFLE, ESCOPETA Y ARMA LARGA, ESCUELAS, OTRAS INSTITUCIONES Y AREAS ADMINISTRATIVAS PUBLICAS
X733;LESION AUTOINFLIGIDA INTENCIONALMENTE POR DISPARO DE RIFLE, ESCOPETA Y ARMA LARGA, AREAS DE DEPORTE Y ATLETISMO
X734;LESION AUTOINFLIGIDA INTENCIONALMENTE POR DISPARO DE RIFLE, ESCOPETA Y ARMA LARGA, CALLES Y CARRETERAS
X735;LESION AUTOINFLIGIDA INTENCIONALMENTE POR DISPARO DE RIFLE, ESCOPETA Y ARMA LARGA, COMERCIO Y AREA DE SERVICIOS
X736;LESION AUTOINFLIGIDA INTENCIONALMENTE POR DISPARO DE RIFLE, ESCOPETA Y ARMA LARGA, AREA INDUSTRIAL Y DE LA CONSTRUCCION
X737;LESION AUTOINFLIGIDA INTENCIONALMENTE POR DISPARO DE RIFLE, ESCOPETA Y ARMA LARGA, GRANJA
X738;LESION AUTOINFLIGIDA INTENCIONALMENTE POR DISPARO DE RIFLE, ESCOPETA Y ARMA LARGA, OTRO LUGAR ESPECIFICADO
X739;LESION AUTOINFLIGIDA INTENCIONALMENTE POR DISPARO DE RIFLE, ESCOPETA Y ARMA LARGA, LUGAR NO ESPECIFICADO
X74;LESION AUTOINFLIGIDA INTENCIONALMENTE POR DISPARO DE OTRAS ARMAS DE FUEGO, Y LAS NO ESPECIFICADAS
X740;LESION AUTOINFLIGIDA INTENCIONALMENTE POR DISPARO DE OTRAS ARMAS DE FUEGO, Y LAS NO ESPECIFICADAS, VIVIENDA
X741;LESION AUTOINFLIGIDA INTENCIONALMENTE POR DISPARO DE OTRAS ARMAS DE FUEGO, Y LAS NO ESPECIFICADAS, INSTITUCION RESIDENCIAL
X742;LESION AUTOINFLIGIDA INTENCIONALMENTE POR DISPARO DE OTRAS ARMAS DE FUEGO, Y LAS NO ESPECIFICADAS, ESCUELAS, OTRAS INSTITUCIONES Y AREAS ADMINISTRATIVAS PUBLICAS
X743;LESION AUTOINFLIGIDA INTENCIONALMENTE POR DISPARO DE OTRAS ARMAS DE FUEGO, Y LAS NO ESPECIFICADAS, AREAS DE DEPORTE Y ATLETISMO
X744;LESION AUTOINFLIGIDA INTENCIONALMENTE POR DISPARO DE OTRAS ARMAS DE FUEGO, Y LAS NO ESPECIFICADAS, CALLES Y CARRETERAS
X745;LESION AUTOINFLIGIDA INTENCIONALMENTE POR DISPARO DE OTRAS ARMAS DE FUEGO, Y LAS NO ESPECIFICADAS, COMERCIO Y AREA DE SERVICIOS
X746;LESION AUTOINFLIGIDA INTENCIONALMENTE POR DISPARO DE OTRAS ARMAS DE FUEGO, Y LAS NO ESPECIFICADAS, AREA INDUSTRIAL Y DE LA CONSTRUCCION
X747;LESION AUTOINFLIGIDA INTENCIONALMENTE POR DISPARO DE OTRAS ARMAS DE FUEGO, Y LAS NO ESPECIFICADAS, GRANJA
X748;LESION AUTOINFLIGIDA INTENCIONALMENTE POR DISPARO DE OTRAS ARMAS DE FUEGO, Y LAS NO ESPECIFICADAS, OTRO LUGAR ESPECIFICADO
X749;LESION AUTOINFLIGIDA INTENCIONALMENTE POR DISPARO DE OTRAS ARMAS DE FUEGO, Y LAS NO ESPECIFICADAS, LUGAR NO ESPECIFICADO
X75;LESION AUTOINFLIGIDA INTENCIONALMENTE POR MATERIAL EXPLOSIVO
X750;LESION AUTOINFLIGIDA INTENCIONALMENTE POR MATERIAL EXPLOSIVO, VIVIENDA
X751;LESION AUTOINFLIGIDA INTENCIONALMENTE POR MATERIAL EXPLOSIVO, INSTITUCION RESIDENCIAL
X752;LESION AUTOINFLIGIDA INTENCIONALMENTE POR MATERIAL EXPLOSIVO, ESCUELAS, OTRAS INSTITUCIONES Y AREAS ADMINISTRATIVAS PUBLICAS
X753;LESION AUTOINFLIGIDA INTENCIONALMENTE POR MATERIAL EXPLOSIVO, AREAS DE DEPORTE Y ATLETISMO
X754;LESION AUTOINFLIGIDA INTENCIONALMENTE POR MATERIAL EXPLOSIVO, CALLES Y CARRETERAS
X755;LESION AUTOINFLIGIDA INTENCIONALMENTE POR MATERIAL EXPLOSIVO, COMERCIO Y AREA DE SERVICIOS
X756;LESION AUTOINFLIGIDA INTENCIONALMENTE POR MATERIAL EXPLOSIVO, AREA INDUSTRIAL Y DE LA CONSTRUCCION
X757;LESION AUTOINFLIGIDA INTENCIONALMENTE POR MATERIAL EXPLOSIVO, GRANJA
X758;LESION AUTOINFLIGIDA INTENCIONALMENTE POR MATERIAL EXPLOSIVO, OTRO LUGAR ESPECIFICADO
X759;LESION AUTOINFLIGIDA INTENCIONALMENTE POR MATERIAL EXPLOSIVO, LUGAR NO ESPECIFICADO
X76;LESION AUTOINFLIGIDA INTENCIONALMENTE POR HUMO, FUEGO Y LLAMAS
X760;LESION AUTOINFLIGIDA INTENCIONALMENTE POR HUMO, FUEGO Y LLAMAS, VIVIENDA
X761;LESION AUTOINFLIGIDA INTENCIONALMENTE POR HUMO, FUEGO Y LLAMAS, INSTITUCION RESIDENCIAL
X762;LESION AUTOINFLIGIDA INTENCIONALMENTE POR HUMO, FUEGO Y LLAMAS, ESCUELAS, OTRAS INSTITUCIONES Y AREAS ADMINISTRATIVAS PUBLICAS
X763;LESION AUTOINFLIGIDA INTENCIONALMENTE POR HUMO, FUEGO Y LLAMAS, AREAS DE DEPORTE Y ATLETISMO
X764;LESION AUTOINFLIGIDA INTENCIONALMENTE POR HUMO, FUEGO Y LLAMAS, CALLES Y CARRETERAS
X765;LESION AUTOINFLIGIDA INTENCIONALMENTE POR HUMO, FUEGO Y LLAMAS, COMERCIO Y AREA DE SERVICIOS
X766;LESION AUTOINFLIGIDA INTENCIONALMENTE POR HUMO, FUEGO Y LLAMAS, AREA INDUSTRIAL Y DE LA CONSTRUCCION
X767;LESION AUTOINFLIGIDA INTENCIONALMENTE POR HUMO, FUEGO Y LLAMAS, GRANJA
X768;LESION AUTOINFLIGIDA INTENCIONALMENTE POR HUMO, FUEGO Y LLAMAS, OTRO LUGAR ESPECIFICADO
X769;LESION AUTOINFLIGIDA INTENCIONALMENTE POR HUMO, FUEGO Y LLAMAS, LUGAR NO ESPECIFICADO
X77;LESION AUTOINFLIGIDA INTENCIONALMENTE POR VAPOR DE AGUA, VAPORES Y OBJETOS CALIENTES
X770;LESION AUTOINFLIGIDA INTENCIONALMENTE POR VAPOR DE AGUA, VAPORES Y OBJETOS CALIENTES, VIVIENDA
X771;LESION AUTOINFLIGIDA INTENCIONALMENTE POR VAPOR DE AGUA, VAPORES Y OBJETOS CALIENTES, INSTITUCION RESIDENCIAL
X772;LESION AUTOINFLIGIDA INTENCIONALMENTE POR VAPOR DE AGUA, VAPORES Y OBJETOS CALIENTES, ESCUELAS, OTRAS INSTITUCIONES Y AREAS ADMINISTRATIVAS PUBLICAS
X773;LESION AUTOINFLIGIDA INTENCIONALMENTE POR VAPOR DE AGUA, VAPORES Y OBJETOS CALIENTES, AREAS DE DEPORTE Y ATLETISMO
X774;LESION AUTOINFLIGIDA INTENCIONALMENTE POR VAPOR DE AGUA, VAPORES Y OBJETOS CALIENTES, CALLES Y CARRETERAS
X775;LESION AUTOINFLIGIDA INTENCIONALMENTE POR VAPOR DE AGUA, VAPORES Y OBJETOS CALIENTES, COMERCIO Y AREA DE SERVICIOS
X776;LESION AUTOINFLIGIDA INTENCIONALMENTE POR VAPOR DE AGUA, VAPORES Y OBJETOS CALIENTES, AREA INDUSTRIAL Y DE LA CONSTRUCCION
X777;LESION AUTOINFLIGIDA INTENCIONALMENTE POR VAPOR DE AGUA, VAPORES Y OBJETOS CALIENTES, GRANJA
X778;LESION AUTOINFLIGIDA INTENCIONALMENTE POR VAPOR DE AGUA, VAPORES Y OBJETOS CALIENTES, OTRO LUGAR ESPECIFICADO
X779;LESION AUTOINFLIGIDA INTENCIONALMENTE POR VAPOR DE AGUA, VAPORES Y OBJETOS CALIENTES, LUGAR NO ESPECIFICADO
X78;LESION AUTOINFLIGIDA INTENCIONALMENTE POR OBJETO CORTANTE
X780;LESION AUTOINFLIGIDA INTENCIONALMENTE POR OBJETO CORTANTE, VIVIENDA
X781;LESION AUTOINFLIGIDA INTENCIONALMENTE POR OBJETO CORTANTE, INSTITUCION RESIDENCIAL
X782;LESION AUTOINFLIGIDA INTENCIONALMENTE POR OBJETO CORTANTE, ESCUELAS, OTRAS INSTITUCIONES Y AREAS ADMINISTRATIVAS PUBLICAS
X783;LESION AUTOINFLIGIDA INTENCIONALMENTE POR OBJETO CORTANTE, AREAS DE DEPORTE Y ATLETISMO
X784;LESION AUTOINFLIGIDA INTENCIONALMENTE POR OBJETO CORTANTE, CALLES Y CARRETERAS
X785;LESION AUTOINFLIGIDA INTENCIONALMENTE POR OBJETO CORTANTE, COMERCIO Y AREA DE SERVICIOS
X786;LESION AUTOINFLIGIDA INTENCIONALMENTE POR OBJETO CORTANTE, AREA INDUSTRIAL Y DE LA CONSTRUCCION
X787;LESION AUTOINFLIGIDA INTENCIONALMENTE POR OBJETO CORTANTE, GRANJA
X788;LESION AUTOINFLIGIDA INTENCIONALMENTE POR OBJETO CORTANTE, OTRO LUGAR ESPECIFICADO
X789;LESION AUTOINFLIGIDA INTENCIONALMENTE POR OBJETO CORTANTE, LUGAR NO ESPECIFICADO
X79;LESION AUTOINFLIGIDA INTENCIONALMENTE POR OBJETO ROMO O SIN FILO
X790;LESION AUTOINFLIGIDA INTENCIONALMENTE POR OBJETO ROMO O SIN FILO, VIVIENDA
X791;LESION AUTOINFLIGIDA INTENCIONALMENTE POR OBJETO ROMO O SIN FILO, INSTITUCION RESIDENCIAL
X792;LESION AUTOINFLIGIDA INTENCIONALMENTE POR OBJETO ROMO O SIN FILO, ESCUELAS, OTRAS INSTITUCIONES Y AREAS ADMINISTRATIVAS PUBLICAS
X793;LESION AUTOINFLIGIDA INTENCIONALMENTE POR OBJETO ROMO O SIN FILO, AREAS DE DEPORTE Y ATLETISMO
X794;LESION AUTOINFLIGIDA INTENCIONALMENTE POR OBJETO ROMO O SIN FILO, CALLES Y CARRETERAS
X795;LESION AUTOINFLIGIDA INTENCIONALMENTE POR OBJETO ROMO O SIN FILO, COMERCIO Y AREA DE SERVICIOS
X796;LESION AUTOINFLIGIDA INTENCIONALMENTE POR OBJETO ROMO O SIN FILO, AREA INDUSTRIAL Y DE LA CONSTRUCCION
X797;LESION AUTOINFLIGIDA INTENCIONALMENTE POR OBJETO ROMO O SIN FILO, GRANJA
X798;LESION AUTOINFLIGIDA INTENCIONALMENTE POR OBJETO ROMO O SIN FILO, OTRO LUGAR ESPECIFICADO
X799;LESION AUTOINFLIGIDA INTENCIONALMENTE POR OBJETO ROMO O SIN FILO, LUGAR NO ESPECIFICADO
X80;LESION AUTOINFLIGIDA INTENCIONALMENTE AL SALTAR DESDE UN LUGAR ELEVADO
X800;LESION AUTOINFLIGIDA INTENCIONALMENTE AL SALTAR DESDE UN LUGAR ELEVADO, VIVIENDA
X801;LESION AUTOINFLIGIDA INTENCIONALMENTE AL SALTAR DESDE UN LUGAR ELEVADO, INSTITUCION RESIDENCIAL
X802;LESION AUTOINFLIGIDA INTENCIONALMENTE AL SALTAR DESDE UN LUGAR ELEVADO, ESCUELAS, OTRAS INSTITUCIONES Y AREAS ADMINISTRATIVAS PUBLICAS
X803;LESION AUTOINFLIGIDA INTENCIONALMENTE AL SALTAR DESDE UN LUGAR ELEVADO, AREAS DE DEPORTE Y ATLETISMO
X804;LESION AUTOINFLIGIDA INTENCIONALMENTE AL SALTAR DESDE UN LUGAR ELEVADO, CALLES Y CARRETERAS
X805;LESION AUTOINFLIGIDA INTENCIONALMENTE AL SALTAR DESDE UN LUGAR ELEVADO, COMERCIO Y AREA DE SERVICIOS
X806;LESION AUTOINFLIGIDA INTENCIONALMENTE AL SALTAR DESDE UN LUGAR ELEVADO, AREA INDUSTRIAL Y DE LA CONSTRUCCION
X807;LESION AUTOINFLIGIDA INTENCIONALMENTE AL SALTAR DESDE UN LUGAR ELEVADO, GRANJA
X808;LESION AUTOINFLIGIDA INTENCIONALMENTE AL SALTAR DESDE UN LUGAR ELEVADO, OTRO LUGAR ESPECIFICADO
X809;LESION AUTOINFLIGIDA INTENCIONALMENTE AL SALTAR DESDE UN LUGAR ELEVADO, LUGAR NO ESPECIFICADO
X81;LESION AUTOINFLIGIDA INTENCIONALMENTE POR ARROJARSE O COLOCARSE DELANTE DE OBJETO EN MOVIMIENTO
X810;LESION AUTOINFLIGIDA INTENCIONALMENTE POR ARROJARSE O COLOCARSE DELANTE DE OBJETO EN MOVIMIENTO, VIVIENDA
X811;LESION AUTOINFLIGIDA INTENCIONALMENTE POR ARROJARSE O COLOCARSE DELANTE DE OBJETO EN MOVIMIENTO, INSTITUCION RESIDENCIAL
X812;LESION AUTOINFLIGIDA INTENCIONALMENTE POR ARROJARSE O COLOCARSE DELANTE DE OBJETO EN MOVIMIENTO, ESCUELAS, OTRAS INSTITUCIONES Y AREAS ADMINISTRATIVAS PUBLICAS
X813;LESION AUTOINFLIGIDA INTENCIONALMENTE POR ARROJARSE O COLOCARSE DELANTE DE OBJETO EN MOVIMIENTO, AREAS DE DEPORTE Y ATLETISMO
X814;LESION AUTOINFLIGIDA INTENCIONALMENTE POR ARROJARSE O COLOCARSE DELANTE DE OBJETO EN MOVIMIENTO, CALLES Y CARRETERAS
X815;LESION AUTOINFLIGIDA INTENCIONALMENTE POR ARROJARSE O COLOCARSE DELANTE DE OBJETO EN MOVIMIENTO, COMERCIO Y AREA DE SERVICIOS
X816;LESION AUTOINFLIGIDA INTENCIONALMENTE POR ARROJARSE O COLOCARSE DELANTE DE OBJETO EN MOVIMIENTO, AREA INDUSTRIAL Y DE LA CONSTRUCCION
X817;LESION AUTOINFLIGIDA INTENCIONALMENTE POR ARROJARSE O COLOCARSE DELANTE DE OBJETO EN MOVIMIENTO, GRANJA
X818;LESION AUTOINFLIGIDA INTENCIONALMENTE POR ARROJARSE O COLOCARSE DELANTE DE OBJETO EN MOVIMIENTO, OTRO LUGAR ESPECIFICADO
X819;LESION AUTOINFLIGIDA INTENCIONALMENTE POR ARROJARSE O COLOCARSE DELANTE DE OBJETO EN MOVIMIENTO, LUGAR NO ESPECIFICADO
X82;LESION AUTOINFLIGIDA INTENCIONALMENTE POR COLISION DE VEHICULO DE MOTOR
X820;LESION AUTOINFLIGIDA INTENCIONALMENTE POR COLISION DE VEHICULO DE MOTOR, VIVIENDA
X821;LESION AUTOINFLIGIDA INTENCIONALMENTE POR COLISION DE VEHICULO DE MOTOR, INSTITUCION RESIDENCIAL
X822;LESION AUTOINFLIGIDA INTENCIONALMENTE POR COLISION DE VEHICULO DE MOTOR, ESCUELAS, OTRAS INSTITUCIONES Y AREAS ADMINISTRATIVAS PUBLICAS
X823;LESION AUTOINFLIGIDA INTENCIONALMENTE POR COLISION DE VEHICULO DE MOTOR, AREAS DE DEPORTE Y ATLETISMO
X824;LESION AUTOINFLIGIDA INTENCIONALMENTE POR COLISION DE VEHICULO DE MOTOR, CALLES Y CARRETERAS
X825;LESION AUTOINFLIGIDA INTENCIONALMENTE POR COLISION DE VEHICULO DE MOTOR, COMERCIO Y AREA DE SERVICIOS
X826;LESION AUTOINFLIGIDA INTENCIONALMENTE POR COLISION DE VEHICULO DE MOTOR, AREA INDUSTRIAL Y DE LA CONSTRUCCION
X827;LESION AUTOINFLIGIDA INTENCIONALMENTE POR COLISION DE VEHICULO DE MOTOR, GRANJA
X828;LESION AUTOINFLIGIDA INTENCIONALMENTE POR COLISION DE VEHICULO DE MOTOR, OTRO LUGAR ESPECIFICADO
X829;LESION AUTOINFLIGIDA INTENCIONALMENTE POR COLISION DE VEHICULO DE MOTOR, LUGAR NO ESPECIFICADO
X83;LESION AUTOINFLIGIDA INTENCIONALMENTE POR OTROS MEDIOS ESPECIFICADOS
X830;LESION AUTOINFLIGIDA INTENCIONALMENTE POR OTROS MEDIOS ESPECIFICADOS, VIVIENDA
X831;LESION AUTOINFLIGIDA INTENCIONALMENTE POR OTROS MEDIOS ESPECIFICADOS, INSTITUCION RESIDENCIAL
X832;LESION AUTOINFLIGIDA INTENCIONALMENTE POR OTROS MEDIOS ESPECIFICADOS, ESCUELAS, OTRAS INSTITUCIONES Y AREAS ADMINISTRATIVAS PUBLICAS
X833;LESION AUTOINFLIGIDA INTENCIONALMENTE POR OTROS MEDIOS ESPECIFICADOS, AREAS DE DEPORTE Y ATLETISMO
X834;LESION AUTOINFLIGIDA INTENCIONALMENTE POR OTROS MEDIOS ESPECIFICADOS, CALLES Y CARRETERAS
X835;LESION AUTOINFLIGIDA INTENCIONALMENTE POR OTROS MEDIOS ESPECIFICADOS, COMERCIO Y AREA DE SERVICIOS
X836;LESION AUTOINFLIGIDA INTENCIONALMENTE POR OTROS MEDIOS ESPECIFICADOS, AREA INDUSTRIAL Y DE LA CONSTRUCCION
X837;LESION AUTOINFLIGIDA INTENCIONALMENTE POR OTROS MEDIOS ESPECIFICADOS, GRANJA
X838;LESION AUTOINFLIGIDA INTENCIONALMENTE POR OTROS MEDIOS ESPECIFICADOS, OTRO LUGAR ESPECIFICADO
X839;LESION AUTOINFLIGIDA INTENCIONALMENTE POR OTROS MEDIOS ESPECIFICADOS, LUGAR NO ESPECIFICADO
X84;LESION AUTOINFLIGIDA INTENCIONALMENTE POR MEDIOS NO ESPECIFICADOS
X840;LESION AUTOINFLIGIDA INTENCIONALMENTE POR MEDIOS NO ESPECIFICADOS, VIVIENDA
X841;LESION AUTOINFLIGIDA INTENCIONALMENTE POR MEDIOS NO ESPECIFICADOS, INSTITUCION RESIDENCIAL
X842;LESION AUTOINFLIGIDA INTENCIONALMENTE POR MEDIOS NO ESPECIFICADOS, ESCUELAS, OTRAS INSTITUCIONES Y AREAS ADMINISTRATIVAS PUBLICAS
X843;LESION AUTOINFLIGIDA INTENCIONALMENTE POR MEDIOS NO ESPECIFICADOS, AREAS DE DEPORTE Y ATLETISMO
X844;LESION AUTOINFLIGIDA INTENCIONALMENTE POR MEDIOS NO ESPECIFICADOS, CALLES Y CARRETERAS
X845;LESION AUTOINFLIGIDA INTENCIONALMENTE POR MEDIOS NO ESPECIFICADOS, COMERCIO Y AREA DE SERVICIOS
X846;LESION AUTOINFLIGIDA INTENCIONALMENTE POR MEDIOS NO ESPECIFICADOS, AREA INDUSTRIAL Y DE LA CONSTRUCCION
X847;LESION AUTOINFLIGIDA INTENCIONALMENTE POR MEDIOS NO ESPECIFICADOS, GRANJA
X848;LESION AUTOINFLIGIDA INTENCIONALMENTE POR MEDIOS NO ESPECIFICADOS, OTRO LUGAR ESPECIFICADO
X849;LESION AUTOINFLIGIDA INTENCIONALMENTE POR MEDIOS NO ESPECIFICADOS, LUGAR NO ESPECIFICADO
X85;AGRESION CON DROGAS, MEDICAMENTOS Y SUSTANCIAS BIOLOGICAS
X850;AGRESION CON DROGAS, MEDICAMENTOS Y SUSTANCIAS BIOLOGICAS, VIVIENDA
X851;AGRESION CON DROGAS, MEDICAMENTOS Y SUSTANCIAS BIOLOGICAS, INSTITUCION RESIDENCIAL
X852;AGRESION CON DROGAS, MEDICAMENTOS Y SUSTANCIAS BIOLOGICAS, ESCUELAS, OTRAS INSTITUCIONES Y AREAS ADMINISTRATIVAS PUBLICAS
X853;AGRESION CON DROGAS, MEDICAMENTOS Y SUSTANCIAS BIOLOGICAS, AREAS DE DEPORTE Y ATLETISMO
X854;AGRESION CON DROGAS, MEDICAMENTOS Y SUSTANCIAS BIOLOGICAS, CALLES Y CARRETERAS
X855;AGRESION CON DROGAS, MEDICAMENTOS Y SUSTANCIAS BIOLOGICAS, COMERCIO Y AREA DE SERVICIOS
X856;AGRESION CON DROGAS, MEDICAMENTOS Y SUSTANCIAS BIOLOGICAS, AREA INDUSTRIAL Y DE LA CONSTRUCCION
X857;AGRESION CON DROGAS, MEDICAMENTOS Y SUSTANCIAS BIOLOGICAS, GRANJA
X858;AGRESION CON DROGAS, MEDICAMENTOS Y SUSTANCIAS BIOLOGICAS, OTRO LUGAR ESPECIFICADO
X859;AGRESION CON DROGAS, MEDICAMENTOS Y SUSTANCIAS BIOLOGICAS, LUGAR NO ESPECIFICADO
X86;AGRESION CON SUSTANCIA CORROSIVA
X860;AGRESION CON SUSTANCIA CORROSIVA, VIVIENDA
X861;AGRESION CON SUSTANCIA CORROSIVA, INSTITUCION RESIDENCIAL
X862;AGRESION CON SUSTANCIA CORROSIVA, ESCUELAS, OTRAS INSTITUCIONES Y AREAS ADMINISTRATIVAS PUBLICAS
X863;AGRESION CON SUSTANCIA CORROSIVA, AREAS DE DEPORTE Y ATLETISMO
X864;AGRESION CON SUSTANCIA CORROSIVA, CALLES Y CARRETERAS
X865;AGRESION CON SUSTANCIA CORROSIVA, COMERCIO Y AREA DE SERVICIOS
X866;AGRESION CON SUSTANCIA CORROSIVA, AREA INDUSTRIAL Y DE LA CONSTRUCCION
X867;AGRESION CON SUSTANCIA CORROSIVA, GRANJA
X868;AGRESION CON SUSTANCIA CORROSIVA, OTRO LUGAR ESPECIFICADO
X869;AGRESION CON SUSTANCIA CORROSIVA, LUGAR NO ESPECIFICADO
X87;AGRESION CON PLAGUICIDAS
X870;AGRESION CON PLAGUICIDAS, VIVIENDA
X871;AGRESION CON PLAGUICIDAS, INSTITUCION RESIDENCIAL
X872;AGRESION CON PLAGUICIDAS, ESCUELAS, OTRAS INSTITUCIONES Y AREAS ADMINISTRATIVAS PUBLICAS
X873;AGRESION CON PLAGUICIDAS, AREAS DE DEPORTE Y ATLETISMO
X874;AGRESION CON PLAGUICIDAS, CALLES Y CARRETERAS
X875;AGRESION CON PLAGUICIDAS, COMERCIO Y AREA DE SERVICIOS
X876;AGRESION CON PLAGUICIDAS, AREA INDUSTRIAL Y DE LA CONSTRUCCION
X877;AGRESION CON PLAGUICIDAS, GRANJA
X878;AGRESION CON PLAGUICIDAS, OTRO LUGAR ESPECIFICADO
X879;AGRESION CON PLAGUICIDAS, LUGAR NO ESPECIFICADO
X88;AGRESION CON GASES Y VAPORES
X880;AGRESION CON GASES Y VAPORES, VIVIENDA
X881;AGRESION CON GASES Y VAPORES, INSTITUCION RESIDENCIAL
X882;AGRESION CON GASES Y VAPORES, ESCUELAS, OTRAS INSTITUCIONES Y AREAS ADMINISTRATIVAS PUBLICAS
X883;AGRESION CON GASES Y VAPORES, AREAS DE DEPORTE Y ATLETISMO
X884;AGRESION CON GASES Y VAPORES, CALLES Y CARRETERAS
X885;AGRESION CON GASES Y VAPORES, COMERCIO Y AREA DE SERVICIOS
X886;AGRESION CON GASES Y VAPORES, AREA INDUSTRIAL Y DE LA CONSTRUCCION
X887;AGRESION CON GASES Y VAPORES, GRANJA
X888;AGRESION CON GASES Y VAPORES, OTRO LUGAR ESPECIFICADO
X889;AGRESION CON GASES Y VAPORES, LUGAR NO ESPECIFICADO
X89;AGRESION CON OTROS PRODUCTOS QUIMICOS Y SUSTANCIAS NOCIVAS ESPECIFICADAS
X890;AGRESION CON OTROS PRODUCTOS QUIMICOS Y SUSTANCIAS NOCIVAS ESPECIFICADAS, VIVIENDA
X891;AGRESION CON OTROS PRODUCTOS QUIMICOS Y SUSTANCIAS NOCIVAS ESPECIFICADAS, INSTITUCION RESIDENCIAL
X892;AGRESION CON OTROS PRODUCTOS QUIMICOS Y SUSTANCIAS NOCIVAS ESPECIFICADAS, ESCUELAS, OTRAS INSTITUCIONES Y AREAS ADMINISTRATIVAS PUBLICAS
X893;AGRESION CON OTROS PRODUCTOS QUIMICOS Y SUSTANCIAS NOCIVAS ESPECIFICADAS, AREAS DE DEPORTE Y ATLETISMO
X894;AGRESION CON OTROS PRODUCTOS QUIMICOS Y SUSTANCIAS NOCIVAS ESPECIFICADAS, CALLES Y CARRETERAS
X895;AGRESION CON OTROS PRODUCTOS QUIMICOS Y SUSTANCIAS NOCIVAS ESPECIFICADAS, COMERCIO Y AREA DE SERVICIOS
X896;AGRESION CON OTROS PRODUCTOS QUIMICOS Y SUSTANCIAS NOCIVAS ESPECIFICADAS, AREA INDUSTRIAL Y DE LA CONSTRUCCION
X897;AGRESION CON OTROS PRODUCTOS QUIMICOS Y SUSTANCIAS NOCIVAS ESPECIFICADAS, GRANJA
X898;AGRESION CON OTROS PRODUCTOS QUIMICOS Y SUSTANCIAS NOCIVAS ESPECIFICADAS, OTRO LUGAR ESPECIFICADO
X899;AGRESION CON OTROS PRODUCTOS QUIMICOS Y SUSTANCIAS NOCIVAS ESPECIFICADAS, LUGAR NO ESPECIFICADO
X90;AGRESION CON PRODUCTOS QUIMICOS Y SUSTANCIAS NOCIVAS NO ESPECIFICADAS
X900;AGRESION CON PRODUCTOS QUIMICOS Y SUSTANCIAS NOCIVAS NO ESPECIFICADAS, VIVIENDA
X901;AGRESION CON PRODUCTOS QUIMICOS Y SUSTANCIAS NOCIVAS NO ESPECIFICADAS, INSTITUCION RESIDENCIAL
X902;AGRESION CON PRODUCTOS QUIMICOS Y SUSTANCIAS NOCIVAS NO ESPECIFICADAS, ESCUELAS, OTRAS INSTITUCIONES Y AREAS ADMINISTRATIVAS PUBLICAS
X903;AGRESION CON PRODUCTOS QUIMICOS Y SUSTANCIAS NOCIVAS NO ESPECIFICADAS, AREAS DE DEPORTE Y ATLETISMO
X904;AGRESION CON PRODUCTOS QUIMICOS Y SUSTANCIAS NOCIVAS NO ESPECIFICADAS, CALLES Y CARRETERAS
X905;AGRESION CON PRODUCTOS QUIMICOS Y SUSTANCIAS NOCIVAS NO ESPECIFICADAS, COMERCIO Y AREA DE SERVICIOS
X906;AGRESION CON PRODUCTOS QUIMICOS Y SUSTANCIAS NOCIVAS NO ESPECIFICADAS, AREA INDUSTRIAL Y DE LA CONSTRUCCION
X907;AGRESION CON PRODUCTOS QUIMICOS Y SUSTANCIAS NOCIVAS NO ESPECIFICADAS, GRANJA
X908;AGRESION CON PRODUCTOS QUIMICOS Y SUSTANCIAS NOCIVAS NO ESPECIFICADAS, OTRO LUGAR ESPECIFICADO
X909;AGRESION CON PRODUCTOS QUIMICOS Y SUSTANCIAS NOCIVAS NO ESPECIFICADAS, LUGAR NO ESPECIFICADO
X91;AGRESION POR AHORCAMIENTO, ESTRANGULAMIENTO Y SOFOCACION
X910;AGRESION POR AHORCAMIENTO, ESTRANGULAMIENTO Y SOFOCACION, VIVIENDA
X911;AGRESION POR AHORCAMIENTO, ESTRANGULAMIENTO Y SOFOCACION, INSTITUCION RESIDENCIAL
X912;AGRESION POR AHORCAMIENTO, ESTRANGULAMIENTO Y SOFOCACION, ESCUELAS, OTRAS INSTITUCIONES Y AREAS ADMINISTRATIVAS PUBLICAS
X913;AGRESION POR AHORCAMIENTO, ESTRANGULAMIENTO Y SOFOCACION, AREAS DE DEPORTE Y ATLETISMO
X914;AGRESION POR AHORCAMIENTO, ESTRANGULAMIENTO Y SOFOCACION, CALLES Y CARRETERAS
X915;AGRESION POR AHORCAMIENTO, ESTRANGULAMIENTO Y SOFOCACION, COMERCIO Y AREA DE SERVICIOS
X916;AGRESION POR AHORCAMIENTO, ESTRANGULAMIENTO Y SOFOCACION, AREA INDUSTRIAL Y DE LA CONSTRUCCION
X917;AGRESION POR AHORCAMIENTO, ESTRANGULAMIENTO Y SOFOCACION, GRANJA
X918;AGRESION POR AHORCAMIENTO, ESTRANGULAMIENTO Y SOFOCACION, OTRO LUGAR ESPECIFICADO
X919;AGRESION POR AHORCAMIENTO, ESTRANGULAMIENTO Y SOFOCACION, LUGAR NO ESPECIFICADO
X92;AGRESION POR AHOGAMIENTO Y SUMERSION
X920;AGRESION POR AHOGAMIENTO Y SUMERSION, VIVIENDA
X921;AGRESION POR AHOGAMIENTO Y SUMERSION, INSTITUCION RESIDENCIAL
X922;AGRESION POR AHOGAMIENTO Y SUMERSION, ESCUELAS, OTRAS INSTITUCIONES Y AREAS ADMINISTRATIVAS PUBLICAS
X923;AGRESION POR AHOGAMIENTO Y SUMERSION, AREAS DE DEPORTE Y ATLETISMO
X924;AGRESION POR AHOGAMIENTO Y SUMERSION, CALLES Y CARRETERAS
X925;AGRESION POR AHOGAMIENTO Y SUMERSION, COMERCIO Y AREA DE SERVICIOS
X926;AGRESION POR AHOGAMIENTO Y SUMERSION, AREA INDUSTRIAL Y DE LA CONSTRUCCION
X927;AGRESION POR AHOGAMIENTO Y SUMERSION, GRANJA
X928;AGRESION POR AHOGAMIENTO Y SUMERSION, OTRO LUGAR ESPECIFICADO
X929;AGRESION POR AHOGAMIENTO Y SUMERSION, LUGAR NO ESPECIFICADO
X93;AGRESION CON DISPARO DE ARMA CORTA
X930;AGRESION CON DISPARO DE ARMA CORTA, VIVIENDA
X931;AGRESION CON DISPARO DE ARMA CORTA, INSTITUCION RESIDENCIAL
X932;AGRESION CON DISPARO DE ARMA CORTA, ESCUELAS, OTRAS INSTITUCIONES Y AREAS ADMINISTRATIVAS PUBLICAS
X933;AGRESION CON DISPARO DE ARMA CORTA, AREAS DE DEPORTE Y ATLETISMO
X934;AGRESION CON DISPARO DE ARMA CORTA, CALLES Y CARRETERAS
X935;AGRESION CON DISPARO DE ARMA CORTA, COMERCIO Y AREA DE SERVICIOS
X936;AGRESION CON DISPARO DE ARMA CORTA, AREA INDUSTRIAL Y DE LA CONSTRUCCION
X937;AGRESION CON DISPARO DE ARMA CORTA, GRANJA
X938;AGRESION CON DISPARO DE ARMA CORTA, OTRO LUGAR ESPECIFICADO
X939;AGRESION CON DISPARO DE ARMA CORTA, LUGAR NO ESPECIFICADO
X94;AGRESION CON DISPARO DE RIFLE, ESCOPETA Y ARMA LARGA
X940;AGRESION CON DISPARO DE RIFLE, ESCOPETA Y ARMA LARGA, VIVIENDA
X941;AGRESION CON DISPARO DE RIFLE, ESCOPETA Y ARMA LARGA, INSTITUCION RESIDENCIAL
X942;AGRESION CON DISPARO DE RIFLE, ESCOPETA Y ARMA LARGA, ESCUELAS, OTRAS INSTITUCIONES Y AREAS ADMINISTRATIVAS PUBLICAS
X943;AGRESION CON DISPARO DE RIFLE, ESCOPETA Y ARMA LARGA, AREAS DE DEPORTE Y ATLETISMO
X944;AGRESION CON DISPARO DE RIFLE, ESCOPETA Y ARMA LARGA, CALLES Y CARRETERAS
X945;AGRESION CON DISPARO DE RIFLE, ESCOPETA Y ARMA LARGA, COMERCIO Y AREA DE SERVICIOS
X946;AGRESION CON DISPARO DE RIFLE, ESCOPETA Y ARMA LARGA, AREA INDUSTRIAL Y DE LA CONSTRUCCION
X947;AGRESION CON DISPARO DE RIFLE, ESCOPETA Y ARMA LARGA, GRANJA
X948;AGRESION CON DISPARO DE RIFLE, ESCOPETA Y ARMA LARGA, OTRO LUGAR ESPECIFICADO
X949;AGRESION CON DISPARO DE RIFLE, ESCOPETA Y ARMA LARGA, LUGAR NO ESPECIFICADO
X95;AGRESION CON DISPARO DE OTRAS ARMAS DE FUEGO, Y LAS NO ESPECIFICADAS
X950;AGRESION CON DISPARO DE OTRAS ARMAS DE FUEGO, Y LAS NO ESPECIFICADAS, VIVIENDA
X951;AGRESION CON DISPARO DE OTRAS ARMAS DE FUEGO, Y LAS NO ESPECIFICADAS, INSTITUCION RESIDENCIAL
X952;AGRESION CON DISPARO DE OTRAS ARMAS DE FUEGO, Y LAS NO ESPECIFICADAS, ESCUELAS, OTRAS INSTITUCIONES Y AREAS ADMINISTRATIVAS PUBLICAS
X953;AGRESION CON DISPARO DE OTRAS ARMAS DE FUEGO, Y LAS NO ESPECIFICADAS, AREAS DE DEPORTE Y ATLETISMO
X954;AGRESION CON DISPARO DE OTRAS ARMAS DE FUEGO, Y LAS NO ESPECIFICADAS, CALLES Y CARRETERAS
X955;AGRESION CON DISPARO DE OTRAS ARMAS DE FUEGO, Y LAS NO ESPECIFICADAS, COMERCIO Y AREA DE SERVICIOS
X956;AGRESION CON DISPARO DE OTRAS ARMAS DE FUEGO, Y LAS NO ESPECIFICADAS, AREA INDUSTRIAL Y DE LA CONSTRUCCION
X957;AGRESION CON DISPARO DE OTRAS ARMAS DE FUEGO, Y LAS NO ESPECIFICADAS, GRANJA
X958;AGRESION CON DISPARO DE OTRAS ARMAS DE FUEGO, Y LAS NO ESPECIFICADAS, OTRO LUGAR ESPECIFICADO
X959;AGRESION CON DISPARO DE OTRAS ARMAS DE FUEGO, Y LAS NO ESPECIFICADAS, LUGAR NO ESPECIFICADO
X96;AGRESION CON MATERIAL EXPLOSIVO
X960;AGRESION CON MATERIAL EXPLOSIVO, VIVIENDA
X961;AGRESION CON MATERIAL EXPLOSIVO, INSTITUCION RESIDENCIAL
X962;AGRESION CON MATERIAL EXPLOSIVO, ESCUELAS, OTRAS INSTITUCIONES Y AREAS ADMINISTRATIVAS PUBLICAS
X963;AGRESION CON MATERIAL EXPLOSIVO, AREAS DE DEPORTE Y ATLETISMO
X964;AGRESION CON MATERIAL EXPLOSIVO, CALLES Y CARRETERAS
X965;AGRESION CON MATERIAL EXPLOSIVO, COMERCIO Y AREA DE SERVICIOS
X966;AGRESION CON MATERIAL EXPLOSIVO, AREA INDUSTRIAL Y DE LA CONSTRUCCION
X967;AGRESION CON MATERIAL EXPLOSIVO, GRANJA
X968;AGRESION CON MATERIAL EXPLOSIVO, OTRO LUGAR ESPECIFICADO
X969;AGRESION CON MATERIAL EXPLOSIVO, LUGAR NO ESPECIFICADO
X97;AGRESION CON HUMO, FUEGO Y LLAMAS
X970;AGRESION CON HUMO, FUEGO Y LLAMAS, VIVIENDA
X971;AGRESION CON HUMO, FUEGO Y LLAMAS, INSTITUCION RESIDENCIAL
X972;AGRESION CON HUMO, FUEGO Y LLAMAS, ESCUELAS, OTRAS INSTITUCIONES Y AREAS ADMINISTRATIVAS PUBLICAS
X973;AGRESION CON HUMO, FUEGO Y LLAMAS, AREAS DE DEPORTE Y ATLETISMO
X974;AGRESION CON HUMO, FUEGO Y LLAMAS, CALLES Y CARRETERAS
X975;AGRESION CON HUMO, FUEGO Y LLAMAS, COMERCIO Y AREA DE SERVICIOS
X976;AGRESION CON HUMO, FUEGO Y LLAMAS, AREA INDUSTRIAL Y DE LA CONSTRUCCION
X977;AGRESION CON HUMO, FUEGO Y LLAMAS, GRANJA
X978;AGRESION CON HUMO, FUEGO Y LLAMAS, OTRO LUGAR ESPECIFICADO
X979;AGRESION CON HUMO, FUEGO Y LLAMAS, LUGAR NO ESPECIFICADO
X98;AGRESION CON VAPOR DE AGUA, VAPORES Y OBJETOS CALIENTES
X980;AGRESION CON VAPOR DE AGUA, VAPORES Y OBJETOS CALIENTES, VIVIENDA
X981;AGRESION CON VAPOR DE AGUA, VAPORES Y OBJETOS CALIENTES, INSTITUCION RESIDENCIAL
X982;AGRESION CON VAPOR DE AGUA, VAPORES Y OBJETOS CALIENTES, ESCUELAS, OTRAS INSTITUCIONES Y AREAS ADMINISTRATIVAS PUBLICAS
X983;AGRESION CON VAPOR DE AGUA, VAPORES Y OBJETOS CALIENTES, AREAS DE DEPORTE Y ATLETISMO
X984;AGRESION CON VAPOR DE AGUA, VAPORES Y OBJETOS CALIENTES, CALLES Y CARRETERAS
X985;AGRESION CON VAPOR DE AGUA, VAPORES Y OBJETOS CALIENTES, COMERCIO Y AREA DE SERVICIOS
X986;AGRESION CON VAPOR DE AGUA, VAPORES Y OBJETOS CALIENTES, AREA INDUSTRIAL Y DE LA CONSTRUCCION
X987;AGRESION CON VAPOR DE AGUA, VAPORES Y OBJETOS CALIENTES, GRANJA
X988;AGRESION CON VAPOR DE AGUA, VAPORES Y OBJETOS CALIENTES, OTRO LUGAR ESPECIFICADO
X989;AGRESION CON VAPOR DE AGUA, VAPORES Y OBJETOS CALIENTES, LUGAR NO ESPECIFICADO
X99;AGRESION CON OBJETO CORTANTE
X990;AGRESION CON OBJETO CORTANTE, VIVIENDA
X991;AGRESION CON OBJETO CORTANTE, INSTITUCION RESIDENCIAL
X992;AGRESION CON OBJETO CORTANTE, ESCUELAS, OTRAS INSTITUCIONES Y AREAS ADMINISTRATIVAS PUBLICAS
X993;AGRESION CON OBJETO CORTANTE, AREAS DE DEPORTE Y ATLETISMO
X994;AGRESION CON OBJETO CORTANTE, CALLES Y CARRETERAS
X995;AGRESION CON OBJETO CORTANTE, COMERCIO Y AREA DE SERVICIOS
X996;AGRESION CON OBJETO CORTANTE, AREA INDUSTRIAL Y DE LA CONSTRUCCION
X997;AGRESION CON OBJETO CORTANTE, GRANJA
X998;AGRESION CON OBJETO CORTANTE, OTRO LUGAR ESPECIFICADO
X999;AGRESION CON OBJETO CORTANTE, LUGAR NO ESPECIFICADO
Y00;AGRESION CON OBJETO ROMO O SIN FILO
Y000;AGRESION CON OBJETO ROMO O SIN FILO, VIVIENDA
Y001;AGRESION CON OBJETO ROMO O SIN FILO, INSTITUCION RESIDENCIAL
Y002;AGRESION CON OBJETO ROMO O SIN FILO, ESCUELAS, OTRAS INSTITUCIONES Y AREAS ADMINISTRATIVAS PUBLICAS
Y003;AGRESION CON OBJETO ROMO O SIN FILO, AREAS DE DEPORTE Y ATLETISMO
Y004;AGRESION CON OBJETO ROMO O SIN FILO, CALLES Y CARRETERAS
Y005;AGRESION CON OBJETO ROMO O SIN FILO, COMERCIO Y AREA DE SERVICIOS
Y006;AGRESION CON OBJETO ROMO O SIN FILO, AREA INDUSTRIAL Y DE LA CONSTRUCCION
Y007;AGRESION CON OBJETO ROMO O SIN FILO, GRANJA
Y008;AGRESION CON OBJETO ROMO O SIN FILO, OTRO LUGAR ESPECIFICADO
Y009;AGRESION CON OBJETO ROMO O SIN FILO, LUGAR NO ESPECIFICADO
Y01;AGRESION POR EMPUJON DESDE UN LUGAR ELEVADO
Y010;AGRESION POR EMPUJON DESDE UN LUGAR ELEVADO, VIVIENDA
Y011;AGRESION POR EMPUJON DESDE UN LUGAR ELEVADO, INSTITUCION RESIDENCIAL
Y012;AGRESION POR EMPUJON DESDE UN LUGAR ELEVADO, ESCUELAS, OTRAS INSTITUCIONES Y AREAS ADMINISTRATIVAS PUBLICAS
Y013;AGRESION POR EMPUJON DESDE UN LUGAR ELEVADO, AREAS DE DEPORTE Y ATLETISMO
Y014;AGRESION POR EMPUJON DESDE UN LUGAR ELEVADO, CALLES Y CARRETERAS
Y015;AGRESION POR EMPUJON DESDE UN LUGAR ELEVADO, COMERCIO Y AREA DE SERVICIOS
Y016;AGRESION POR EMPUJON DESDE UN LUGAR ELEVADO, AREA INDUSTRIAL Y DE LA CONSTRUCCION
Y017;AGRESION POR EMPUJON DESDE UN LUGAR ELEVADO, GRANJA
Y018;AGRESION POR EMPUJON DESDE UN LUGAR ELEVADO, OTRO LUGAR ESPECIFICADO
Y019;AGRESION POR EMPUJON DESDE UN LUGAR ELEVADO, LUGAR NO ESPECIFICADO
Y02;AGRESION POR EMPUJAR O COLOCAR A LA VICTIMA DELANTE DE OBJETO EN MOVIMIENTO
Y020;AGRESION POR EMPUJAR O COLOCAR A LA VICTIMA DELANTE DE OBJETO EN MOVIMIENTO, VIVIENDA
Y021;AGRESION POR EMPUJAR O COLOCAR A LA VICTIMA DELANTE DE OBJETO EN MOVIMIENTO, INSTITUCION RESIDENCIAL
Y022;AGRESION POR EMPUJAR O COLOCAR A LA VICTIMA DELANTE DE OBJETO EN MOVIMIENTO, ESCUELAS, OTRAS INSTITUCIONES Y AREAS ADMINISTRATIVAS PUBLICAS
Y023;AGRESION POR EMPUJAR O COLOCAR A LA VICTIMA DELANTE DE OBJETO EN MOVIMIENTO, AREAS DE DEPORTE Y ATLETISMO
Y024;AGRESION POR EMPUJAR O COLOCAR A LA VICTIMA DELANTE DE OBJETO EN MOVIMIENTO, CALLES Y CARRETERAS
Y025;AGRESION POR EMPUJAR O COLOCAR A LA VICTIMA DELANTE DE OBJETO EN MOVIMIENTO, COMERCIO Y AREA DE SERVICIOS
Y026;AGRESION POR EMPUJAR O COLOCAR A LA VICTIMA DELANTE DE OBJETO EN MOVIMIENTO, AREA INDUSTRIAL Y DE LA CONSTRUCCION
Y027;AGRESION POR EMPUJAR O COLOCAR A LA VICTIMA DELANTE DE OBJETO EN MOVIMIENTO, GRANJA
Y028;AGRESION POR EMPUJAR O COLOCAR A LA VICTIMA DELANTE DE OBJETO EN MOVIMIENTO, OTRO LUGAR ESPECIFICADO
Y029;AGRESION POR EMPUJAR O COLOCAR A LA VICTIMA DELANTE DE OBJETO EN MOVIMIENTO, LUGAR NO ESPECIFICADO
Y03;AGRESION POR COLISION DE VEHICULO DE MOTOR
Y030;AGRESION POR COLISION DE VEHICULO DE MOTOR, VIVIENDA
Y031;AGRESION POR COLISION DE VEHICULO DE MOTOR, INSTITUCION RESIDENCIAL
Y032;AGRESION POR COLISION DE VEHICULO DE MOTOR, ESCUELAS, OTRAS INSTITUCIONES Y AREAS ADMINISTRATIVAS PUBLICAS
Y033;AGRESION POR COLISION DE VEHICULO DE MOTOR, AREAS DE DEPORTE Y ATLETISMO
Y034;AGRESION POR COLISION DE VEHICULO DE MOTOR, CALLES Y CARRETERAS
Y035;AGRESION POR COLISION DE VEHICULO DE MOTOR, COMERCIO Y AREA DE SERVICIOS
Y036;AGRESION POR COLISION DE VEHICULO DE MOTOR, AREA INDUSTRIAL Y DE LA CONSTRUCCION
Y037;AGRESION POR COLISION DE VEHICULO DE MOTOR, GRANJA
Y038;AGRESION POR COLISION DE VEHICULO DE MOTOR, OTRO LUGAR ESPECIFICADO
Y039;AGRESION POR COLISION DE VEHICULO DE MOTOR, LUGAR NO ESPECIFICADO
Y04;AGRESION CON FUERZA CORPORAL
Y040;AGRESION CON FUERZA CORPORAL, VIVIENDA
Y041;AGRESION CON FUERZA CORPORAL, INSTITUCION RESIDENCIAL
Y042;AGRESION CON FUERZA CORPORAL, ESCUELAS, OTRAS INSTITUCIONES Y AREAS ADMINISTRATIVAS PUBLICAS
Y043;AGRESION CON FUERZA CORPORAL, AREAS DE DEPORTE Y ATLETISMO
Y044;AGRESION CON FUERZA CORPORAL, CALLES Y CARRETERAS
Y045;AGRESION CON FUERZA CORPORAL, COMERCIO Y AREA DE SERVICIOS
Y046;AGRESION CON FUERZA CORPORAL, AREA INDUSTRIAL Y DE LA CONSTRUCCION
Y047;AGRESION CON FUERZA CORPORAL, GRANJA
Y048;AGRESION CON FUERZA CORPORAL, OTRO LUGAR ESPECIFICADO
Y049;AGRESION CON FUERZA CORPORAL, LUGAR NO ESPECIFICADO
Y05;AGRESION SEXUAL CON FUERZA CORPORAL
Y050;AGRESION SEXUAL CON FUERZA CORPORAL, VIVIENDA
Y051;AGRESION SEXUAL CON FUERZA CORPORAL, INSTITUCION RESIDENCIAL
Y052;AGRESION SEXUAL CON FUERZA CORPORAL, ESCUELAS, OTRAS INSTITUCIONES Y AREAS ADMINISTRATIVAS PUBLICAS
Y053;AGRESION SEXUAL CON FUERZA CORPORAL, AREAS DE DEPORTE Y ATLETISMO
Y054;AGRESION SEXUAL CON FUERZA CORPORAL, CALLES Y CARRETERAS
Y055;AGRESION SEXUAL CON FUERZA CORPORAL, COMERCIO Y AREA DE SERVICIOS
Y056;AGRESION SEXUAL CON FUERZA CORPORAL, AREA INDUSTRIAL Y DE LA CONSTRUCCION
Y057;AGRESION SEXUAL CON FUERZA CORPORAL, GRANJA
Y058;AGRESION SEXUAL CON FUERZA CORPORAL, OTRO LUGAR ESPECIFICADO
Y059;AGRESION SEXUAL CON FUERZA CORPORAL, LUGAR NO ESPECIFICADO
Y06;NEGLIGENCIA Y ABANDONO
Y060;NEGLIGENCIA Y ABANDONO POR ESPOSO O PAREJA
Y061;NEGLIGENCIA Y ABANDONO POR PADRE O MADRE
Y062;NEGLIGENCIA Y ABANDONO POR CONOCIDO O AMIGO
Y068;NEGLIGENCIA Y ABANDONO POR OTRA PERSONA ESPECIFICADA
Y069;NEGLIGENCIA Y ABANDONO POR PERSONA NO ESPECIFICADA
Y07;OTROS MALTRATOS
Y070;OTROS MALTRATOS POR ESPOSO O PAREJA
Y071;OTROS MALTRATOS POR PADRE O MADRE
Y072;OTROS MALTRATOS POR CONOCIDO O AMIGO
Y073;OTROS MALTRATOS POR AUTORIDADES OFICIALES
Y078;OTROS MALTRATOS POR OTRA PERSONA ESPECIFICADA
Y079;OTROS MALTRATOS POR PERSONA NO ESPECIFICADA
Y08;AGRESION POR OTROS MEDIOS ESPECIFICADOS
Y080;AGRESION POR OTROS MEDIOS ESPECIFICADOS, VIVIENDA
Y081;AGRESION POR OTROS MEDIOS ESPECIFICADOS, INSTITUCION RESIDENCIAL
Y082;AGRESION POR OTROS MEDIOS ESPECIFICADOS, ESCUELAS, OTRAS INSTITUCIONES Y AREAS ADMINISTRATIVAS PUBLICAS
Y083;AGRESION POR OTROS MEDIOS ESPECIFICADOS, AREAS DE DEPORTE Y ATLETISMO
Y084;AGRESION POR OTROS MEDIOS ESPECIFICADOS, CALLES Y CARRETERAS
Y085;AGRESION POR OTROS MEDIOS ESPECIFICADOS, COMERCIO Y AREA DE SERVICIOS
Y086;AGRESION POR OTROS MEDIOS ESPECIFICADOS, AREA INDUSTRIAL Y DE LA CONSTRUCCION
Y087;AGRESION POR OTROS MEDIOS ESPECIFICADOS, GRANJA
Y088;AGRESION POR OTROS MEDIOS ESPECIFICADOS, OTRO LUGAR ESPECIFICADO
Y089;AGRESION POR OTROS MEDIOS ESPECIFICADOS, LUGAR NO ESPECIFICADO
Y09;AGRESION POR MEDIOS NO ESPECIFICADOS
Y090;AGRESION POR MEDIOS NO ESPECIFICADOS, VIVIENDA
Y091;AGRESION POR MEDIOS NO ESPECIFICADOS, INSTITUCION RESIDENCIAL
Y092;AGRESION POR MEDIOS NO ESPECIFICADOS, ESCUELAS, OTRAS INSTITUCIONES Y AREAS ADMINISTRATIVAS PUBLICAS
Y093;AGRESION POR MEDIOS NO ESPECIFICADOS, AREAS DE DEPORTE Y ATLETISMO
Y094;AGRESION POR MEDIOS NO ESPECIFICADOS, CALLES Y CARRETERAS
Y095;AGRESION POR MEDIOS NO ESPECIFICADOS, COMERCIO Y AREA DE SERVICIOS
Y096;AGRESION POR MEDIOS NO ESPECIFICADOS, AREA INDUSTRIAL Y DE LA CONSTRUCCION
Y097;AGRESION POR MEDIOS NO ESPECIFICADOS, GRANJA
Y098;AGRESION POR MEDIOS NO ESPECIFICADOS, OTRO LUGAR ESPECIFICADO
Y099;AGRESION POR MEDIOS NO ESPECIFICADOS, LUGAR NO ESPECIFICADO
Y10;ENVENENAMIENTO POR, Y EXPOSICION A ANALGESICOS NO NARCOTICOS, ANTIPIRETICOS Y ANTIRREUMATICOS, DE INTENCION NO DETERMINADA
Y100;ENVENENAMIENTO POR, Y EXPOSICION A ANALGESICOS NO NARCOTICOS, ANTIPIRETICOS Y ANTIRREUMATICOS, DE INTENCION NO DETERMINADA, VIVIENDA
Y101;ENVENENAMIENTO POR, Y EXPOSICION A ANALGESICOS NO NARCOTICOS, ANTIPIRETICOS Y ANTIRREUMATICOS, DE INTENCION NO DETERMINADA, INSTITUCION RESIDENCIAL
Y102;ENVENENAMIENTO POR, Y EXPOSICION A ANALGESICOS NO NARCOTICOS, ANTIPIRETICOS Y ANTIRREUMATICOS, DE INTENCION NO DETERMINADA, ESCUELAS, OTRAS INSTITUCIONES Y AREAS ADMINISTRATIVAS PUBLICAS
Y103;ENVENENAMIENTO POR, Y EXPOSICION A ANALGESICOS NO NARCOTICOS, ANTIPIRETICOS Y ANTIRREUMATICOS, DE INTENCION NO DETERMINADA, AREAS DE DEPORTE Y ATLETISMO
Y104;ENVENENAMIENTO POR, Y EXPOSICION A ANALGESICOS NO NARCOTICOS, ANTIPIRETICOS Y ANTIRREUMATICOS, DE INTENCION NO DETERMINADA, CALLES Y CARRETERAS
Y105;ENVENENAMIENTO POR, Y EXPOSICION A ANALGESICOS NO NARCOTICOS, ANTIPIRETICOS Y ANTIRREUMATICOS, DE INTENCION NO DETERMINADA, COMERCIO Y AREA DE SERVICIOS
Y106;ENVENENAMIENTO POR, Y EXPOSICION A ANALGESICOS NO NARCOTICOS, ANTIPIRETICOS Y ANTIRREUMATICOS, DE INTENCION NO DETERMINADA, AREA INDUSTRIAL Y DE LA CONSTRUCCION
Y107;ENVENENAMIENTO POR, Y EXPOSICION A ANALGESICOS NO NARCOTICOS, ANTIPIRETICOS Y ANTIRREUMATICOS, DE INTENCION NO DETERMINADA, GRANJA
Y108;ENVENENAMIENTO POR, Y EXPOSICION A ANALGESICOS NO NARCOTICOS, ANTIPIRETICOS Y ANTIRREUMATICOS, DE INTENCION NO DETERMINADA, OTRO LUGAR ESPECIFICADO
Y109;ENVENENAMIENTO POR, Y EXPOSICION A ANALGESICOS NO NARCOTICOS, ANTIPIRETICOS Y ANTIRREUMATICOS, DE INTENCION NO DETERMINADA, LUGAR NO ESPECIFICADO
Y11;ENVENENAMIENTO POR, Y EXPOSICION A DROGAS ANTIEPILEPTICAS, SEDANTES, HIPNOTICAS, ANTIPARKINSONIANAS Y PSICOTROPICAS, NO CLASIFICADAS EN OTRA PARTE, DE INTENCION NO DETERMINADA
Y110;ENVENENAMIENTO POR, Y EXPOSICION A DROGAS ANTIEPILEPTICAS, SEDANTES, HIPNOTICAS, ANTIPARKINSONIANAS Y PSICOTROPICAS, NO CLASIFICADAS EN OTRA PARTE, DE INTENCION NO DETERMINADA, VIVIENDA
Y111;ENVENENAMIENTO POR, Y EXPOSICION A DROGAS ANTIEPILEPTICAS, SEDANTES, HIPNOTICAS, ANTIPARKINSONIANAS Y PSICOTROPICAS, NO CLASIFICADAS EN OTRA PARTE, DE INTENCION NO DETERMINADA, INSTITUCION RESIDENCIAL
Y112;ENVENENAMIENTO POR, Y EXPOSICION A DROGAS ANTIEPILEPTICAS, SEDANTES, HIPNOTICAS, ANTIPARKINSONIANAS Y PSICOTROPICAS, NO CLASIFICADAS EN OTRA PARTE, DE INTENCION NO DETERMINADA, ESCUELAS, OTRAS INSTITUCIONES Y AREAS ADMINISTRATIVAS PUBLICAS
Y113;ENVENENAMIENTO POR, Y EXPOSICION A DROGAS ANTIEPILEPTICAS, SEDANTES, HIPNOTICAS, ANTIPARKINSONIANAS Y PSICOTROPICAS, NO CLASIFICADAS EN OTRA PARTE, DE INTENCION NO DETERMINADA, AREAS DE DEPORTE Y ATLETISMO
Y114;ENVENENAMIENTO POR, Y EXPOSICION A DROGAS ANTIEPILEPTICAS, SEDANTES, HIPNOTICAS, ANTIPARKINSONIANAS Y PSICOTROPICAS, NO CLASIFICADAS EN OTRA PARTE, DE INTENCION NO DETERMINADA, CALLES Y CARRETERAS
Y115;ENVENENAMIENTO POR, Y EXPOSICION A DROGAS ANTIEPILEPTICAS, SEDANTES, HIPNOTICAS, ANTIPARKINSONIANAS Y PSICOTROPICAS, NO CLASIFICADAS EN OTRA PARTE, DE INTENCION NO DETERMINADA, COMERCIO Y AREA DE SERVICIOS
Y116;ENVENENAMIENTO POR, Y EXPOSICION A DROGAS ANTIEPILEPTICAS, SEDANTES, HIPNOTICAS, ANTIPARKINSONIANAS Y PSICOTROPICAS, NO CLASIFICADAS EN OTRA PARTE, DE INTENCION NO DETERMINADA, AREA INDUSTRIAL Y DE LA CONSTRUCCION
Y117;ENVENENAMIENTO POR, Y EXPOSICION A DROGAS ANTIEPILEPTICAS, SEDANTES, HIPNOTICAS, ANTIPARKINSONIANAS Y PSICOTROPICAS, NO CLASIFICADAS EN OTRA PARTE, DE INTENCION NO DETERMINADA, GRANJA
Y118;ENVENENAMIENTO POR, Y EXPOSICION A DROGAS ANTIEPILEPTICAS, SEDANTES, HIPNOTICAS, ANTIPARKINSONIANAS Y PSICOTROPICAS, NO CLASIFICADAS EN OTRA PARTE, DE INTENCION NO DETERMINADA, OTRO LUGAR ESPECIFICADO
Y119;ENVENENAMIENTO POR, Y EXPOSICION A DROGAS ANTIEPILEPTICAS, SEDANTES, HIPNOTICAS, ANTIPARKINSONIANAS Y PSICOTROPICAS, NO CLASIFICADAS EN OTRA PARTE, DE INTENCION NO DETERMINADA, LUGAR NO ESPECIFICADO
Y12;ENVENENAMIENTO POR, Y EXPOSICION A NARCOTICOS Y PSICODISLEPTICOS [ALUCINOGENOS], NO CLASIFICADOS EN OTRA PARTE, DE INTENCION NO DETERMINADA
Y120;ENVENENAMIENTO POR, Y EXPOSICION A NARCOTICOS Y PSICODISLEPTICOS [ALUCINOGENOS], NO CLASIFICADOS EN OTRA PARTE, DE INTENCION NO DETERMINADA, VIVIENDA
Y121;ENVENENAMIENTO POR, Y EXPOSICION A NARCOTICOS Y PSICODISLEPTICOS [ALUCINOGENOS], NO CLASIFICADOS EN OTRA PARTE, DE INTENCION NO DETERMINADA, INSTITUCION RESIDENCIAL
Y122;ENVENENAMIENTO POR, Y EXPOSICION A NARCOTICOS Y PSICODISLEPTICOS [ALUCINOGENOS], NO CLASIFICADOS EN OTRA PARTE, DE INTENCION NO DETERMINADA, ESCUELAS, OTRAS INSTITUCIONES Y AREAS ADMINISTRATIVAS PUBLICAS
Y123;ENVENENAMIENTO POR, Y EXPOSICION A NARCOTICOS Y PSICODISLEPTICOS [ALUCINOGENOS], NO CLASIFICADOS EN OTRA PARTE, DE INTENCION NO DETERMINADA, AREAS DE DEPORTE Y ATLETISMO
Y124;ENVENENAMIENTO POR, Y EXPOSICION A NARCOTICOS Y PSICODISLEPTICOS [ALUCINOGENOS], NO CLASIFICADOS EN OTRA PARTE, DE INTENCION NO DETERMINADA, CALLES Y CARRETERAS
Y125;ENVENENAMIENTO POR, Y EXPOSICION A NARCOTICOS Y PSICODISLEPTICOS [ALUCINOGENOS], NO CLASIFICADOS EN OTRA PARTE, DE INTENCION NO DETERMINADA, COMERCIO Y AREA DE SERVICIOS
Y126;ENVENENAMIENTO POR, Y EXPOSICION A NARCOTICOS Y PSICODISLEPTICOS [ALUCINOGENOS], NO CLASIFICADOS EN OTRA PARTE, DE INTENCION NO DETERMINADA, AREA INDUSTRIAL Y DE LA CONSTRUCCION
Y127;ENVENENAMIENTO POR, Y EXPOSICION A NARCOTICOS Y PSICODISLEPTICOS [ALUCINOGENOS], NO CLASIFICADOS EN OTRA PARTE, DE INTENCION NO DETERMINADA, GRANJA
Y128;ENVENENAMIENTO POR, Y EXPOSICION A NARCOTICOS Y PSICODISLEPTICOS [ALUCINOGENOS], NO CLASIFICADOS EN OTRA PARTE, DE INTENCION NO DETERMINADA, OTRO LUGAR ESPECIFICADO
Y129;ENVENENAMIENTO POR, Y EXPOSICION A NARCOTICOS Y PSICODISLEPTICOS [ALUCINOGENOS], NO CLASIFICADOS EN OTRA PARTE, DE INTENCION NO DETERMINADA, LUGAR NO ESPECIFICADO
Y13;ENVENENAMIENTO POR, Y EXPOSICION A OTRAS DROGAS QUE ACTUAN SOBRE EL SISTEMA NERVIOSO AUTONOMO, DE INTENCION NO DETERMINADA
Y130;ENVENENAMIENTO POR, Y EXPOSICION A OTRAS DROGAS QUE ACTUAN SOBRE EL SISTEMA NERVIOSO AUTONOMO, DE INTENCION NO DETERMINADA, VIVIENDA
Y131;ENVENENAMIENTO POR, Y EXPOSICION A OTRAS DROGAS QUE ACTUAN SOBRE EL SISTEMA NERVIOSO AUTONOMO, DE INTENCION NO DETERMINADA, INSTITUCION RESIDENCIAL
Y132;ENVENENAMIENTO POR, Y EXPOSICION A OTRAS DROGAS QUE ACTUAN SOBRE EL SISTEMA NERVIOSO AUTONOMO, DE INTENCION NO DETERMINADA, ESCUELAS, OTRAS INSTITUCIONES Y AREAS ADMINISTRATIVAS PUBLICAS
Y133;ENVENENAMIENTO POR, Y EXPOSICION A OTRAS DROGAS QUE ACTUAN SOBRE EL SISTEMA NERVIOSO AUTONOMO, DE INTENCION NO DETERMINADA, AREAS DE DEPORTE Y ATLETISMO
Y134;ENVENENAMIENTO POR, Y EXPOSICION A OTRAS DROGAS QUE ACTUAN SOBRE EL SISTEMA NERVIOSO AUTONOMO, DE INTENCION NO DETERMINADA, CALLES Y CARRETERAS
Y135;ENVENENAMIENTO POR, Y EXPOSICION A OTRAS DROGAS QUE ACTUAN SOBRE EL SISTEMA NERVIOSO AUTONOMO, DE INTENCION NO DETERMINADA, COMERCIO Y AREA DE SERVICIOS
Y136;ENVENENAMIENTO POR, Y EXPOSICION A OTRAS DROGAS QUE ACTUAN SOBRE EL SISTEMA NERVIOSO AUTONOMO, DE INTENCION NO DETERMINADA, AREA INDUSTRIAL Y DE LA CONSTRUCCION
Y137;ENVENENAMIENTO POR, Y EXPOSICION A OTRAS DROGAS QUE ACTUAN SOBRE EL SISTEMA NERVIOSO AUTONOMO, DE INTENCION NO DETERMINADA, GRANJA
Y138;ENVENENAMIENTO POR, Y EXPOSICION A OTRAS DROGAS QUE ACTUAN SOBRE EL SISTEMA NERVIOSO AUTONOMO, DE INTENCION NO DETERMINADA, OTRO LUGAR ESPECIFICADO
Y139;ENVENENAMIENTO POR, Y EXPOSICION A OTRAS DROGAS QUE ACTUAN SOBRE EL SISTEMA NERVIOSO AUTONOMO, DE INTENCION NO DETERMINADA, LUGAR NO ESPECIFICADO
Y14;ENVENENAMIENTO POR, Y EXPOSICION A OTRAS DROGAS, MEDICAMENTOS Y SUSTANCIAS BIOLOGICAS, Y LAS NO ESPECIFICADAS, DE INTENCION NO DETERMINADA
Y140;ENVENENAMIENTO POR, Y EXPOSICION A OTRAS DROGAS, MEDICAMENTOS Y SUSTANCIAS BIOLOGICAS, Y LAS NO ESPECIFICADAS, DE INTENCION NO DETERMINADA, VIVIENDA
Y141;ENVENENAMIENTO POR, Y EXPOSICION A OTRAS DROGAS, MEDICAMENTOS Y SUSTANCIAS BIOLOGICAS, Y LAS NO ESPECIFICADAS, DE INTENCION NO DETERMINADA, INSTITUCION RESIDENCIAL
Y142;ENVENENAMIENTO POR, Y EXPOSICION A OTRAS DROGAS, MEDICAMENTOS Y SUSTANCIAS BIOLOGICAS, Y LAS NO ESPECIFICADAS, DE INTENCION NO DETERMINADA, ESCUELAS, OTRAS INSTITUCIONES Y AREAS ADMINISTRATIVAS PUBLICAS
Y143;ENVENENAMIENTO POR, Y EXPOSICION A OTRAS DROGAS, MEDICAMENTOS Y SUSTANCIAS BIOLOGICAS, Y LAS NO ESPECIFICADAS, DE INTENCION NO DETERMINADA, AREAS DE DEPORTE Y ATLETISMO
Y144;ENVENENAMIENTO POR, Y EXPOSICION A OTRAS DROGAS, MEDICAMENTOS Y SUSTANCIAS BIOLOGICAS, Y LAS NO ESPECIFICADAS, DE INTENCION NO DETERMINADA, CALLES Y CARRETERAS
Y145;ENVENENAMIENTO POR, Y EXPOSICION A OTRAS DROGAS, MEDICAMENTOS Y SUSTANCIAS BIOLOGICAS, Y LAS NO ESPECIFICADAS, DE INTENCION NO DETERMINADA, COMERCIO Y AREA DE SERVICIOS
Y146;ENVENENAMIENTO POR, Y EXPOSICION A OTRAS DROGAS, MEDICAMENTOS Y SUSTANCIAS BIOLOGICAS, Y LAS NO ESPECIFICADAS, DE INTENCION NO DETERMINADA, AREA INDUSTRIAL Y DE LA CONSTRUCCION
Y147;ENVENENAMIENTO POR, Y EXPOSICION A OTRAS DROGAS, MEDICAMENTOS Y SUSTANCIAS BIOLOGICAS, Y LAS NO ESPECIFICADAS, DE INTENCION NO DETERMINADA, GRANJA
Y148;ENVENENAMIENTO POR, Y EXPOSICION A OTRAS DROGAS, MEDICAMENTOS Y SUSTANCIAS BIOLOGICAS, Y LAS NO ESPECIFICADAS, DE INTENCION NO DETERMINADA, OTRO LUGAR ESPECIFICADO
Y149;ENVENENAMIENTO POR, Y EXPOSICION A OTRAS DROGAS, MEDICAMENTOS Y SUSTANCIAS BIOLOGICAS, Y LAS NO ESPECIFICADAS, DE INTENCION NO DETERMINADA, LUGAR NO ESPECIFICADO
Y15;ENVENENAMIENTO POR, Y EXPOSICION AL ALCOHOL, DE INTENCION NO DETERMINADA
Y150;ENVENENAMIENTO POR, Y EXPOSICION AL ALCOHOL, DE INTENCION NO DETERMINADA, VIVIENDA
Y151;ENVENENAMIENTO POR, Y EXPOSICION AL ALCOHOL, DE INTENCION NO DETERMINADA, INSTITUCION RESIDENCIAL
Y152;ENVENENAMIENTO POR, Y EXPOSICION AL ALCOHOL, DE INTENCION NO DETERMINADA, ESCUELAS, OTRAS INSTITUCIONES Y AREAS ADMINISTRATIVAS PUBLICAS
Y153;ENVENENAMIENTO POR, Y EXPOSICION AL ALCOHOL, DE INTENCION NO DETERMINADA, AREAS DE DEPORTE Y ATLETISMO
Y154;ENVENENAMIENTO POR, Y EXPOSICION AL ALCOHOL, DE INTENCION NO DETERMINADA, CALLES Y CARRETERAS
Y155;ENVENENAMIENTO POR, Y EXPOSICION AL ALCOHOL, DE INTENCION NO DETERMINADA, COMERCIO Y AREA DE SERVICIOS
Y156;ENVENENAMIENTO POR, Y EXPOSICION AL ALCOHOL, DE INTENCION NO DETERMINADA, AREA INDUSTRIAL Y DE LA CONSTRUCCION
Y157;ENVENENAMIENTO POR, Y EXPOSICION AL ALCOHOL, DE INTENCION NO DETERMINADA, GRANJA
Y158;ENVENENAMIENTO POR, Y EXPOSICION AL ALCOHOL, DE INTENCION NO DETERMINADA, OTRO LUGAR ESPECIFICADO
Y159;ENVENENAMIENTO POR, Y EXPOSICION AL ALCOHOL, DE INTENCION NO DETERMINADA, LUGAR NO ESPECIFICADO
Y16;ENVENENAMIENTO POR, Y EXPOSICION A DISOLVENTES ORGANICOS E HIDROCARBUROS HALOGENADOS Y SUS VAPORES, DE INTENCION NO DETERMINADA
Y160;ENVENENAMIENTO POR, Y EXPOSICION A DISOLVENTES ORGANICOS E HIDROCARBUROS HALOGENADOS Y SUS VAPORES, DE INTENCION NO DETERMINADA, VIVIENDA
Y161;ENVENENAMIENTO POR, Y EXPOSICION A DISOLVENTES ORGANICOS E HIDROCARBUROS HALOGENADOS Y SUS VAPORES, DE INTENCION NO DETERMINADA, INSTITUCION RESIDENCIAL
Y162;ENVENENAMIENTO POR, Y EXPOSICION A DISOLVENTES ORGANICOS E HIDROCARBUROS HALOGENADOS Y SUS VAPORES, DE INTENCION NO DETERMINADA, ESCUELAS, OTRAS INSTITUCIONES Y AREAS ADMINISTRATIVAS PUBLICAS
Y163;ENVENENAMIENTO POR, Y EXPOSICION A DISOLVENTES ORGANICOS E HIDROCARBUROS HALOGENADOS Y SUS VAPORES, DE INTENCION NO DETERMINADA, AREAS DE DEPORTE Y ATLETISMO
Y164;ENVENENAMIENTO POR, Y EXPOSICION A DISOLVENTES ORGANICOS E HIDROCARBUROS HALOGENADOS Y SUS VAPORES, DE INTENCION NO DETERMINADA, CALLES Y CARRETERAS
Y165;ENVENENAMIENTO POR, Y EXPOSICION A DISOLVENTES ORGANICOS E HIDROCARBUROS HALOGENADOS Y SUS VAPORES, DE INTENCION NO DETERMINADA, COMERCIO Y AREA DE SERVICIOS
Y166;ENVENENAMIENTO POR, Y EXPOSICION A DISOLVENTES ORGANICOS E HIDROCARBUROS HALOGENADOS Y SUS VAPORES, DE INTENCION NO DETERMINADA, AREA INDUSTRIAL Y DE LA CONSTRUCCION
Y167;ENVENENAMIENTO POR, Y EXPOSICION A DISOLVENTES ORGANICOS E HIDROCARBUROS HALOGENADOS Y SUS VAPORES, DE INTENCION NO DETERMINADA, GRANJA
Y168;ENVENENAMIENTO POR, Y EXPOSICION A DISOLVENTES ORGANICOS E HIDROCARBUROS HALOGENADOS Y SUS VAPORES, DE INTENCION NO DETERMINADA, OTRO LUGAR ESPECIFICADO
Y169;ENVENENAMIENTO POR, Y EXPOSICION A DISOLVENTES ORGANICOS E HIDROCARBUROS HALOGENADOS Y SUS VAPORES, DE INTENCION NO DETERMINADA, LUGAR NO ESPECIFICADO
Y17;ENVENENAMIENTO POR, Y EXPOSICION A OTROS GASES Y VAPORES, DE INTENCION NO DETERMINADA
Y170;ENVENENAMIENTO POR, Y EXPOSICION A OTROS GASES Y VAPORES, DE INTENCION NO DETERMINADA, VIVIENDA
Y171;ENVENENAMIENTO POR, Y EXPOSICION A OTROS GASES Y VAPORES, DE INTENCION NO DETERMINADA, INSTITUCION RESIDENCIAL
Y172;ENVENENAMIENTO POR, Y EXPOSICION A OTROS GASES Y VAPORES, DE INTENCION NO DETERMINADA, ESCUELAS, OTRAS INSTITUCIONES Y AREAS ADMINISTRATIVAS PUBLICAS
Y173;ENVENENAMIENTO POR, Y EXPOSICION A OTROS GASES Y VAPORES, DE INTENCION NO DETERMINADA, AREAS DE DEPORTE Y ATLETISMO
Y174;ENVENENAMIENTO POR, Y EXPOSICION A OTROS GASES Y VAPORES, DE INTENCION NO DETERMINADA, CALLES Y CARRETERAS
Y175;ENVENENAMIENTO POR, Y EXPOSICION A OTROS GASES Y VAPORES, DE INTENCION NO DETERMINADA, COMERCIO Y AREA DE SERVICIOS
Y176;ENVENENAMIENTO POR, Y EXPOSICION A OTROS GASES Y VAPORES, DE INTENCION NO DETERMINADA, AREA INDUSTRIAL Y DE LA CONSTRUCCION
Y177;ENVENENAMIENTO POR, Y EXPOSICION A OTROS GASES Y VAPORES, DE INTENCION NO DETERMINADA, GRANJA
Y178;ENVENENAMIENTO POR, Y EXPOSICION A OTROS GASES Y VAPORES, DE INTENCION NO DETERMINADA, OTRO LUGAR ESPECIFICADO
Y179;ENVENENAMIENTO POR, Y EXPOSICION A OTROS GASES Y VAPORES, DE INTENCION NO DETERMINADA, LUGAR NO ESPECIFICADO
Y18;ENVENENAMIENTO POR, Y EXPOSICION A PLAGUICIDAS, DE INTENCION NO DETERMINADA
Y180;ENVENENAMIENTO POR, Y EXPOSICION A PLAGUICIDAS, DE INTENCION NO DETERMINADA, VIVIENDA
Y181;ENVENENAMIENTO POR, Y EXPOSICION A PLAGUICIDAS, DE INTENCION NO DETERMINADA, INSTITUCION RESIDENCIAL
Y182;ENVENENAMIENTO POR, Y EXPOSICION A PLAGUICIDAS, DE INTENCION NO DETERMINADA, ESCUELAS, OTRAS INSTITUCIONES Y AREAS ADMINISTRATIVAS PUBLICAS
Y183;ENVENENAMIENTO POR, Y EXPOSICION A PLAGUICIDAS, DE INTENCION NO DETERMINADA, AREAS DE DEPORTE Y ATLETISMO
Y184;ENVENENAMIENTO POR, Y EXPOSICION A PLAGUICIDAS, DE INTENCION NO DETERMINADA, CALLES Y CARRETERAS
Y185;ENVENENAMIENTO POR, Y EXPOSICION A PLAGUICIDAS, DE INTENCION NO DETERMINADA, COMERCIO Y AREA DE SERVICIOS
Y186;ENVENENAMIENTO POR, Y EXPOSICION A PLAGUICIDAS, DE INTENCION NO DETERMINADA, AREA INDUSTRIAL Y DE LA CONSTRUCCION
Y187;ENVENENAMIENTO POR, Y EXPOSICION A PLAGUICIDAS, DE INTENCION NO DETERMINADA, GRANJA
Y188;ENVENENAMIENTO POR, Y EXPOSICION A PLAGUICIDAS, DE INTENCION NO DETERMINADA, OTRO LUGAR ESPECIFICADO
Y189;ENVENENAMIENTO POR, Y EXPOSICION A PLAGUICIDAS, DE INTENCION NO DETERMINADA, LUGAR NO ESPECIFICADO
Y19;ENVENENAMIENTO POR, Y EXPOSICION A OTROS PRODUCTOS QUIMICOS Y SUSTANCIAS NOCIVAS, Y LOS NO ESPECIFICADOS, DE INTENCION NO DETERMINADA
Y190;ENVENENAMIENTO POR, Y EXPOSICION A OTROS PRODUCTOS QUIMICOS Y SUSTANCIAS NOCIVAS, Y LOS NO ESPECIFICADOS, DE INTENCION NO DETERMINADA, VIVIENDA
Y191;ENVENENAMIENTO POR, Y EXPOSICION A OTROS PRODUCTOS QUIMICOS Y SUSTANCIAS NOCIVAS, Y LOS NO ESPECIFICADOS, DE INTENCION NO DETERMINADA, INSTITUCION RESIDENCIAL
Y192;ENVENENAMIENTO POR, Y EXPOSICION A OTROS PRODUCTOS QUIMICOS Y SUSTANCIAS NOCIVAS, Y LOS NO ESPECIFICADOS, DE INTENCION NO DETERMINADA, ESCUELAS, OTRAS INSTITUCIONES Y AREAS ADMINISTRATIVAS PUBLICAS
Y193;ENVENENAMIENTO POR, Y EXPOSICION A OTROS PRODUCTOS QUIMICOS Y SUSTANCIAS NOCIVAS, Y LOS NO ESPECIFICADOS, DE INTENCION NO DETERMINADA, AREAS DE DEPORTE Y ATLETISMO
Y194;ENVENENAMIENTO POR, Y EXPOSICION A OTROS PRODUCTOS QUIMICOS Y SUSTANCIAS NOCIVAS, Y LOS NO ESPECIFICADOS, DE INTENCION NO DETERMINADA, CALLES Y CARRETERAS
Y195;ENVENENAMIENTO POR, Y EXPOSICION A OTROS PRODUCTOS QUIMICOS Y SUSTANCIAS NOCIVAS, Y LOS NO ESPECIFICADOS, DE INTENCION NO DETERMINADA, COMERCIO Y AREA DE SERVICIOS
Y196;ENVENENAMIENTO POR, Y EXPOSICION A OTROS PRODUCTOS QUIMICOS Y SUSTANCIAS NOCIVAS, Y LOS NO ESPECIFICADOS, DE INTENCION NO DETERMINADA, AREA INDUSTRIAL Y DE LA CONSTRUCCION
Y197;ENVENENAMIENTO POR, Y EXPOSICION A OTROS PRODUCTOS QUIMICOS Y SUSTANCIAS NOCIVAS, Y LOS NO ESPECIFICADOS, DE INTENCION NO DETERMINADA, GRANJA
Y198;ENVENENAMIENTO POR, Y EXPOSICION A OTROS PRODUCTOS QUIMICOS Y SUSTANCIAS NOCIVAS, Y LOS NO ESPECIFICADOS, DE INTENCION NO DETERMINADA, OTRO LUGAR ESPECIFICADO
Y199;ENVENENAMIENTO POR, Y EXPOSICION A OTROS PRODUCTOS QUIMICOS Y SUSTANCIAS NOCIVAS, Y LOS NO ESPECIFICADOS, DE INTENCION NO DETERMINADA, LUGAR NO ESPECIFICADO
Y20;AHORCAMIENTO, ESTRANGULAMIENTO Y SOFOCACION, DE INTENCION NO DETERMINADA
Y200;AHORCAMIENTO, ESTRANGULAMIENTO Y SOFOCACION, DE INTENCION NO DETERMINADA, VIVIENDA
Y201;AHORCAMIENTO, ESTRANGULAMIENTO Y SOFOCACION, DE INTENCION NO DETERMINADA, INSTITUCION RESIDENCIAL
Y202;AHORCAMIENTO, ESTRANGULAMIENTO Y SOFOCACION, DE INTENCION NO DETERMINADA, ESCUELAS, OTRAS INSTITUCIONES Y AREAS ADMINISTRATIVAS PUBLICAS
Y203;AHORCAMIENTO, ESTRANGULAMIENTO Y SOFOCACION, DE INTENCION NO DETERMINADA, AREAS DE DEPORTE Y ATLETISMO
Y204;AHORCAMIENTO, ESTRANGULAMIENTO Y SOFOCACION, DE INTENCION NO DETERMINADA, CALLES Y CARRETERAS
Y205;AHORCAMIENTO, ESTRANGULAMIENTO Y SOFOCACION, DE INTENCION NO DETERMINADA, COMERCIO Y AREA DE SERVICIOS
Y206;AHORCAMIENTO, ESTRANGULAMIENTO Y SOFOCACION, DE INTENCION NO DETERMINADA, AREA INDUSTRIAL Y DE LA CONSTRUCCION
Y207;AHORCAMIENTO, ESTRANGULAMIENTO Y SOFOCACION, DE INTENCION NO DETERMINADA, GRANJA
Y208;AHORCAMIENTO, ESTRANGULAMIENTO Y SOFOCACION, DE INTENCION NO DETERMINADA, OTRO LUGAR ESPECIFICADO
Y209;AHORCAMIENTO, ESTRANGULAMIENTO Y SOFOCACION, DE INTENCION NO DETERMINADA, LUGAR NO ESPECIFICADO
Y21;AHOGAMIENTO Y SUMERSION, DE INTENCION NO DETERMINADA
Y210;AHOGAMIENTO Y SUMERSION, DE INTENCION NO DETERMINADA, VIVIENDA
Y211;AHOGAMIENTO Y SUMERSION, DE INTENCION NO DETERMINADA, INSTITUCION RESIDENCIAL
Y212;AHOGAMIENTO Y SUMERSION, DE INTENCION NO DETERMINADA, ESCUELAS, OTRAS INSTITUCIONES Y AREAS ADMINISTRATIVAS PUBLICAS
Y213;AHOGAMIENTO Y SUMERSION, DE INTENCION NO DETERMINADA, AREAS DE DEPORTE Y ATLETISMO
Y214;AHOGAMIENTO Y SUMERSION, DE INTENCION NO DETERMINADA, CALLES Y CARRETERAS
Y215;AHOGAMIENTO Y SUMERSION, DE INTENCION NO DETERMINADA, COMERCIO Y AREA DE SERVICIOS
Y216;AHOGAMIENTO Y SUMERSION, DE INTENCION NO DETERMINADA, AREA INDUSTRIAL Y DE LA CONSTRUCCION
Y217;AHOGAMIENTO Y SUMERSION, DE INTENCION NO DETERMINADA, GRANJA
Y218;AHOGAMIENTO Y SUMERSION, DE INTENCION NO DETERMINADA, OTRO LUGAR ESPECIFICADO
Y219;AHOGAMIENTO Y SUMERSION, DE INTENCION NO DETERMINADA, LUGAR NO ESPECIFICADO
Y22;DISPARO DE ARMA CORTA, DE INTENCION NO DETERMINADA
Y220;DISPARO DE ARMA CORTA, DE INTENCION NO DETERMINADA, VIVIENDA
Y221;DISPARO DE ARMA CORTA, DE INTENCION NO DETERMINADA, INSTITUCION RESIDENCIAL
Y222;DISPARO DE ARMA CORTA, DE INTENCION NO DETERMINADA, ESCUELAS, OTRAS INSTITUCIONES Y AREAS ADMINISTRATIVAS PUBLICAS
Y223;DISPARO DE ARMA CORTA, DE INTENCION NO DETERMINADA, AREAS DE DEPORTE Y ATLETISMO
Y224;DISPARO DE ARMA CORTA, DE INTENCION NO DETERMINADA, CALLES Y CARRETERAS
Y225;DISPARO DE ARMA CORTA, DE INTENCION NO DETERMINADA, COMERCIO Y AREA DE SERVICIOS
Y226;DISPARO DE ARMA CORTA, DE INTENCION NO DETERMINADA, AREA INDUSTRIAL Y DE LA CONSTRUCCION
Y227;DISPARO DE ARMA CORTA, DE INTENCION NO DETERMINADA, GRANJA
Y228;DISPARO DE ARMA CORTA, DE INTENCION NO DETERMINADA, OTRO LUGAR ESPECIFICADO
Y229;DISPARO DE ARMA CORTA, DE INTENCION NO DETERMINADA, LUGAR NO ESPECIFICADO
Y23;DISPARO DE RIFLE, ESCOPETA Y ARMA LARGA, DE INTENCION NO DETERMINADA
Y230;DISPARO DE RIFLE, ESCOPETA Y ARMA LARGA, DE INTENCION NO DETERMINADA, VIVIENDA
Y231;DISPARO DE RIFLE, ESCOPETA Y ARMA LARGA, DE INTENCION NO DETERMINADA, INSTITUCION RESIDENCIAL
Y232;DISPARO DE RIFLE, ESCOPETA Y ARMA LARGA, DE INTENCION NO DETERMINADA, ESCUELAS, OTRAS INSTITUCIONES Y AREAS ADMINISTRATIVAS PUBLICAS
Y233;DISPARO DE RIFLE, ESCOPETA Y ARMA LARGA, DE INTENCION NO DETERMINADA, AREAS DE DEPORTE Y ATLETISMO
Y234;DISPARO DE RIFLE, ESCOPETA Y ARMA LARGA, DE INTENCION NO DETERMINADA, CALLES Y CARRETERAS
Y235;DISPARO DE RIFLE, ESCOPETA Y ARMA LARGA, DE INTENCION NO DETERMINADA, COMERCIO Y AREA DE SERVICIOS
Y236;DISPARO DE RIFLE, ESCOPETA Y ARMA LARGA, DE INTENCION NO DETERMINADA, AREA INDUSTRIAL Y DE LA CONSTRUCCION
Y237;DISPARO DE RIFLE, ESCOPETA Y ARMA LARGA, DE INTENCION NO DETERMINADA, GRANJA
Y238;DISPARO DE RIFLE, ESCOPETA Y ARMA LARGA, DE INTENCION NO DETERMINADA, OTRO LUGAR ESPECIFICADO
Y239;DISPARO DE RIFLE, ESCOPETA Y ARMA LARGA, DE INTENCION NO DETERMINADA, LUGAR NO ESPECIFICADO
Y24;DISPARO DE OTRAS ARMAS DE FUEGO, Y LAS NO ESPECIFICADAS, DE INTENCION NO DETERMINADA
Y240;DISPARO DE OTRAS ARMAS DE FUEGO Y LAS NO ESPECIFICADAS, DE INTENCION NO DETERMINADA, VIVIENDA
Y241;DISPARO DE OTRAS ARMAS DE FUEGO, Y LAS NO ESPECIFICADAS, DE INTENCION NO DETERMINADA, INSTITUCION RESIDENCIAL
Y242;DISPARO DE OTRAS ARMAS DE FUEGO, Y LAS NO ESPECIFICADAS, DE INTENCION NO DETERMINADA, ESCUELAS, OTRAS INSTITUCIONES Y AREAS ADMINISTRATIVAS PUBLICAS
Y243;DISPARO DE OTRAS ARMAS DE FUEGO, Y LAS NO ESPECIFICADAS, DE INTENCION NO DETERMINADA, AREAS DE DEPORTE Y ATLETISMO
Y244;DISPARO DE OTRAS ARMAS DE FUEGO, Y LAS NO ESPECIFICADAS, DE INTENCION NO DETERMINADA, CALLES Y CARRETERAS
Y245;DISPARO DE OTRAS ARMAS DE FUEGO, Y LAS NO ESPECIFICADAS, DE INTENCION NO DETERMINADA, COMERCIO Y AREA DE SERVICIOS
Y246;DISPARO DE OTRAS ARMAS DE FUEGO, Y LAS NO ESPECIFICADAS, DE INTENCION NO DETERMINADA, AREA INDUSTRIAL Y DE LA CONSTRUCCION
Y247;DISPARO DE OTRAS ARMAS DE FUEGO, Y LAS NO ESPECIFICADAS, DE INTENCION NO DETERMINADA, GRANJA
Y248;DISPARO DE OTRAS ARMAS DE FUEGO, Y LAS NO ESPECIFICADAS, DE INTENCION NO DETERMINADA, OTRO LUGAR ESPECIFICADO
Y249;DISPARO DE OTRAS ARMAS DE FUEGO, Y LAS NO ESPECIFICADAS, DE INTENCION NO DETERMINADA, LUGAR NO ESPECIFICADO
Y25;CONTACTO TRAUMATICO CON MATERIAL EXPLOSIVO, DE INTENCION NO DETERMINADA
Y250;CONTACTO TRAUMATICO CON MATERIAL EXPLOSIVO, DE INTENCION NO DETERMINADA, VIVIENDA
Y251;CONTACTO TRAUMATICO CON MATERIAL EXPLOSIVO, DE INTENCION NO DETERMINADA, INSTITUCION RESIDENCIAL
Y252;CONTACTO TRAUMATICO CON MATERIAL EXPLOSIVO, DE INTENCION NO DETERMINADA, ESCUELAS, OTRAS INSTITUCIONES Y AREAS ADMINISTRATIVAS PUBLICAS
Y253;CONTACTO TRAUMATICO CON MATERIAL EXPLOSIVO, DE INTENCION NO DETERMINADA, AREAS DE DEPORTE Y ATLETISMO
Y254;CONTACTO TRAUMATICO CON MATERIAL EXPLOSIVO, DE INTENCION NO DETERMINADA, CALLES Y CARRETERAS
Y255;CONTACTO TRAUMATICO CON MATERIAL EXPLOSIVO, DE INTENCION NO DETERMINADA, COMERCIO Y AREA DE SERVICIOS
Y256;CONTACTO TRAUMATICO CON MATERIAL EXPLOSIVO, DE INTENCION NO DETERMINADA, AREA INDUSTRIAL Y DE LA CONSTRUCCION
Y257;CONTACTO TRAUMATICO CON MATERIAL EXPLOSIVO, DE INTENCION NO DETERMINADA, GRANJA
Y258;CONTACTO TRAUMATICO CON MATERIAL EXPLOSIVO, DE INTENCION NO DETERMINADA, OTRO LUGAR ESPECIFICADO
Y259;CONTACTO TRAUMATICO CON MATERIAL EXPLOSIVO, DE INTENCION NO DETERMINADA, LUGAR NO ESPECIFICADO
Y26;EXPOSICION AL HUMO, FUEGO Y LLAMAS, DE INTENCION NO DETERMINADA
Y260;EXPOSICION AL HUMO, FUEGO Y LLAMAS, DE INTENCION NO DETERMINADA, VIVIENDA
Y261;EXPOSICION AL HUMO, FUEGO Y LLAMAS, DE INTENCION NO DETERMINADA, INSTITUCION RESIDENCIAL
Y262;EXPOSICION AL HUMO, FUEGO Y LLAMAS, DE INTENCION NO DETERMINADA, ESCUELAS, OTRAS INSTITUCIONES Y AREAS ADMINISTRATIVAS PUBLICAS
Y263;EXPOSICION AL HUMO, FUEGO Y LLAMAS, DE INTENCION NO DETERMINADA, AREAS DE DEPORTE Y ATLETISMO
Y264;EXPOSICION AL HUMO, FUEGO Y LLAMAS, DE INTENCION NO DETERMINADA, CALLES Y CARRETERAS
Y265;EXPOSICION AL HUMO, FUEGO Y LLAMAS, DE INTENCION NO DETERMINADA, COMERCIO Y AREA DE SERVICIOS
Y266;EXPOSICION AL HUMO, FUEGO Y LLAMAS, DE INTENCION NO DETERMINADA, AREA INDUSTRIAL Y DE LA CONSTRUCCION
Y267;EXPOSICION AL HUMO, FUEGO Y LLAMAS, DE INTENCION NO DETERMINADA, GRANJA
Y268;EXPOSICION AL HUMO, FUEGO Y LLAMAS, DE INTENCION NO DETERMINADA, OTRO LUGAR ESPECIFICADO
Y269;EXPOSICION AL HUMO, FUEGO Y LLAMAS, DE INTENCION NO DETERMINADA, LUGAR NO ESPECIFICADO
Y27;CONTACTO CON VAPOR DE AGUA, VAPORES Y OBJETOS CALIENTES, DE INTENCION NO DETERMINADA
Y270;CONTACTO CON VAPOR DE AGUA, VAPORES Y OBJETOS CALIENTES, DE INTENCION NO DETERMINADA, VIVIENDA
Y271;CONTACTO CON VAPOR DE AGUA, VAPORES Y OBJETOS CALIENTES, DE INTENCION NO DETERMINADA, INSTITUCION RESIDENCIAL
Y272;CONTACTO CON VAPOR DE AGUA, VAPORES Y OBJETOS CALIENTES, DE INTENCION NO DETERMINADA, ESCUELAS, OTRAS INSTITUCIONES Y AREAS ADMINISTRATIVAS PUBLICAS
Y273;CONTACTO CON VAPOR DE AGUA, VAPORES Y OBJETOS CALIENTES, DE INTENCION NO DETERMINADA, AREAS DE DEPORTE Y ATLETISMO
Y274;CONTACTO CON VAPOR DE AGUA, VAPORES Y OBJETOS CALIENTES, DE INTENCION NO DETERMINADA, CALLES Y CARRETERAS
Y275;CONTACTO CON VAPOR DE AGUA, VAPORES Y OBJETOS CALIENTES, DE INTENCION NO DETERMINADA, COMERCIO Y AREA DE SERVICIOS
Y276;CONTACTO CON VAPOR DE AGUA, VAPORES Y OBJETOS CALIENTES, DE INTENCION NO DETERMINADA, AREA INDUSTRIAL Y DE LA CONSTRUCCION
Y277;CONTACTO CON VAPOR DE AGUA, VAPORES Y OBJETOS CALIENTES, DE INTENCION NO DETERMINADA, GRANJA
Y278;CONTACTO CON VAPOR DE AGUA, VAPORES Y OBJETOS CALIENTES, DE INTENCION NO DETERMINADA, OTRO LUGAR ESPECIFICADO
Y279;CONTACTO CON VAPOR DE AGUA, VAPORES Y OBJETOS CALIENTES, DE INTENCION NO DETERMINADA, LUGAR NO ESPECIFICADO
Y28;CONTACTO TRAUMATICO CON OBJETO CORTANTE, DE INTENCION NO DETERMINADA
Y280;CONTACTO TRAUMATICO CON OBJETO CORTANTE, DE INTENCION NO DETERMINADA, VIVIENDA
Y281;CONTACTO TRAUMATICO CON OBJETO CORTANTE, DE INTENCION NO DETERMINADA, INSTITUCION RESIDENCIAL
Y282;CONTACTO TRAUMATICO CON OBJETO CORTANTE, DE INTENCION NO DETERMINADA, ESCUELAS, OTRAS INSTITUCIONES Y AREAS ADMINISTRATIVAS PUBLICAS
Y283;CONTACTO TRAUMATICO CON OBJETO CORTANTE, DE INTENCION NO DETERMINADA, AREAS DE DEPORTE Y ATLETISMO
Y284;CONTACTO TRAUMATICO CON OBJETO CORTANTE, DE INTENCION NO DETERMINADA, CALLES Y CARRETERAS
Y285;CONTACTO TRAUMATICO CON OBJETO CORTANTE, DE INTENCION NO DETERMINADA, COMERCIO Y AREA DE SERVICIOS
Y286;CONTACTO TRAUMATICO CON OBJETO CORTANTE, DE INTENCION NO DETERMINADA, AREA INDUSTRIAL Y DE LA CONSTRUCCION
Y287;CONTACTO TRAUMATICO CON OBJETO CORTANTE, DE INTENCION NO DETERMINADA, GRANJA
Y288;CONTACTO TRAUMATICO CON OBJETO CORTANTE, DE INTENCION NO DETERMINADA, OTRO LUGAR ESPECIFICADO
Y289;CONTACTO TRAUMATICO CON OBJETO CORTANTE, DE INTENCION NO DETERMINADA, LUGAR NO ESPECIFICADO
Y29;CONTACTO TRAUMATICO CON OBJETO ROMO O SIN FILO, DE INTENCION NO DETERMINADA
Y290;CONTACTO TRAUMATICO CON OBJETO ROMO O SIN FILO, DE INTENCION NO DETERMINADA, VIVIENDA
Y291;CONTACTO TRAUMATICO CON OBJETO ROMO O SIN FILO, DE INTENCION NO DETERMINADA, INSTITUCION RESIDENCIAL
Y292;CONTACTO TRAUMATICO CON OBJETO ROMO O SIN FILO, DE INTENCION NO DETERMINADA, ESCUELAS, OTRAS INSTITUCIONES Y AREAS ADMINISTRATIVAS PUBLICAS
Y293;CONTACTO TRAUMATICO CON OBJETO ROMO O SIN FILO, DE INTENCION NO DETERMINADA, AREAS DE DEPORTE Y ATLETISMO
Y294;CONTACTO TRAUMATICO CON OBJETO ROMO O SIN FILO, DE INTENCION NO DETERMINADA, CALLES Y CARRETERAS
Y295;CONTACTO TRAUMATICO CON OBJETO ROMO O SIN FILO, DE INTENCION NO DETERMINADA, COMERCIO Y AREA DE SERVICIOS
Y296;CONTACTO TRAUMATICO CON OBJETO ROMO O SIN FILO, DE INTENCION NO DETERMINADA, AREA INDUSTRIAL Y DE LA CONSTRUCCION
Y297;CONTACTO TRAUMATICO CON OBJETO ROMO O SIN FILO, DE INTENCION NO DETERMINADA, GRANJA
Y298;CONTACTO TRAUMATICO CON OBJETO ROMO O SIN FILO, DE INTENCION NO DETERMINADA, OTRO LUGAR ESPECIFICADO
Y299;CONTACTO TRAUMATICO CON OBJETO ROMO O SIN FILO, DE INTENCION NO DETERMINADA, LUGAR NO ESPECIFICADO
Y30;CAIDA, SALTO O EMPUJON DESDE LUGAR ELEVADO, DE INTENCION NO DETERMINADA
Y300;CAIDA, SALTO O EMPUJON DESDE LUGAR ELEVADO, DE INTENCION NO DETERMINADA, VIVIENDA
Y301;CAIDA, SALTO O EMPUJON DESDE LUGAR ELEVADO, DE INTENCION NO DETERMINADA, INSTITUCION RESIDENCIAL
Y302;CAIDA, SALTO O EMPUJON DESDE LUGAR ELEVADO, DE INTENCION NO DETERMINADA, ESCUELAS, OTRAS INSTITUCIONES Y AREAS ADMINISTRATIVAS PUBLICAS
Y303;CAIDA, SALTO O EMPUJON DESDE LUGAR ELEVADO, DE INTENCION NO DETERMINADA, AREAS DE DEPORTE Y ATLETISMO
Y304;CAIDA, SALTO O EMPUJON DESDE LUGAR ELEVADO, DE INTENCION NO DETERMINADA, CALLES Y CARRETERAS
Y305;CAIDA, SALTO O EMPUJON DESDE LUGAR ELEVADO, DE INTENCION NO DETERMINADA, COMERCIO Y AREA DE SERVICIOS
Y306;CAIDA, SALTO O EMPUJON DESDE LUGAR ELEVADO, DE INTENCION NO DETERMINADA, AREA INDUSTRIAL Y DE LA CONSTRUCCION
Y307;CAIDA, SALTO O EMPUJON DESDE LUGAR ELEVADO, DE INTENCION NO DETERMINADA, GRANJA
Y308;CAIDA, SALTO O EMPUJON DESDE LUGAR ELEVADO, DE INTENCION NO DETERMINADA, OTRO LUGAR ESPECIFICADO
Y309;CAIDA, SALTO O EMPUJON DESDE LUGAR ELEVADO, DE INTENCION NO DETERMINADA, LUGAR NO ESPECIFICADO
Y31;CAIDA, PERMANENCIA O CARRERA DELANTE O HACIA OBJETO EN MOVIMIENTO, DE INTENCION NO DETERMINADA
Y310;CAIDA, PERMANENCIA O CARRERA DELANTE O HACIA OBJETO EN MOVIMIENTO, DE INTENCION NO DETERMINADA, VIVIENDA
Y311;CAIDA, PERMANENCIA O CARRERA DELANTE O HACIA OBJETO EN MOVIMIENTO, DE INTENCION NO DETERMINADA, INSTITUCION RESIDENCIAL
Y312;CAIDA, PERMANENCIA O CARRERA DELANTE O HACIA OBJETO EN MOVIMIENTO, DE INTENCION NO DETERMINADA, ESCUELAS, OTRAS INSTITUCIONES Y AREAS ADMINISTRATIVAS PUBLICAS
Y313;CAIDA, PERMANENCIA O CARRERA DELANTE O HACIA OBJETO EN MOVIMIENTO, DE INTENCION NO DETERMINADA, AREAS DE DEPORTE Y ATLETISMO
Y314;CAIDA, PERMANENCIA O CARRERA DELANTE O HACIA OBJETO EN MOVIMIENTO, DE INTENCION NO DETERMINADA, CALLES Y CARRETERAS
Y315;CAIDA, PERMANENCIA O CARRERA DELANTE O HACIA OBJETO EN MOVIMIENTO, DE INTENCION NO DETERMINADA, COMERCIO Y AREA DE SERVICIOS
Y316;CAIDA, PERMANENCIA O CARRERA DELANTE O HACIA OBJETO EN MOVIMIENTO, DE INTENCION NO DETERMINADA, AREA INDUSTRIAL Y DE LA CONSTRUCCION
Y317;CAIDA, PERMANENCIA O CARRERA DELANTE O HACIA OBJETO EN MOVIMIENTO, DE INTENCION NO DETERMINADA, GRANJA
Y318;CAIDA, PERMANENCIA O CARRERA DELANTE O HACIA OBJETO EN MOVIMIENTO, DE INTENCION NO DETERMINADA, OTRO LUGAR ESPECIFICADO
Y319;CAIDA, PERMANENCIA O CARRERA DELANTE O HACIA OBJETO EN MOVIMIENTO, DE INTENCION NO DETERMINADA, LUGAR NO ESPECIFICADO
Y32;COLISION DE VEHICULO DE MOTOR, DE INTENCION NO DETERMINADA
Y320;COLISION DE VEHICULO DE MOTOR, DE INTENCION NO DETERMINADA, VIVIENDA
Y321;COLISION DE VEHICULO DE MOTOR, DE INTENCION NO DETERMINADA, INSTITUCION RESIDENCIAL
Y322;COLISION DE VEHICULO DE MOTOR, DE INTENCION NO DETERMINADA, ESCUELAS, OTRAS INSTITUCIONES Y AREAS ADMINISTRATIVAS PUBLICAS
Y323;COLISION DE VEHICULO DE MOTOR, DE INTENCION NO DETERMINADA, AREAS DE DEPORTE Y ATLETISMO
Y324;COLISION DE VEHICULO DE MOTOR, DE INTENCION NO DETERMINADA, CALLES Y CARRETERAS
Y325;COLISION DE VEHICULO DE MOTOR, DE INTENCION NO DETERMINADA, COMERCIO Y AREA DE SERVICIOS
Y326;COLISION DE VEHICULO DE MOTOR, DE INTENCION NO DETERMINADA, AREA INDUSTRIAL Y DE LA CONSTRUCCION
Y327;COLISION DE VEHICULO DE MOTOR, DE INTENCION NO DETERMINADA, GRANJA
Y328;COLISION DE VEHICULO DE MOTOR, DE INTENCION NO DETERMINADA, OTRO LUGAR ESPECIFICADO
Y329;COLISION DE VEHICULO DE MOTOR, DE INTENCION NO DETERMINADA, LUGAR NO ESPECIFICADO
Y33;OTROS EVENTOS ESPECIFICADOS, DE INTENCION NO DETERMINADA
Y330;OTROS EVENTOS ESPECIFICADOS, DE INTENCION NO DETERMINADA, VIVIENDA
Y331;OTROS EVENTOS ESPECIFICADOS, DE INTENCION NO DETERMINADA, INSTITUCION RESIDENCIAL
Y332;OTROS EVENTOS ESPECIFICADOS, DE INTENCION NO DETERMINADA, ESCUELAS, OTRAS INSTITUCIONES Y AREAS ADMINISTRATIVAS PUBLICAS
Y333;OTROS EVENTOS ESPECIFICADOS, DE INTENCION NO DETERMINADA, AREAS DE DEPORTE Y ATLETISMO
Y334;OTROS EVENTOS ESPECIFICADOS, DE INTENCION NO DETERMINADA, CALLES Y CARRETERAS
Y335;OTROS EVENTOS ESPECIFICADOS, DE INTENCION NO DETERMINADA, COMERCIO Y AREA DE SERVICIOS
Y336;OTROS EVENTOS ESPECIFICADOS, DE INTENCION NO DETERMINADA, AREA INDUSTRIAL Y DE LA CONSTRUCCION
Y337;OTROS EVENTOS ESPECIFICADOS, DE INTENCION NO DETERMINADA, GRANJA
Y338;OTROS EVENTOS ESPECIFICADOS, DE INTENCION NO DETERMINADA, OTRO LUGAR ESPECIFICADO
Y339;OTROS EVENTOS ESPECIFICADOS, DE INTENCION NO DETERMINADA, LUGAR NO ESPECIFICADO
Y34;EVENTO NO ESPECIFICADO, DE INTENCION NO DETERMINADA
Y340;EVENTO NO ESPECIFICADO, DE INTENCION NO DETERMINADA, VIVIENDA
Y341;EVENTO NO ESPECIFICADO, DE INTENCION NO DETERMINADA, INSTITUCION RESIDENCIAL
Y342;EVENTO NO ESPECIFICADO, DE INTENCION NO DETERMINADA, ESCUELAS, OTRAS INSTITUCIONES Y AREAS ADMINISTRATIVAS PUBLICAS
Y343;EVENTO NO ESPECIFICADO, DE INTENCION NO DETERMINADA, AREAS DE DEPORTE Y ATLETISMO
Y344;EVENTO NO ESPECIFICADO, DE INTENCION NO DETERMINADA, CALLES Y CARRETERAS
Y345;EVENTO NO ESPECIFICADO, DE INTENCION NO DETERMINADA, COMERCIO Y AREA DE SERVICIOS
Y346;EVENTO NO ESPECIFICADO, DE INTENCION NO DETERMINADA, AREA INDUSTRIAL Y DE LA CONSTRUCCION
Y347;EVENTO NO ESPECIFICADO, DE INTENCION NO DETERMINADA, GRANJA
Y348;EVENTO NO ESPECIFICADO, DE INTENCION NO DETERMINADA, OTRO LUGAR ESPECIFICADO
Y349;EVENTO NO ESPECIFICADO, DE INTENCION NO DETERMINADA, LUGAR NO ESPECIFICADO
Y35;INTERVENCION LEGAL
Y350;INTERVENCION LEGAL CON DISPARO DE ARMA DE FUEGO
Y351;INTERVENCION LEGAL CON EXPLOSIVOS
Y352;INTERVENCION LEGAL CON GAS
Y353;INTERVENCION LEGAL CON OBJETOS ROMOS O SIN FILO
Y354;INTERVENCION LEGAL CON OBJETOS CORTANTES
Y355;EJECUCION LEGAL
Y356;INTERVENCION LEGAL CON OTROS MEDIOS ESPECIFICADOS
Y357;INTERVENCION LEGAL, MEDIOS NO ESPECIFICADOS
Y36;OPERACIONES DE GUERRA
Y360;OPERACIONES DE GUERRA CON EXPLOSION DE ARMAMENTO NAVAL
Y361;OPERACIONES DE GUERRA CON DESTRUCCION DE AERONAVE
Y362;OPERACIONES DE GUERRA CON OTRAS EXPLOSIONES Y ESQUIRLAS
Y363;OPERACIONES DE GUERRA CON FUEGO Y SUSTANCIAS INCENDIARIAS Y CALIENTES
Y364;OPERACIONES DE GUERRA CON DISPARO DE ARMA DE FUEGO Y OTRAS FORMAS DE GUERRA CONVENCIONAL
Y365;OPERACIONES DE GUERRA CON ARMAS NUCLEARES
Y366;OPERACIONES DE GUERRA CON ARMAS BIOLOGICAS
Y367;OPERACIONES DE GUERRA CON ARMAS QUIMICAS Y OTRAS FORMAS DE GUERRA NO CONVENCIONAL
Y368;OPERACIONES DE GUERRA QUE OCURREN DESPUES DEL CESE DE HOSTILIDADES
Y369;OPERACION DE GUERRA NO ESPECIFICADA
Y40;EFECTOS ADVERSOS DE ANTIBIOTICOS SISTEMICOS
Y400;EFECTOS ADVERSOS DE PENICILINAS
Y401;EFECTOS ADVERSOS DE CEFALOSPORINAS Y OTROS ANTIBIOTICOS BETA-LACTAMICOS
Y402;EFECTOS ADVERSOS DEL GRUPO DE CLORAMFENICOL
Y403;EFECTOS ADVERSOS DE LOS MACROLIDOS
Y404;EFECTOS ADVERSOS DE TETRACICLINAS
Y405;EFECTOS ADVERSOS DE AMINOGLUCOSIDOS
Y406;EFECTOS ADVERSOS DE RIFAMICINAS
Y407;EFECTOS ADVERSOS DE ANTIBIOTICOS ANTIMICOTICOS USADOS SISTEMICAMENTE
Y408;EFECTOS ADVERSOS DE OTROS ANTIBIOTICOS SISTEMICOS
Y409;EFECTOS ADVERSOS DE ANTIBIOTICO SISTEMICO NO ESPECIFICADO
Y41;EFECTOS ADVERSOS DE OTROS ANTIINFECCIOSOS Y ANTIPARASITARIOS SISTEMICOS
Y410;EFECTOS ADVERSOS DE SULFONAMIDAS
Y411;EFECTOS ADVERSOS DE DROGAS ANTIMICOBACTERIANAS
Y412;EFECTOS ADVERSOS DE DROGAS ANTIPALUDICAS Y AGENTES QUE ACTUAN SOBRE OTROS PROTOZOARIOS DE LA SANGRE
Y413;EFECTOS ADVERSOS DE OTRAS DROGAS ANTIPROTOZOARIAS
Y414;EFECTOS ADVERSOS DE ANTIHELMINTICOS
Y415;EFECTOS ADVERSOS DE DROGAS ANTIVIRALES
Y418;EFECTOS ADVERSOS DE OTROS ANTIINFECCIOSOS Y ANTIPARASTARIOS SISTEMICOS ESPECIFICADOS
Y419;EFECTOS ADVERSOS DE ANTIINFECCIOSOS Y ANTIPARASITARIOS SISTEMICOS NO ESPECIFICADOS
Y42;EFECTOS ADVERSOS DE HORMONAS Y SUS SUSTITUTOS SINTETICOS Y ANTAGONISTAS, NO CLASIFICADOS EN OTRA PARTE
Y420;EFECTOS ADVERSOS DE GLUCOCORTICOIDES Y ANALOGOS SINTETICOS
Y421;EFECTOS ADVERSOS DE HORMONAS TIROIDEAS Y SUSTITUTOS
Y422;EFECTOS ADVERSOS DE DROGAS ANTITIROIDEAS
Y423;EFECTOS ADVERSOS DE DROGAS HIPOGLUCEMIANTES ORALES E INSULINA [ANTIDIABETICAS]
Y424;EFECTOS ADVERSOS DE ANTICONCEPTIVOS ORALES
Y425;EFECTOS ADVERSOS DE OTROS ESTROGENOS Y PROGESTAGENOS
Y426;EFECTOS ADVERSOS DE ANTIGONADOTROPINAS, ANTIESTROGENOS Y ANTIANDROGENOS, NO CLASIFICADOS EN OTRA PARTE
Y427;EFECTOS ADVERSOS DE ANDROGENOS Y CONGENERES ANABOLICOS
Y428;EFECTOS ADVERSOS DE OTRAS HORMONAS Y SUS SUSTITUTOS SINTETICOS Y LAS NO ESPECIFICADAS
Y429;EFECTOS ADVERSOS DE OTRAS HORMONAS ANTAGONISTAS Y LAS NO ESPECIFICADAS
Y43;EFECTOS ADVERSOS DE AGENTES SISTEMICOS PRIMARIOS
Y430;EFECTOS ADVERSOS DE ANTIALERGICOS Y ANTIEMETICOS
Y431;EFECTOS ADVERSOS DE ANTIMETABOLITOS ANTINEOPLASICOS
Y432;EFECTOS ADVERSOS DE PRODUCTOS NATURALES ANTINEOPLASICOS
Y433;EFECTOS ADVERSOS DE OTRAS DROGAS ANTINEOPLASICAS
Y434;EFECTOS ADVERSOS DE AGENTES INMUNOSUPRESORES
Y435;EFECTOS ADVERSOS DE AGENTES ACIDIFICANTES Y ALCALINIZANTES
Y436;EFECTOS ADVERSOS DE ENZIMAS NO CLASIFICADAS EN OTRA PARTE
Y438;EFECTOS ADVERSOS DE OTROS AGENTES SISTEMICOS PRIMARIOS NO CLASIFICADOS EN OTRA PARTE
Y439;EFECTOS ADVERSOS DE AGENTE SISTEMICO PRIMARIO NO ESPECIFICADO
Y44;EFECTOS ADVERSOS DE AGENTES QUE AFECTAN PRIMARIAMENTE LOS CONSTITUYENTES DE LA SANGRE
Y440;EFECTOS ADVERSOS DE PREPARACIONES CON HIERRO Y OTROS PREPARADOS CONTRA LA ANEMIA HIPOCROMICA
Y441;EFECTOS ADVERSOS DE VITAMINA B12, ACIDO FOLICO Y OTROS PREPARADOS CONTRA LA ANEMIA MEGALOBLASTICA
Y442;EFECTOS ADVERSOS DE ANTICOAGULANTES
Y443;EFECTOS ADVERSOS DE ANTAGONISTAS DE ANTICOAGULANTES, VITAMINA K Y OTROS COAGULANTES
Y444;EFECTOS ADVERSOS DE DROGAS ANTITROMBOTICAS [INHIBIDORAS DE LA AGREGACION PLAQUETARIA]
Y445;EFECTOS ADVERSOS DE DROGAS TROMBOLITICAS
Y446;EFECTOS ADVERSOS DE SANGRE NATURAL Y PRODUCTOS SANGUINEOS
Y447;EFECTOS ADVERSOS DE LOS SUSTITUTOS DEL PLASMA
Y449;EFECTOS ADVERSOS DE OTROS AGENTES QUE AFECTAN LOS CONSTITUYENTES DE LA SANGRE, Y LOS NO ESPECIFICADOS
Y45;EFECTOS ADVERSOS DE DROGAS ANALGESICAS, ANTIPIRETICAS Y ANTIINFLAMATORIAS
Y450;EFECTOS ADVERSOS DE OPIACEOS Y ANALGESICOS RELACIONADOS
Y451;EFECTOS ADVERSOS DE SALICILATOS
Y452;EFECTOS ADVERSOS DE DERIVADOS DEL ACIDO PROPIONICO
Y453;EFECTOS ADVERSOS DE OTRAS DROGAS ANTIINFLAMATORIAS NO ESTEROIDES [DAINE]
Y454;EFECTOS ADVERSOS DE LOS ANTIRREUMATICOS
Y455;EFECTOS ADVERSOS DE LOS DERIVADOS DEL 4-AMINOFENOL
Y458;EFECTOS ADVERSOS DE OTROS ANALGESICOS Y ANTIPIRETICOS
Y459;EFECTOS ADVERSOS DE DROGAS ANALGESICAS, ANTIPIRETICAS Y ANTIINFLAMATORIAS NO ESPECIFICADAS
Y46;EFECTOS ADVERSOS DE DROGAS ANTIEPILEPTICAS Y ANTIPARKINSONIANAS
Y460;EFECTOS ADVERSOS DE SUCCINAMIDAS
Y461;EFECTOS ADVERSOS DE OXAZOLIDINADIONAS
Y462;EFECTOS ADVERSOS DE DERIVADOS DE LA HIDANTOINA
Y463;EFECTOS ADVERSOS DE DESOXIBARBITURICOS
Y464;EFECTOS ADVERSOS DE IMINOESTILBENOS
Y465;EFECTOS ADVERSOS DEL ACIDO VALPROICO
Y466;EFECTOS ADVERSOS DE OTROS ANTIEPILEPTICOS, Y LOS NO ESPECIFICADOS
Y467;EFECTOS ADVERSOS DE DROGAS ANTIPARKINSONIANAS
Y468;EFECTOS ADVERSOS DE DROGAS ANTIESPASTICAS
Y47;EFECTOS ADVERSOS DE DROGAS SEDANTES, HIPNOTICAS Y ANSIOLITICAS
Y470;EFECTOS ADVERSOS DE BARBITURICOS, NO CLASIFICADOS EN OTRA PARTE
Y471;EFECTOS ADVERSOS DE BENZODIAZEPINAS
Y472;EFECTOS ADVERSOS DE DERIVADOS CLORALES
Y473;EFECTOS ADVERSOS DE PARALDEHIDO
Y474;EFECTOS ADVERSOS DE COMPUESTOS DEL BROMO
Y475;EFECTOS ADVERSOS DE MEZCLAS SEDANTES E HIPNOTICAS, NO CLASIFICADOS EN OTRA PARTE
Y478;EFECTOS ADVERSOS DE OTRAS DROGAS SEDANTES, HIPNOTICAS Y ANSIOLITICAS
Y479;EFECTOS ADVERSOS DE DROGAS SEDANTES, HIPNOTICAS Y ANSIOLITICAS NO ESPECIFICADAS
Y48;EFECTOS ADVERSOS DE GASES ANESTESICOS Y TERAPEUTICOS
Y480;EFECTOS ADVERSOS DE GASES ANESTESICOS POR INHALACION
Y481;EFECTOS ADVERSOS DE GASES ANESTESICOS PARENTERALES
Y482;EFECTOS ADVERSOS DE OTROS GASES ANESTESICOS GENERALES, Y LOS NO ESPECIFICADOS
Y483;EFECTOS ADVERSOS DE GASES ANESTESICOS LOCALES
Y484;EFECTOS ADVERSOS DE ANESTESICOS NO ESPECIFICADOS
Y485;EFECTOS ADVERSOS DE GASES TERAPEUTICOS
Y49;EFECTOS ADVERSOS DE DROGAS PSICOTROPICAS NO ESPECIFICADAS EN OTRA PARTE
Y490;EFECTOS ADVERSOS DE ANTIDEPRESIVOS TRICICLICOS Y TETRACICLICOS
Y491;EFECTOS ADVERSOS DE ANTIDEPRESIVOS INHIBIDORES DE LA MONOAMINOOXIDASA
Y492;EFECTOS ADVERSOS DE OTROS ANTIDEPRESIVOS, Y LOS NO ESPECIFICADOS
Y493;EFECTOS ADVERSOS DE ANTIPSICOTICOS Y NEUROLEPTICOS FENOTIAZINICOS
Y494;EFECTOS ADVERSOS DE NEUROLEPTICOS DE LA BUTIROFENONA Y TIOXANTINA
Y495;EFECTOS ADVERSOS DE OTROS ANTIPSICOTICOS Y NEUROLEPTICOS
Y496;EFECTOS ADVERSOS DE PSICODISLEPTICOS [ALUCINOGENOS]
Y497;EFECTOS ADVERSOS DE PSICOESTIMULANTES CON ABUSO POTENCIAL
Y498;EFECTOS ADVERSOS DE OTRAS DROGAS PSICOTROPICAS, NO CLASIFICADAS EN OTRA PARTE
Y499;EFECTOS ADVERSOS DE DROGAS PSICOTROPICAS NO ESPECIFICADAS
Y50;EFECTOS ADVERSOS DE ESTIMULANTES DEL SISTEMA NERVIOSO CENTRAL, NO CLASIFICADOS EN OTRA PARTE
Y500;EFECTOS ADVERSOS DE ANALEPTICOS
Y501;EFECTOS ADVERSOS DE ANTAGONISTAS DE OPIACEOS
Y502;EFECTOS ADVERSOS DE METILXANTINAS, NO CLASIFICADOS EN OTRA PARTE
Y508;EFECTOS ADVERSOS DE OTROS ESTIMULANTES DEL SISTEMA NERVIOSO CENTRAL
Y509;EFECTOS ADVERSOS DE ESTIMULANTE NO ESPECIFICADO DEL SISTEMA NERVIOSO CENTRAL
Y51;EFECTOS ADVERSOS DE DROGAS QUE AFECTAN PRIMARIAMENTE EL SISTEMA NERVIOSO AUTONOMO
Y510;EFECTOS ADVERSOS DE AGENTES ANTICOLINESTERASA
Y511;EFECTOS ADVERSOS DE OTROS PARASIMPATICOMIMETICOS [COLINERGICOS]
Y512;EFECTOS ADVERSOS DE DROGAS BLOQUEADORAS GANGLIONARES, NO CLASIFICADAS EN OTRA PARTE
Y513;EFECTOS ADVERSOS DE PARASIMPATICOLITICOS [ANTICOLINERGICOS Y ANTIMUSCARINICOS] Y ESPASMOLITICOS, NO CLASIFICADOS EN OTRA PARTE
Y514;EFECTOS ADVERSOS DE AGONISTAS [ESTIMULANTES] PREDOMINANTEMENTE ALFA-ADRENERGICOS, NO CLASIFICADOS EN OTRA PARTE
Y515;EFECTOS ADVERSOS DE AGONISTAS [ESTIMULANTES] PREDOMINANTEMENTE BETA-ADRENERGICOS, NO CLASIFICADOS EN OTRA PARTE
Y516;EFECTOS ADVERSOS DE ANTAGONISTAS [BLOQUEADORES] ALFA-ADRENERGICOS, NO CLASIFICADOS EN OTRA PARTE
Y517;EFECTOS ADVERSOS DE ANTAGONISTAS [BLOQUEADORES] BETA-ADRENERGICOS, NO CLASIFICADOS EN OTRA PARTE
Y518;EFECTOS ADVERSOS DE AGENTES BLOQUEADORES NEURO-ADRENERGICOS QUE ACTUAN CENTRALMENTE, NO CLASIFICADOS EN OTRA PARTE
Y519;EFECTOS ADVERSOS OTRAS DROGAS QUE AFECTAN PRIMARIAMENTE EL SISTEMA NERVIOSO AUTONOMO, Y LAS NO ESPECIFICADAS
Y52;EFECTOS ADVERSOS DE AGENTES QUE AFECTAN PRIMARIAMENTE EL SISTEMA CARDIOVASCULAR
Y520;EFECTOS ADVERSOS DE GLUCOSIDOS CARDIOTONICOS Y DROGAS DE ACCION SIMILAR
Y521;EFECTOS ADVERSOS DE BLOQUEADORES DEL CANAL DEL CALCIO
Y522;EFECTOS ADVERSOS DE OTRAS DROGAS ANTIARRITMICAS, NO CLASIFICADAS EN OTRA PARTE
Y523;EFECTOS ADVERSOS DE VASODILATADORES CORONARIOS, NO CLASIFICADOS EN OTRA PARTE
Y524;EFECTOS ADVERSOS DE INHIBIDORES DE ENZIMA CONVERTIDORA ANGIOTENSINA
Y525;EFECTOS ADVERSOS DE OTRAS DROGAS ANTIHIPERTENCIVAS, NO CLASIFICADAS EN OTRA PARTE
Y526;EFECTOS ADVERSOS DE DROGAS ANTIHIPERLIPIDEMICAS Y ANTIARTERIOSCLEROTICAS
Y527;EFECTOS ADVERSOS DE VASODILATADORES PERIFERICOS
Y528;EFECTOS ADVERSOS DE DROGAS ANTIVARICOSAS, INCLUSIVE AGENTES ESCLEROSANTES
Y529;EFECTOS ADVERSOS OTROS AGENTES QUE AFECTAN PRIMARIAMENTE EL SISTEMA CARDIOVASCULAR, Y LOS NO ESPECIFICADOS
Y53;EFECTOS ADVERSOS DE AGENTES QUE AFECTAN PRIMARIAMENTE EL SISTEMA GASTROINTESTINAL
Y530;EFECTOS ADVERSOS DE BLOQUEADORES DE LOS RECEPTORES H2 DE HISTAMINA
Y531;EFECTOS ADVERSOS OTRAS DROGAS ANTIACIDAS E INHIBIDORAS DE LA SECRECION GASTRICA
Y532;EFECTOS ADVERSOS DE LAXANTES ESTIMULANTES
Y533;EFECTOS ADVERSOS DE LAXANTES SALINOS Y OSMOTICOS
Y534;EFECTOS ADVERSOS DE OTROS LAXANTES
Y535;EFECTOS ADVERSOS DE DIGESTIVOS
Y536;EFECTOS ADVERSOS DE DROGAS ANTIDIARREICAS
Y537;EFECTOS ADVERSOS DE EMETICOS
Y538;EFECTOS ADVERSOS DE OTROS AGENTES QUE AFECTAN PRIMARIAMENTE AL SISTEMA GASTROINTESTINAL
Y539;EFECTOS ADVERSOS DE OTROS AGENTES QUE AFECTAN EL SISTEMA GASTROINTESTINAL, NO ESPECIFICADOS
Y54;EFECTOS ADVERSOS DE AGENTES QUE AFECTAN PRIMARIAMENTE EL EQUILIBRIO HIDRICO Y EL METABOLISMO MINERAL Y DEL ACIDO URICO
Y540;EFECTOS ADVERSOS DE MINERALOCORTICOIDES
Y541;EFECTOS ADVERSOS DE LOS BLOQUEADORES DE MINERALOCORTICOIDES [ANTAGONISTAS DE LA ALDOSTERONA]
Y542;EFECTOS ADVERSOS DE LOS INHIBIDORES DE LA ANHIDRASA CARBONICA
Y543;EFECTOS ADVERSOS DE LOS DERIVADOS DE LA BENZOTIADIAZINA
Y544;EFECTOS ADVERSOS DE DIURETICOS DE ASA [HIGH-CEILING]
Y545;EFECTOS ADVERSOS DE OTROS DIURETICOS
Y546;EFECTOS ADVERSOS DE AGENTES ELECTROLITICOS, CALORICOS Y DEL EQUILIBRIO HIDRICO
Y547;EFECTOS ADVERSOS DE AGENTES QUE AFECTAN LA CALCIFICACION
Y548;EFECTOS ADVERSOS DE AGENTES QUE AFECTAN EL METABOLISMO DEL ACIDO URICO
Y549;EFECTOS ADVERSOS DE SALES MINERALES, NO CLASIFICADAS EN OTRA PARTE
Y55;EFECTOS ADVERSOS DE AGENTES QUE ACTUAN PRIMARIAMENTE SOBRE LOS MUSCULOS LISOS Y ESTRIADOS Y SOBRE EL SISTEMA RESPIRATORIO
Y550;EFECTOS ADVERSOS DE DROGAS OXITOCICAS
Y551;EFECTOS ADVERSOS DE RELAJANTES DE LOS MUSCULOS ESTRIADOS [AGENTES BLOQUEADORES NEUROMUSCULARES]
Y552;EFECTOS ADVERSOS DE OTROS AGENTES QUE ACTUAN PRIMARIAMENTE SOBRE LOS MUSCULOS, Y LOS NO ESPECIFICADOS
Y553;EFECTOS ADVERSOS DE ANTITUSIGENOS
Y554;EFECTOS ADVERSOS DE EXPECTORANTES
Y555;EFECTOS ADVERSOS DE DROGAS CONTRA EL RESFRIADO COMUN
Y556;EFECTOS ADVERSOS DE ANTIASMATICOS, NO CLASIFICADOS EN OTRA PARTE
Y557;EFECTOS ADVERSOS DE OTROS AGENTES QUE ACTUAN PRIMARIAMENTE SOBRE EL SISTEMA RESPIRATORIO, Y LOS NO ESPECIFICADOS
Y56;EFECTOS ADVERSOS DE AGENTES TOPICOS QUE AFECTAN PRIMARIAMENTE LA PIEL Y LAS MEMBRANAS MUCOSAS, Y DROGAS OFTALMOLOGICAS, OTORRINOLARINGOLOGICAS Y DENTALES
Y560;EFECTOS ADVERSOS DE DROGAS ANTIMICOTICAS, ANTIINFECCIOSAS, Y ANTIINFLAMATORIAS DE USO LOCAL, NO CLASIFICADAS EN OTRA PARTE
Y561;EFECTOS ADVERSOS DE ANTIPRURIGINOSOS
Y562;EFECTOS ADVERSOS DE ASTRINGENTES Y DETERGENTES LOCALES
Y563;EFECTOS ADVERSOS DE EMOLIENTES, DEMULCENTES Y PROTECTORES
Y564;EFECTOS ADVERSOS DE DROGAS Y PREPARADOS QUERATOLITICOS, QUERATOPLASTICOS Y OTROS PARA EL TRATAMIENTO DEL CABELLO
Y565;EFECTOS ADVERSOS DE DROGAS Y PREPARADOS OFTALMOLOGICOS
Y566;EFECTOS ADVERSOS DE DROGAS Y PREPARADOS OTORRINOLARINGOLOGICOS
Y567;EFECTOS ADVERSOS DE DROGAS DENTALES, DE APLICACION TOPICA
Y568;EFECTOS ADVERSOS DE OTROS AGENTES TOPICOS
Y569;EFECTOS ADVERSOS DE OTROS AGENTES TOPICOS NO ESPECIFICADOS
Y57;EFECTOS ADVERSOS DE OTRAS DROGAS Y MEDICAMENTOS, Y LOS NO ESPECIFICADOS
Y570;EFECTOS ADVERSOS DE DEPRESORES DEL APETITO [ANOREXICOS]
Y571;EFECTOS ADVERSOS DE DROGAS LIPOTROPICAS
Y572;EFECTOS ADVERSOS DE ANTIDOTOS Y AGENTES QUELANTES, NO CLASIFICADOS EN OTRA PARTE
Y573;EFECTOS ADVERSOS DE DISUASIVOS DEL ALCOHOL
Y574;EFECTOS ADVERSOS DE EXCIPIENTES FARMACEUTICOS
Y575;EFECTOS ADVERSOS DE MEDIOS DE CONTRASTE PARA RAYOS X
Y576;EFECTOS ADVERSOS DE OTROS AGENTES DIAGNOSTICOS
Y577;EFECTOS ADVERSOS DE VITAMINAS, NO CLASIFICADAS EN OTRA PARTE
Y578;EFECTOS ADVERSOS DE OTRAS DROGAS Y MEDICAMENTOS
Y579;EFECTOS ADVERSOS DE DROGAS O MEDICAMENTOS NO ESPECIFICADOS
Y58;EFECTOS ADVERSOS DE VACUNAS BACTERIANAS
Y580;EFECTOS ADVERSOS DE LA VACUNA BCG
Y581;EFECTOS ADVERSOS DE LA VACUNA TIFOIDEA Y PARATIFOIDEA
Y582;EFECTOS ADVERSOS DE LA VACUNA CONTRA EL COLERA
Y583;EFECTOS ADVERSOS DE LA VACUNA CONTRA LA PESTE
Y584;EFECTOS ADVERSOS DE LA VACUNA CONTRA EL TETANOS
Y585;EFECTOS ADVERSOS DE LA VACUNA CONTRA LA DIFTERIA
Y586;EFECTOS ADVERSOS DE LA VACUNA CONTRA TOS FERINA, INCLUSIVE COMBINACIONES CON COMPONENTE PERTUSIS
Y588;EFECTOS ADVERSOS DE VACUNAS BACTERIANAS MIXTAS, EXCEPTO COMBINACIONES CON UN COMPONENTE PERTUSIS
Y589;EFECTOS ADVERSOS DE OTRAS VACUNAS BACTERIANAS, Y LAS NO ESPECIFICADAS
Y59;EFECTOS ADVERSOS DE OTRAS VACUNAS Y SUSTANCIAS BIOLOGICAS, Y LAS NO ESPECIFICADAS
Y590;EFECTOS ADVERSOS DE VACUNAS VIRALES
Y591;EFECTOS ADVERSOS DE VACUNAS CONTRA RICKETTSSIAS
Y592;EFECTOS ADVERSOS DE VACUNAS ANTIPROTOZOARIAS
Y593;EFECTOS ADVERSOS DE LA INMUNOGLOBULINA
Y598;EFECTOS ADVERSOS DE OTRAS VACUNAS Y SUSTANCIAS BIOLOGICAS ESPECIFICADAS
Y599;EFECTOS ADVERSOS DE VACUNAS O SUSTANCIAS BIOLOGICAS NO ESPECIFICADAS
Y60;CORTE, PUNCION, PERFORACION O HEMORRAGIA NO INTENCIONAL DURANTE LA ATENCION MEDICA Y QUIRURGICA
Y600;INCIDENTE DURANTE OPERACION QUIRURGICA
Y601;INCIDENTE DURANTE INFUSION O TRANSFUSION
Y602;INCIDENTE DURANTE DIALISIS RENAL U OTRA PERFUCION
Y603;INCIDENTE DURANTE INYECCION O INMUNIZACION
Y604;INCIDENTE DURANTE EXAMEN ENDOSCOPICO
Y605;INCIDENTE DURANTE CATETERIZACION CARDIACA
Y606;INCIDENTE DURANTE ASPIRACION, PUNCION Y OTRA CATETERIZACION
Y607;INCIDENTE DURANTE ADMINISTRACION DE ENEMA
Y608;INCIDENTE DURANTE OTRAS ATENCIONES MEDICAS Y QUIRURGICAS
Y609;INCIDENTE DURANTE ATENCION MEDICA Y QUIRURGICA NO ESPECIFICADA
Y61;OBJETO EXTRAÑO DEJADO ACCIDENTALMENTE EN EL CUERPO DURANTE LA ATENCION MEDICA Y QUIRURGICA
Y610;OBJETO EXTRAÑO DEJADO ACCIDENTALMENTE EN EL CUERPO DURANTE OPERACION QUIRURGICA
Y611;OBJETO EXTRAÑO DEJADO ACCIDENTALMENTE EN EL CUERPO DURANTE INFUSION O TRANSFUSION
Y612;OBJETO EXTRAÑO DEJADO ACCIDENTALMENTE EN EL CUERPO DURANTE DIALISIS RENAL U OTRA PERFUSION
Y613;OBJETO EXTRAÑO DEJADO ACCIDENTALMENTE EN EL CUERPO DURANTE INYECCION O INMUNIZACION
Y614;OBJETO EXTRAÑO DEJADO ACCIDENTALMENTE EN EL CUERPO DURANTE EXAMEN ENDOSCOPICO
Y615;OBJETO EXTRAÑO DEJADO ACCIDENTALMENTE EN EL CUERPO DURANTE CATETERIZACION CARDIACA
Y616;OBJETO EXTRAÑO DEJADO ACCIDENTALMENTE EN EL CUERPO DURANTE ASPIRACION, PUNCION Y OTRA CATETERIZACION
Y617;OBJETO EXTRAÑO DEJADO ACCIDENTALMENTE EN EL CUERPO DURANTE REMOCION DE CATETER O TAPONAMIENTO
Y618;OBJETO EXTRAÑO DEJADO ACCIDENTALMENTE EN EL CUERPO DURANTE OTRAS ATENCIONES MEDICAS Y QUIRURGICAS
Y619;OBJETO EXTRAÑO DEJADO ACCIDENTALMENTE EN EL CUERPO DURANTE ATENCION MEDICA Y QUIRURGICA NO ESPECIFICADA
Y62;FALLAS EN LA ESTERILIZACION DURANTE LA ATENCION MEDICA Y QUIRURGICA
Y620;FALLAS EN LA ESTERILIZACION DURANTE OPERACION QUIRURGICA
Y621;FALLAS EN LA ESTERILIZACION DURANTE INFUSION O TRANSFUSION
Y622;FALLAS EN LA ESTERILIZACION DURANTE DIALISIS RENAL U OTRA PERFUSION
Y623;FALLAS EN LA ESTERILIZACION DURANTE INYECCION O INMUNIZACION
Y624;FALLAS EN LA ESTERILIZACION DURANTE EXAMEN ENDOSCOPICO
Y625;FALLAS EN LA ESTERILIZACION DURANTE CATETERIZACION CARDIACA
Y626;FALLAS EN LA ESTERILIZACION DURANTE ASPIRACION, PUNCION Y OTRA CATETERIZACION
Y628;FALLAS EN LA ESTERILIZACION DURANTE OTRAS ATENCIONES MEDICAS Y QUIRURGICAS
Y629;FALLAS EN LA ESTERILIZACION DURANTE ATENCION MEDICA Y QUIRURGICA NO ESPECIFICADA
Y63;FALLA EN LA DOSIFICACION DURANTE LA ATENCION MEDICA Y QUIRURGICA
Y630;EXCESIVA CANTIDAD DE SANGRE U OTRO LIQUIDO ADMINISTRADO DURANTE UNA INFUSION O TRANSFUSION
Y631;DILUCION INCORRECTA DE LIQUIDO DURANTE UNA INFUSION
Y632;SOBREDOSIS DE RADIACION ADMINISTRADA DURANTE TERAPIA
Y633;EXPOSICION INADVERTIDA DEL PACIENTE A RADIACION DURANTE ATENCION MEDICA
Y634;FALLA EN LA DOSIFICACION EN ELECTROCHOQUE O EN CHOQUE INSULINICO
Y635;FALLA EN EL CONTROL DE TEMPERATURA, EN TAPONAMIENTOS Y APLICACIONES LOCALES
Y636;NO ADMINISTRACION DE DROGAS, MEDICAMENTOS O SUSTANCIAS BIOLOGICAS NECESARIAS
Y638;FALLA EN LA DOSIFICACION DURANTE OTRAS ATENCIONES MEDICAS Y QUIRURGICAS
Y639;FALLA EN LA DOSIFICACION DURANTE ATENCION MEDICA Y QUIRURGICA NO ESPECIFICADA
Y64;MEDICAMENTOS O SUSTANCIAS BIOLOGICAS CONTAMINADOS
Y640;MEDICAMENTO O SUSTANCIA BIOLOGICA CONTAMINADO EN INFUSION O TRANSFUSION
Y641;MEDICAMENTO O SUSTANCIA BIOLOGICA CONTAMINADO, INYECTADO O USADO PARA INMUNIZACION
Y648;MEDICAMENTO O SUSTANCIA BIOLOGICA CONTAMINADO, ADMINISTRADO POR OTROS MEDIOS
Y649;MEDICAMENTO O SUSTANCIA BIOLOGICA CONTAMINADO, ADMINISTRADO POR MEDIOS NO ESPECIFICADOS
Y65;OTROS INCIDENTES DURANTE LA ATENCION MEDICA Y QUIRURGICA
Y650;SANGRE INCOMPATIBLE USADA EN TRANSFUSION
Y651;LIQUIDO ERRONEO USADO EN INFUSION
Y652;FALLA EN LA SUTURA O LIGADURA DURANTE OPERACION QUIRURGICA
Y653;TUBO ENDOTRAQUEAL COLOCADO ERRONEAMENTE DURANTE PROCEDIMIENTO ANESTESICO
Y654;FALLA EN LA INTRODUCCION O REMOCION DE OTRO TUBO O INSTRUMENTO
Y655;REALIZACION DE UNA OPERACION INADECUADA
Y658;OTROS INCIDENTES ESPECIFICADOS DURANTE LA ATENCION MEDICA Y QUIRURGICA
Y66X;NO ADMINISTRACION DE LA ATENCION MEDICA Y QUIRURGICA
Y69X;INCIDENTES NO ESPECIFICADOS DURANTE LA ATENCION MEDICA Y QUIRURGICA
Y70;DISPOSITIVOS DE ANESTESIOLOGIA ASOCIADOS CON INCIDENTES ADVERSOS
Y700;DISPOSITIVOS DE ANESTESIOLOGIA ASOCIADOS CON INCIDENTES ADVERSOS, DISPOSITIVOS DE DIAGNOSTICO Y MONITOREO
Y701;DISPOSITIVOS DE ANESTESIOLOGIA ASOCIADOS CON INCIDENTES ADVERSOS, DISPOSITIVOS TERAPEUTICOS (NO QUIRURGICOS) Y DE REHABILITACION
Y702;DISPOSITIVOS DE ANESTESIOLOGIA ASOCIADOS CON INCIDENTES ADVERSOS, DISPOSITIVOS PROTESICOS Y OTROS IMPLANTES, MATERIALES Y ACCESORIOS
Y703;DISPOSITIVOS DE ANESTESIOLOGIA ASOCIADOS CON INCIDENTES ADVERSOS, INSTRUMENTOS QUIRURGICOS, DISPOSITIVOS Y MATERIALES (INCLUSIVE SUTURAS)
Y708;DISPOSITIVOS DE ANESTESIOLOGIA ASOCIADOS CON INCIDENTES ADVERSOS, DISPOSITIVOS DIVERSOS, NO CLASIFICADOS EN OTRA PARTE
Y71;DISPOSITIVOS CARDIOVASCULARES ASOCIADOS CON INCIDENTES ADVERSOS
Y710;DISPOSITIVOS CARDIOVASCULARES ASOCIADOS CON INCIDENTES ADVERSOS, DISPOSITIVOS DE DIAGNOSTICO Y MONITOREO
Y711;DISPOSITIVOS CARDIOVASCULARES ASOCIADOS CON INCIDENTES ADVERSOS, DISPOSITIVOS TERAPEUTICOS (NO QUIRURGICOS) Y DE REHABILITACION
Y712;DISPOSITIVOS CARDIOVASCULARES ASOCIADOS CON INCIDENTES ADVERSOS, DISPOSITIVOS PROTESICOS Y OTROS IMPLANTES, MATERIALES Y ACCESORIOS
Y713;DISPOSITIVOS CARDIOVASCULARES ASOCIADOS CON INCIDENTES ADVERSOS, INSTRUMENTOS QUIRURGICOS, DISPOSITIVOS Y MATERIALES (INCLUSIVE SUTURAS)
Y718;DISPOSITIVOS CARDIOVASCULARES ASOCIADOS CON INCIDENTES ADVERSOS, DISPOSITIVOS DIVERSOS, NO CLASIFICADOS EN OTRA PARTE
Y72;DISPOSITIVOS OTORRINOLARINGOLOGICOS ASOCIADOS CON INCIDENTES ADVERSOS
Y720;DISPOSITIVOS OTORRINOLARINGOLOGICOS ASOCIADOS CON INCIDENTES ADVERSOS, DISPOSITIVOS DE DIAGNOSTICO Y MONITOREO
Y721;DISPOSITIVOS OTORRINOLARINGOLOGICOS ASOCIADOS CON INCIDENTES ADVERSOS, DISPOSITIVOS TERAPEUTICOS (NO QUIRURGICOS) Y DE REHABILITACION
Y722;DISPOSITIVOS OTORRINOLARINGOLOGICOS ASOCIADOS CON INCIDENTES ADVERSOS, DISPOSITIVOS PROTESICOS Y OTROS IMPLANTES, MATERIALES Y ACCESORIOS
Y723;DISPOSITIVOS OTORRINOLARINGOLOGICOS ASOCIADOS CON INCIDENTES ADVERSOS, INSTRUMENTOS QUIRURGICOS, DISPOSITIVOS Y MATERIALES (INCLUSIVE SUTURAS)
Y728;DISPOSITIVOS OTORRINOLARINGOLOGICOS ASOCIADOS CON INCIDENTES ADVERSOS, DISPOSITIVOS DIVERSOS, NO CLASIFICADOS EN OTRA PARTE
Y73;DISPOSITIVOS DE GASTROENTEROLOGIA Y UROLOGIA ASOCIADOS CON INCIDENTES ADVERSOS
Y730;DISPOSITIVOS DE GASTROENTEROLOGIA Y UROLOGIA ASOCIADOS CON INCIDENTES ADVERSOS, DISPOSITIVOS DE DIAGNOSTICO Y MONITOREO
Y731;DISPOSITIVOS DE GASTROENTEROLOGIA Y UROLOGIA ASOCIADOS CON INCIDENTES ADVERSOS, DISPOSITIVOS TERAPEUTICOS (NO QUIRURGICOS) Y DE REHABILITACION
Y732;DISPOSITIVOS DE GASTROENTEROLOGIA Y UROLOGIA ASOCIADOS CON INCIDENTES ADVERSOS, DISPOSITIVOS PROTESICOS Y OTROS IMPLANTES, MATERIALES Y ACCESORIOS
Y733;DISPOSITIVOS DE GASTROENTEROLOGIA Y UROLOGIA ASOCIADOS CON INCIDENTES ADVERSOS, INSTRUMENTOS QUIRURGICOS, DISPOSITIVOS Y MATERIALES (INCLUSIVE SUTURAS)
Y738;DISPOSITIVOS DE GASTROENTEROLOGIA Y UROLOGIA ASOCIADOS CON INCIDENTES ADVERSOS, DISPOSITIVOS DIVERSOS, NO CLASIFICADOS EN OTRA PARTE
Y74;DISPOSITIVOS PARA USO HOSPITALARIO GENERAL Y PERSONAL ASOCIADOS CON INCIDENTES ADVERSOS
Y740;DISPOSITIVOS PARA USO HOSPITALARIO GENERAL Y PERSONAL ASOCIADOS CON INCIDENTES ADVERSOS, DISPOSITIVOS DE DIAGNOSTICO Y MONITOREO
Y741;DISPOSITIVOS PARA USO HOSPITALARIO GENERAL Y PERSONAL ASOCIADOS CON INCIDENTES ADVERSOS, DISPOSITIVOS TERAPEUTICOS (NO QUIRURGICOS) Y DE REHABILITACION
Y742;DISPOSITIVOS PARA USO HOSPITALARIO GENERAL Y PERSONAL ASOCIADOS CON INCIDENTES ADVERSOS, DISPOSITIVOS PROTESICOS Y OTROS IMPLANTES, MATERIALES Y ACCESORIOS
Y743;DISPOSITIVOS PARA USO HOSPITALARIO GENERAL Y PERSONAL ASOCIADOS CON INCIDENTES ADVERSOS, INSTRUMENTOS QUIRURGICOS, DISPOSITIVOS Y MATERIALES (INCLUSIVE SUTURAS)
Y748;DISPOSITIVOS PARA USO HOSPITALARIO GENERAL Y PERSONAL ASOCIADOS CON INCIDENTES ADVERSOS, DISPOSITIVOS DIVERSOS, NO CLASIFICADOS EN OTRA PARTE
Y75;DISPOSITIVOS NEUROLOGICOS ASOCIADOS CON INCIDENTES ADVERSOS
Y750;DISPOSITIVOS NEUROLOGICOS ASOCIADOS CON INCIDENTES ADVERSOS, DISPOSITIVOS DE DIAGNOSTICO Y MONITOREO
Y751;DISPOSITIVOS NEUROLOGICOS ASOCIADOS CON INCIDENTES ADVERSOS, DISPOSITIVOS TERAPEUTICOS (NO QUIRURGICOS) Y DE REHABILITACION
Y752;DISPOSITIVOS NEUROLOGICOS ASOCIADOS CON INCIDENTES ADVERSOS, DISPOSITIVOS PROTESICOS Y OTROS IMPLANTES, MATERIALES Y ACCESORIOS
Y753;DISPOSITIVOS NEUROLOGICOS ASOCIADOS CON INCIDENTES ADVERSOS, INSTRUMENTOS QUIRURGICOS, DISPOSITIVOS Y MATERIALES (INCLUSIVE SUTURAS)
Y758;DISPOSITIVOS NEUROLOGICOS ASOCIADOS CON INCIDENTES ADVERSOS, DISPOSITIVOS DIVERSOS, NO CLASIFICADOS EN OTRA PARTE
Y76;DISPOSITIVOS GINECOLOGICOS Y OBSTETRICOS ASOCIADOS CON INCIDENTES ADVERSOS
Y760;DISPOSITIVOS GINECOLOGICOS Y OBSTETRICOS ASOCIADOS CON INCIDENTES ADVERSOS, DISPOSITIVOS DE DIAGNOSTICO Y MONITOREO
Y761;DISPOSITIVOS GINECOLOGICOS Y OBSTETRICOS ASOCIADOS CON INCIDENTES ADVERSOS, DISPOSITIVOS TERAPEUTICOS (NO QUIRURGICOS) Y DE REHABILITACION
Y762;DISPOSITIVOS GINECOLOGICOS Y OBSTETRICOS ASOCIADOS CON INCIDENTES ADVERSOS, DISPOSITIVOS PROTESICOS Y OTROS IMPLANTES, MATERIALES Y ACCESORIOS
Y763;DISPOSITIVOS GINECOLOGICOS Y OBSTETRICOS ASOCIADOS CON INCIDENTES ADVERSOS, INSTRUMENTOS QUIRURGICOS, DISPOSITIVOS Y MATERIALES (INCLUSIVE SUTURAS)
Y768;DISPOSITIVOS GINECOLOGICOS Y OBSTETRICOS ASOCIADOS CON INCIDENTES ADVERSOS, DISPOSITIVOS DIVERSOS, NO CLASIFICADOS EN OTRA PARTE
Y77;DISPOSITIVOS OFTALMICOS ASOCIADOS CON INCIDENTES ADVERSOS
Y770;DISPOSITIVOS OFTALMICOS ASOCIADOS CON INCIDENTES ADVERSOS, DISPOSITIVOS DE DIAGNOSTICO Y MONITOREO
Y771;DISPOSITIVOS OFTALMICOS ASOCIADOS CON INCIDENTES ADVERSOS, DISPOSITIVOS TERAPEUTICOS (NO QUIRURGICOS) Y DE REHABILITACION
Y772;DISPOSITIVOS OFTALMICOS ASOCIADOS CON INCIDENTES ADVERSOS, DISPOSITIVOS PROTESICOS Y OTROS IMPLANTES, MATERIALES Y ACCESORIOS
Y773;DISPOSITIVOS OFTALMICOS ASOCIADOS CON INCIDENTES ADVERSOS, INSTRUMENTOS QUIRURGICOS, DISPOSITIVOS Y MATERIALES (INCLUSIVE SUTURAS)
Y778;DISPOSITIVOS OFTALMICOS ASOCIADOS CON INCIDENTES ADVERSOS, DISPOSITIVOS DIVERSOS, NO CLASIFICADOS EN OTRA PARTE
Y78;APARATOS RADIOLOGICOS ASOCIADOS CON INCIDENTES ADVERSOS
Y780;APARATOS RADIOLOGICOS ASOCIADOS CON INCIDENTES ADVERSOS, DISPOSITIVOS DE DIAGNOSTICO Y MONITOREO
Y781;APARATOS RADIOLOGICOS ASOCIADOS CON INCIDENTES ADVERSOS, DISPOSITIVOS TERAPEUTICOS (NO QUIRURGICOS) Y DE REHABILITACION
Y782;APARATOS RADIOLOGICOS ASOCIADOS CON INCIDENTES ADVERSOS, DISPOSITIVOS PROTESICOS Y OTROS IMPLANTES, MATERIALES Y ACCESORIOS
Y783;APARATOS RADIOLOGICOS ASOCIADOS CON INCIDENTES ADVERSOS, INSTRUMENTOS QUIRURGICOS, DISPOSITIVOS Y MATERIALES (INCLUSIVE SUTURAS)
Y788;APARATOS RADIOLOGICOS ASOCIADOS CON INCIDENTES ADVERSOS, DISPOSITIVOS DIVERSOS, NO CLASIFICADOS EN OTRA PARTE
Y79;DISPOSITIVOS ORTOPEDICOS ASOCIADOS CON INCIDENTES ADVERSOS
Y790;DISPOSITIVOS ORTOPEDICOS ASOCIADOS CON INCIDENTES ADVERSOS, DISPOSITIVOS DE DIAGNOSTICO Y MONITOREO
Y791;DISPOSITIVOS ORTOPEDICOS ASOCIADOS CON INCIDENTES ADVERSOS, DISPOSITIVOS TERAPEUTICOS (NO QUIRURGICOS) Y DE REHABILITACION
Y792;DISPOSITIVOS ORTOPEDICOS ASOCIADOS CON INCIDENTES ADVERSOS, DISPOSITIVOS PROTESICOS Y OTROS IMPLANTES, MATERIALES Y ACCESORIOS
Y793;DISPOSITIVOS ORTOPEDICOS ASOCIADOS CON INCIDENTES ADVERSOS, INSTRUMENTOS QUIRURGICOS, DISPOSITIVOS Y MATERIALES (INCLUSIVE SUTURAS)
Y798;DISPOSITIVOS ORTOPEDICOS ASOCIADOS CON INCIDENTES ADVERSOS, DISPOSITIVOS DIVERSOS, NO CLASIFICADOS EN OTRA PARTE
Y80;APARATOS DE MEDICINA FISICA ASOCIADOS CON INCIDENTES ADVERSOS
Y800;APARATOS DE MEDICINA FISICA ASOCIADOS CON INCIDENTES ADVERSOS, DISPOSITIVOS DE DIAGNOSTICO Y MONITOREO
Y801;APARATOS DE MEDICINA FISICA ASOCIADOS CON INCIDENTES ADVERSOS, DISPOSITIVOS TERAPEUTICOS (NO QUIRURGICOS) Y DE REHABILITACION
Y802;APARATOS DE MEDICINA FISICA ASOCIADOS CON INCIDENTES ADVERSOS, DISPOSITIVOS PROTESICOS Y OTROS IMPLANTES, MATERIALES Y ACCESORIOS
Y803;APARATOS DE MEDICINA FISICA ASOCIADOS CON INCIDENTES ADVERSOS, INSTRUMENTOS QUIRURGICOS, DISPOSITIVOS Y MATERIALES (INCLUSIVE SUTURAS)
Y808;APARATOS DE MEDICINA FISICA ASOCIADOS CON INCIDENTES ADVERSOS, DISPOSITIVOS DIVERSOS, NO CLASIFICADOS EN OTRA PARTE
Y81;DISPOSITIVOS DE CIRUGIA GENERAL Y PLASTICA ASOCIADOS CON INCIDENTES ADVERSOS
Y810;DISPOSITIVOS DE CIRUGIA GENERAL Y PLASTICA ASOCIADOS CON INCIDENTES ADVERSOS, DISPOSITIVOS DE DIAGNOSTICO Y MONITOREO
Y811;DISPOSITIVOS DE CIRUGIA GENERAL Y PLASTICA ASOCIADOS CON INCIDENTES ADVERSOS, DISPOSITIVOS TERAPEUTICOS (NO QUIRURGICOS) Y DE REHABILITACION
Y812;DISPOSITIVOS DE CIRUGIA GENERAL Y PLASTICA ASOCIADOS CON INCIDENTES ADVERSOS, DISPOSITIVOS PROTESICOS Y OTROS IMPLANTES, MATERIALES Y ACCESORIOS
Y813;DISPOSITIVOS DE CIRUGIA GENERAL Y PLASTICA ASOCIADOS CON INCIDENTES ADVERSOS, INSTRUMENTOS QUIRURGICOS, DISPOSITIVOS Y MATERIALES (INCLUSIVE SUTURAS)
Y818;DISPOSITIVOS DE CIRUGIA GENERAL Y PLASTICA ASOCIADOS CON INCIDENTES ADVERSOS, DISPOSITIVOS DIVERSOS, NO CLASIFICADOS EN OTRA PARTE
Y82;OTROS DISPOSITIVOS MEDICOS, Y LOS NO ESPECIFICADOS, ASOCIADOS CON INCIDENTES ADVERSOS
Y820;OTROS DISPOSITIVOS MEDICOS, Y LOS NO ESPECIFICADOS, ASOCIADOS CON INCIDENTES ADVERSOS, DISPOSITIVOS DE DIAGNOSTICO Y MONITOREO
Y821;OTROS DISPOSITIVOS MEDICOS, Y LOS NO ESPECIFICADOS, ASOCIADOS CON INCIDENTES ADVERSOS, DISPOSITIVOS TERAPEUTICOS (NO QUIRURGICOS) Y DE REHABILITACION
Y822;OTROS DISPOSITIVOS MEDICOS, Y LOS NO ESPECIFICADOS, ASOCIADOS CON INCIDENTES ADVERSOS, DISPOSITIVOS PROTESICOS Y OTROS IMPLANTES, MATERIALES Y ACCESORIOS
Y823;OTROS DISPOSITIVOS MEDICOS, Y LOS NO ESPECIFICADOS, ASOCIADOS CON INCIDENTES ADVERSOS, INSTRUMENTOS QUIRURGICOS, DISPOSITIVOS Y MATERIALES (INCLUSIVE SUTURAS)
Y828;OTROS DISPOSITIVOS MEDICOS, Y LOS NO ESPECIFICADOS, ASOCIADOS CON INCIDENTES ADVERSOS, DISPOSITIVOS DIVERSOS, NO CLASIFICADOS EN OTRA PARTE
Y83;CIRUGIA Y OTROS PROCEDIMIENTOS QUIRURGICOS COMO LA CAUSA DE REACCION ANORMAL DEL PACIENTE O DE COMPLICACION POSTERIOR, SIN MENCION DE INCIDENTE EN EL MOMENTO DE EFECTUAR EL PROCEDIMIENTO
Y830;OPERACION QUIRURGICA CON TRASPLANTE DE UN ORGANO COMPLETO
Y831;OPERACION QUIRURGICA CON IMPLANTE DE UN DISPOSITIVO ARTIFICIAL INTERNO
Y832;OPERACION QUIRURGICA CON ANASTOMOSIS, DERIVACION O INJERTO
Y833;OPERACION QUIRURGICA CON FORMACION DE ESTOMA EXTERNO
Y834;OTRA CIRUGIA RECONSTRUCTIVA
Y835;AMPUTACION DE MIEMBRO(S)
Y836;REMOCION DE OTRO ORGANO (PARCIAL) (TOTAL)
Y838;OTROS PROCEDIMIENTOS QUIRURGICOS
Y839;PROCEDIMIENTO QUIRURGICO NO ESPECIFICADO
Y84;OTROS PROCEDIMIENTOS MEDICOS COMO LA CAUSA DE REACCION ANORMAL DEL PACIENTE O DE COMPLICACION POSTERIOR, SIN MENCION DE INCIDENTE EN EL MOMENTO DE EFECTUAR EL PROCEDIMIENTO
Y840;CATETERIZACION CARDIACA
Y841;DIALISIS RENAL
Y842;PROCEDIMIENTO RADIOLOGICO Y RADIOTERAPIA
Y843;TERAPIA POR CHOQUE
Y844;ASPIRACION DE LIQUIDOS
Y845;INSERCION DE SONDA GASTRICA O DUODENAL
Y846;CATETERIZACION URINARIA
Y847;MUESTRA DE SANGRE
Y848;OTROS PROCEDIMIENTOS MEDICOS
Y849;PROCEDIMIENTO MEDICO NO ESPECIFICADO
Y85;SECUELAS DE ACCIDENTES DE TRANSPORTE
Y850;SECUELAS DE ACCIDENTE DE VEHICULO DE MOTOR
Y859;SECUELAS DE OTROS ACCIDENTES DE TRANSPORTE, Y LOS NO ESPECIFICADOS
Y86X;SECUELAS DE OTROS ACCIDENTES
Y87;SECUELAS DE LESIONES AUTOINFLIGIDAS INTENCIONALMENTE, AGRESIONES Y EVENTOS DE INTENCION NO DETERMINADA
Y870;SECUELAS DE LESIONES AUTOINFLIGIDAS
Y871;SECUELAS DE AGRESIONES
Y872;SECUELAS DE EVENTOS DE INTENCION NO DETERMINADA
Y88;SECUELAS CON ATENCION MEDICA Y QUIRURGICA COMO CAUSA EXTERNA
Y880;SECUELAS DE EFECTOS ADVERSOS CAUSADOS POR DROGAS, MEDICAMENTOS Y SUSTANCIAS BIOLOGICAS EN SU USO TERAPEUTICO
Y881;SECUELAS DE INCIDENTES OCURRIDOS AL PACIENTE DURANTE PROCEDIMIENTOS MEDICOS Y QUIRURGICOS
Y882;SECUELAS DE INCIDENTES ADVERSOS ASOCIADOS CON DISPOSITIVOS MEDICOS EN USO DIAGNOSTICO Y TERAPEUTICO
Y883;SECUELAS DE PROCEDIMIENTOS MEDICOS Y QUIRURGICOS COMO LA CAUSA DE REACCION ANORMAL DEL PACIENTE O DE COMPLICACION POSTERIOR, SIN MENCION DE INCIDENTE EN EL MOMENTO DE EFECTUAR EL PROCEDIMIENTO
Y89;SECUELAS DE OTRAS CAUSAS EXTERNAS
Y890;SECUELAS DE INTERVENCION LEGAL
Y891;SECUELAS DE OPERACIONES DE GUERRA
Y899;SECUELAS DE CAUSA EXTERNA NO ESPECIFICADA
Y90;EVIDENCIA DE ALCOHOLISMO DETERMINADA POR EL NIVEL DE ALCOHOL EN LA SANGRE
Y900;NIVEL DE ALCOHOL EN LA SANGRE MENOR DE 20 MG/100 ML
Y901;NIVEL DE ALCOHOL EN LA SANGRE DE 20 A 39 MG/100 ML
Y902;NIVEL DE ALCOHOL EN LA SANGRE DE 40 A 59 MG/100 ML
Y903;NIVEL DE ALCOHOL EN LA SANGRE DE 60 A 79 MG/100 ML
Y904;NIVEL DE ALCOHOL EN LA SANGRE DE 80 A 99 MG/100 ML
Y905;NIVEL DE ALCOHOL EN LA SANGRE DE 100 A 119 MG/100 ML
Y906;NIVEL DE ALCOHOL EN LA SANGRE DE 120 A 199 MG/100 ML
Y907;NIVEL DE ALCOHOL EN LA SANGRE DE 200 A 239 MG/100 ML
Y908;NIVEL DE ALCOHOL EN LA SANGRE DE 240 MG/100 ML O MAS
Y909;PRESENCIA DE ALCOHOL EN LA SANGRE, NIVEL NO ESPECIFICADO
Y91;EVIDENCIA DE ALCOHOLISMO DETERMINADA POR EL NIVEL DE INTOXICACION
Y910;INTOXICACION ALCOHOLICA LEVE
Y911;INTOXICACION ALCOHOLICA MODERADA
Y912;INTOXICACION ALCOHOLICA SEVERA
Y913;INTOXICACION ALCOHOLICA MUY SEVERA
Y919;ALCOHOLISMO, NIVEL DE INTOXICACION NO ESPECIFICADO
Y95X;AFECCION NOSOCOMIAL
Y96X;AFECCION RELACIONADA CON EL TRABAJO
Y97X;AFECCION RELACIONADA CON LA CONTAMINACION AMBIENTAL
Y98X;AFECCION RELACIONADA CON EL ESTILO DE VIDA
